timestamp,x,y,z,temperature
8080000,-0.002849396,-0.015153681,-0.000126335,-7.21E-21
8180000,0.00445005,0.001279616,0.001245873,12.404602
8280000,-0.009461507,0.005401235,0.003215112,-7.21E-21
8380000,-0.003232026,-0.002679807,-0.008516002,-7.21E-21
8480000,0.00134324,-0.009830509,-0.00368965,-7.21E-21
8580000,0.003153489,-0.006301643,0.008506836,-7.21E-21
8680000,0.002138166,0.000838061,0.007335019,-7.21E-21
8780000,0.054592237,-0.034820855,0.1686012,12.404602
8880000,0.2187475,-0.0379749,0.28487965,-7.21E-21
8980000,0.33550102,-0.009194139,0.013008301,-7.21E-21
9080000,0.33452228,-0.040786844,-0.21231808,-7.21E-21
9180000,0.28306934,-0.03008158,-0.22473702,-7.21E-21
9280000,0.23567532,-0.004267199,0.02223813,-7.21E-21
9380000,0.21178836,0.12245237,0.17396577,12.404358
9480000,0.16978677,0.23358616,0.09588719,-7.21E-21
9580000,0.12015613,0.21652251,0.004148183,-7.21E-21
9680000,0.09219747,0.15138768,-0.00805816,-7.21E-21
9780000,0.0801021,0.14027902,0.04383796,-7.21E-21
9880000,0.060421184,0.17495646,0.10200019,-7.21E-21
9980000,0.049376637,0.17739782,0.09675407,12.399841
10080000,0.03962393,0.18176202,0.07000705,-7.21E-21
10180000,0.030267645,0.17381755,0.047835145,-7.21E-21
10280000,0.017870918,0.16183466,0.049226552,-7.21E-21
10380000,0.00351595,0.17945544,0.0557162,-7.21E-21
10480000,0.00963674,0.18604754,0.07643906,-7.21E-21
10580000,0.005729955,0.19430648,0.071583584,12.386871
10680000,0.001060594,0.19598117,0.059842918,-7.21E-21
10780000,-0.01460136,0.21211354,0.054490406,-7.21E-21
10880000,-0.008223143,0.20267923,0.05813438,-7.21E-21
10980000,-0.01741287,0.21001823,0.05927057,-7.21E-21
11080000,-0.35916764,0.17646876,0.05793635,-7.21E-21
11180000,-0.53692776,0.13417101,0.016089963,12.3654785
11280000,-0.53039896,0.07667354,-0.002950794,-7.21E-21
11380000,-0.48731863,0.049477447,-0.009641088,-7.21E-21
11480000,-0.43460697,0.048218764,-0.029068224,-7.21E-21
11580000,-0.36455882,0.041178387,-0.03710857,-7.21E-21
11680000,-0.3036721,0.036241144,-0.05934143,-7.21E-21
11780000,-0.32678336,0.057000574,-0.0609702,12.337219
11880000,-0.44482464,0.108063646,0.001121662,-7.21E-21
11980000,-0.36954665,0.035724163,-0.023830166,-7.21E-21
12080000,-0.29034492,-0.06324127,-0.085720815,-7.21E-21
12180000,-0.20239396,-0.1257487,-0.14259027,-7.21E-21
12280000,-0.13373579,-0.13235624,-0.16498168,-7.21E-21
12380000,-0.08672134,-0.09338057,-0.15513225,12.307831
12480000,-0.041846886,-0.047209706,-0.13718478,-7.21E-21
12580000,-0.020994622,-0.04249138,-0.11512306,-7.21E-21
12680000,0.007846762,-0.029164268,-0.10342406,-7.21E-21
12780000,0.021966375,-0.023653649,-0.1248937,-7.21E-21
12884000,0.04632111,-0.019530686,-0.14298454,12.286774
12984000,0.05422319,-0.023601983,-0.13416713,12.283051
13083999,0.08001929,-0.007748043,-0.12998027,-7.21E-21
13184000,0.085166864,-0.001208209,-0.11276473,-7.21E-21
13288000,0.091188796,-0.010805529,-0.10441244,-7.21E-21
13388000,0.10098091,-0.006135171,-0.09338305,12.267822
13488000,0.1141326,-0.00336384,-0.09453369,-7.21E-21
13588000,0.12024363,0.003439579,-0.1041629,-7.21E-21
13688000,0.12302537,-0.004600682,-0.08210206,-7.21E-21
13788000,0.123588555,0.005731062,-0.087642595,-7.21E-21
13888000,0.13380212,-0.001794861,-0.07638661,-7.21E-21
13988000,0.13957486,0.002417137,-0.06599902,12.2465515
14088000,0.14432228,-0.000954022,-0.06863423,-7.21E-21
14188000,0.14002118,-0.003486962,-0.052985556,-7.21E-21
14288000,0.13193603,0.000633398,-0.047554165,-7.21E-21
14388000,0.1180608,-0.004993639,-0.05307502,-7.21E-21
14488000,0.1321836,-0.013877354,-0.03495333,-7.21E-21
14588000,0.120191984,-0.007480149,-0.032211915,12.226074
14688000,0.10791728,-0.005672472,-0.026863225,-7.21E-21
14788000,0.117026426,-0.000693572,-0.029688485,-7.21E-21
14888000,0.10926635,-0.009911953,-0.024613358,-7.21E-21
14988000,0.11174592,-0.01763088,-0.019325083,-7.21E-21
15088000,0.08767359,-0.010120904,-0.005660606,-7.21E-21
15188000,0.09204468,-0.007937043,-0.001716961,12.206085
15288000,0.0922821,-0.007505453,-0.001838103,-7.21E-21
15388000,0.07041613,-0.006576924,0.000234946,-7.21E-21
15488000,0.06803542,-0.013837822,0.011742991,-7.21E-21
15588000,0.06751971,-0.010162892,0.006002672,-7.21E-21
15688000,0.05935114,-0.011041618,0.011313467,-7.21E-21
15788000,0.051938962,-0.009387208,0.01593629,12.186401
15888000,0.032724537,-0.013620188,0.018177304,12.183289
15988000,0.030313995,-0.012859284,0.013841744,-7.21E-21
16088000,0.024569375,-0.004698961,0.03729284,-7.21E-21
16188000,0.023522906,-0.012173524,0.025157224,-7.21E-21
16288000,0.007924087,-0.009299133,0.017637776,-7.21E-21
16388000,0.004926467,-0.001483816,0.016420292,12.167053
16488000,-0.001843313,-0.013438482,0.010709334,-7.21E-21
16588000,0.009326521,-0.014485065,0.02156064,-7.21E-21
16688000,-0.008817297,-0.009358604,0.018412935,-7.21E-21
16788000,-0.017081905,-0.0029505,0.019728135,-7.21E-21
16888000,-0.021212501,-0.016503224,0.020162432,-7.21E-21
16988000,-0.011125999,-0.014548627,0.026409728,12.148224
17088000,-0.01276934,-0.014192755,0.019073537,-7.21E-21
17188000,-0.017968899,-0.0168694,0.011139404,-7.21E-21
17288000,-0.010948332,-0.023276256,0.00724138,-7.21E-21
17388000,-0.008108441,-0.010710269,0.013453722,-7.21E-21
17488000,-0.01436959,-0.005124814,0.025324788,-7.21E-21
17588000,-0.029082002,-0.015386942,0.016333062,12.129852
17688000,-0.017305378,-0.011462342,0.01669357,-7.21E-21
17788000,-0.01393752,-0.008789171,0.015667617,-7.21E-21
17888000,-0.01879896,-0.015875405,0.013266685,-7.21E-21
17988000,-0.024639813,-0.017796462,0.013612921,-7.21E-21
18088000,-0.03185821,-0.006128057,0.001794655,-7.21E-21
18188000,-0.011302953,0.001020507,0.005323298,12.111847
18288000,-0.005279118,-0.006220026,0.005586282,-7.21E-21
18388000,-0.007431274,-0.005783407,0.017768297,-7.21E-21
18488000,-0.013769864,-0.00896742,0.003493186,-7.21E-21
18588000,-0.011835697,-0.002423842,0.005096181,-7.21E-21
18688000,-0.030941147,-0.000445135,0.001299084,-7.21E-21
18788000,-0.015188191,-0.011501011,0.004853447,12.094116
18888000,-0.002391385,0.000440343,0.013393047,12.091278
18988000,-0.008528828,0.005790597,0.00910817,-7.21E-21
19088000,-0.003634107,-0.013619934,0.006453945,-7.21E-21
19188000,-0.019929167,-0.006762285,0.000473815,-7.21E-21
19288000,-0.01000963,-0.001319521,0.005566644,-7.21E-21
19388000,-0.001939877,-0.008092966,0.007552605,12.076508
19488000,-0.009043763,0.006342026,0.000145909,-7.21E-21
19588000,-0.007805558,-0.011769254,0.009003744,-7.21E-21
19688000,0.005059763,-0.004313468,0.005774202,-7.21E-21
19788000,-0.002175147,-0.008709978,-0.00178743,-7.21E-21
19888000,-0.02099621,-0.048235226,0.001024558,-7.21E-21
19988000,-0.063789904,-0.08910352,-0.00959104,12.059082
20088000,-0.068931274,-0.12437873,-0.006247892,-7.21E-21
20188000,-0.07118248,-0.16051616,-0.018705396,-7.21E-21
20288000,-0.05373722,-0.18901338,-0.016214062,-7.21E-21
20388000,-0.0569238,-0.20639904,-0.016664257,-7.21E-21
20488000,-0.045213442,-0.19668269,-0.017494274,-7.21E-21
20588000,-0.049168497,-0.18991284,-0.014103273,12.045258
20688000,-0.02799044,-0.17991793,-0.021864908,-7.21E-21
20788000,-0.033154942,-0.18084043,-0.029629476,-7.21E-21
20888000,-0.02889064,-0.17492373,-0.03428087,-7.21E-21
20988000,-0.02570912,-0.17696019,-0.028171273,-7.21E-21
21088000,-0.09656871,-0.14149348,-0.020767855,-7.21E-21
21188000,-0.23589122,-0.044302255,-0.027174592,12.039703
21288000,-0.40720448,0.048798405,-0.035920464,-7.21E-21
21388000,-0.56888056,0.12666377,-0.077799745,-7.21E-21
21488000,-0.7101861,0.1722868,-0.11815489,-7.21E-21
21588000,-0.69136316,0.19684967,-0.15013713,-7.21E-21
21688000,-0.640086,0.19744794,-0.18186006,-7.21E-21
21788000,-0.5750469,0.2006602,-0.1860605,12.036926
21888000,-0.5070467,0.22454348,-0.20373456,-7.21E-21
21988000,-0.43992087,0.2578649,-0.2332482,-7.21E-21
22088000,-0.38413924,0.26813927,-0.25571695,-7.21E-21
22188000,-0.32613578,0.2914493,-0.26397493,-7.21E-21
22288000,-0.26755014,0.30201754,-0.27966455,-7.21E-21
22388000,-0.21343593,0.32394817,-0.2824955,12.029236
22488000,-0.15385792,0.33194867,-0.30112118,-7.21E-21
22588000,-0.11380233,0.34748828,-0.301179,-7.21E-21
22688000,-0.07414189,0.35346782,-0.32317203,-7.21E-21
22788000,-0.025576768,0.37043858,-0.33608258,-7.21E-21
22888000,0.003392735,0.39472967,-0.3416323,-7.21E-21
22988000,0.03860282,0.40133324,-0.3425558,-7.21E-21
23088000,0.058915865,0.4295572,-0.37435353,-7.21E-21
23188000,0.09123989,0.43473122,-0.37879077,-7.21E-21
23288000,0.119771965,0.44120815,-0.399916,-7.21E-21
23388000,0.14750768,0.44636995,-0.41247627,-7.21E-21
23488000,0.17135076,0.43813166,-0.4091696,-7.21E-21
23588000,0.20256887,0.43787163,-0.42033994,12.00473
23688000,0.22713533,0.4222726,-0.41355664,-7.21E-21
23788000,0.24708281,0.40372512,-0.40484893,-7.21E-21
23888000,0.27208543,0.38118988,-0.38985118,-7.21E-21
23988000,0.29652774,0.34925056,-0.37531987,-7.21E-21
24088000,0.34232387,0.32392216,-0.3556775,-7.21E-21
24188000,0.34979254,0.2894768,-0.32455397,11.988892
24288000,0.3826461,0.268377,-0.31104368,-7.21E-21
24388000,0.40366212,0.24147263,-0.29225808,-7.21E-21
24488000,0.4106314,0.21443677,-0.27033344,-7.21E-21
24588000,0.4238762,0.18054366,-0.24399176,-7.21E-21
24688000,0.42468166,0.14056216,-0.24668306,-7.21E-21
24788000,0.44345072,0.13380116,-0.227217,11.971588
24888000,0.4419784,0.11735677,-0.19995806,-7.21E-21
24988000,0.44176638,0.09084882,-0.1790506,-7.21E-21
25088000,0.43201897,0.078502096,-0.16115582,-7.21E-21
25188000,0.41780493,0.07123275,-0.14868663,-7.21E-21
25288000,0.39817134,0.06501868,-0.11554945,-7.21E-21
25388000,0.39788723,0.056865893,-0.09239361,-7.21E-21
25488000,0.36888295,0.049050353,-0.09365959,-7.21E-21
25588000,0.34962463,0.033238158,-0.06938014,-7.21E-21
25688000,0.32519996,0.03986032,-0.05813619,-7.21E-21
25788000,0.31114534,0.03368861,-0.03712993,-7.21E-21
25888000,0.2957249,0.030929124,-0.022927172,-7.21E-21
25988000,0.26216996,0.030674243,-0.013251845,11.933136
26088000,0.24811833,0.014422541,-0.004958267,-7.21E-21
26188000,0.21285848,0.011479075,0.01614609,-7.21E-21
26288000,0.18686631,0.010768926,0.022137998,-7.21E-21
26388000,0.16083932,0.005015963,0.021846198,-7.21E-21
26488000,0.1369503,0.008464791,0.036110632,-7.21E-21
26588000,0.099826515,0.00627089,0.039116215,11.911896
26688000,0.09679207,0.006247306,0.056009173,-7.21E-21
26788000,0.06927324,-0.004329476,0.042577792,-7.21E-21
26888000,0.046509843,-0.000831902,0.049988706,-7.21E-21
26988000,0.0459953,-0.005170725,0.046907984,-7.21E-21
27088000,-0.09373127,-0.011555778,0.053781178,-7.21E-21
27188000,-0.29528967,-0.003088541,0.04571914,-7.21E-21
27288000,-0.3702917,-0.009394988,0.012217714,-7.21E-21
27388000,-0.40664762,-0.019369205,0.003651568,-7.21E-21
27488000,-0.40552938,-0.02928841,-0.008048266,-7.21E-21
27588000,-0.41915995,-0.024559734,-0.01938435,-7.21E-21
27688000,-0.41490725,-0.0219047,-0.052365087,-7.21E-21
27788000,-0.41143572,-0.013941173,-0.06808472,11.869019
27888000,-0.40333936,0.001595018,-0.09477688,-7.21E-21
27988000,-0.38796324,0.006008543,-0.10788672,-7.21E-21
28088000,-0.3759151,0.014977127,-0.13629171,-7.21E-21
28188000,-0.35746667,0.030832931,-0.14962196,-7.21E-21
28288000,-0.3490725,0.04441189,-0.17466062,-7.21E-21
28388000,-0.3171004,0.06641783,-0.17033279,11.848846
28488000,-0.29798144,0.07809012,-0.19342019,-7.21E-21
28588000,-0.27037975,0.09482293,-0.20989953,-7.21E-21
28688000,-0.24865538,0.11132133,-0.21398629,-7.21E-21
28792000,-0.22059387,0.13484943,-0.23586524,-7.21E-21
28892000,-0.18614642,0.14123301,-0.24347909,11.832794
28996000,-0.16483623,0.15559776,-0.25970674,-7.21E-21
29096000,-0.12554497,0.18458994,-0.2638701,-7.21E-21
29200000,-0.039718367,0.19823213,-0.27258024,-7.21E-21
29304000,0.19776584,0.20229217,-0.27116838,-7.21E-21
29404000,0.39363894,0.14303178,-0.2503134,-7.21E-21
29508000,0.5640113,0.09330642,-0.22607481,-7.21E-21
29612000,0.71235365,0.079282284,-0.20027533,-7.21E-21
29712000,0.85197204,0.06967543,-0.17110334,-7.21E-21
29816000,0.97816724,0.113114096,-0.14815398,-7.21E-21
29920000,1.1135548,0.11870649,-0.10715468,-7.21E-21
30020000,1.1897365,0.07584724,-0.05392806,11.798737
30124000,1.2286321,0.026958214,0.01744793,-7.21E-21
30228000,1.2658712,0.042624835,0.09650953,-7.21E-21
30328000,1.1573716,0.07410304,0.17657337,-7.21E-21
30428000,1.0073191,0.11836782,0.21413222,-7.21E-21
30528000,0.82196057,0.1911449,0.24933575,-7.21E-21
30628000,0.6724341,0.24450937,0.28167588,-7.21E-21
30728000,0.52487814,0.2963409,0.32170692,-7.21E-21
30828000,0.4218392,0.34964976,0.33383963,-7.21E-21
30928000,0.30813316,0.3877802,0.36450595,-7.21E-21
31028000,0.22293612,0.41053426,0.38513356,11.764099
31128000,0.103976496,0.3789107,0.37812895,-7.21E-21
31228000,0.01661584,0.34382477,0.3744745,-7.21E-21
31328000,-0.045216743,0.29798174,0.3844783,-7.21E-21
31428000,-0.0860591,0.27243128,0.3869692,-7.21E-21
31528000,-0.10448229,0.23466459,0.3921491,-7.21E-21
31628000,-0.114390194,0.21666557,0.41412482,-7.21E-21
31728000,-0.10857017,0.20837636,0.42076963,-7.21E-21
31828000,-0.107811466,0.21064839,0.43446112,-7.21E-21
31928000,-0.10832834,0.21931708,0.4231717,-7.21E-21
32028000,-0.10611441,0.2184822,0.4241365,-7.21E-21
32128000,-0.10032954,0.22179407,0.41518864,-7.21E-21
32228000,-0.0975957,0.20957544,0.41681036,11.731689
32328000,-0.0833394,0.22005966,0.4211836,-7.21E-21
32428000,-0.079701565,0.21966729,0.43153027,-7.21E-21
32528000,-0.07899397,0.23118232,0.42784664,-7.21E-21
32628000,-0.06465983,0.24158819,0.44206885,-7.21E-21
32728000,-0.054383676,0.2575321,0.44579828,-7.21E-21
32828000,-0.046445694,0.26406685,0.45222458,11.727264
32928000,-0.04838146,0.28615326,0.45705763,-7.21E-21
33028000,-0.03393419,0.30313227,0.46186832,-7.21E-21
33128000,-0.035045624,0.3243767,0.45972106,-7.21E-21
33228000,-0.0428155,0.34136888,0.47308344,-7.21E-21
33328000,-0.044482186,0.34309077,0.46758315,-7.21E-21
33428000,-0.042214252,0.3637166,0.47301787,11.729187
33528000,-0.047721703,0.38234282,0.4704626,11.729919
33628000,-0.05404294,0.3839117,0.4691,-7.21E-21
33728000,-0.07875443,0.39400154,0.45401442,-7.21E-21
33828000,-0.0913432,0.3808604,0.45483288,-7.21E-21
33928000,-0.10372197,0.36547825,0.44067985,-7.21E-21
34028000,-0.13277593,0.36170307,0.42363122,11.734772
34128000,-0.15888233,0.3428485,0.4012716,-7.21E-21
34228000,-0.17952208,0.31946725,0.3979961,-7.21E-21
34328000,-0.20734027,0.3043124,0.37493506,-7.21E-21
34428000,-0.23901184,0.2719077,0.36535403,-7.21E-21
34528000,-0.26028556,0.24616782,0.3502845,-7.21E-21
34628000,-0.28615507,0.22460574,0.33018816,11.741821
34728000,-0.31382513,0.19761929,0.30850855,-7.21E-21
34828000,-0.34527758,0.18761471,0.3007817,-7.21E-21
34928000,-0.3652734,0.17178012,0.26629704,-7.21E-21
35028000,-0.37002042,0.15034781,0.24809577,-7.21E-21
35128000,-0.38653007,0.12655494,0.22353815,-7.21E-21
35228000,-0.406753,0.1115006,0.20981297,11.748901
35328000,-0.40113258,0.09795916,0.18980406,-7.21E-21
35428000,-0.40608966,0.0922213,0.14958188,-7.21E-21
35528000,-0.40874532,0.08064866,0.13989435,-7.21E-21
35628000,-0.39905375,0.075645335,0.1222074,-7.21E-21
35728000,-0.39478362,0.074679375,0.09148382,-7.21E-21
35828000,-0.38015047,0.07078288,0.0817293,11.754608
35928000,-0.3726527,0.05884417,0.055460345,-7.21E-21
36028000,-0.34045413,0.04790987,0.031191263,-7.21E-21
36128000,-0.32509857,0.042561684,0.001836537,-7.21E-21
36228000,-0.3003892,0.037088014,-0.015209493,-7.21E-21
36328000,-0.2845943,0.034666993,-0.016769372,-7.21E-21
36428000,-0.24433024,0.030896494,-0.029959567,11.757935
36528000,-0.23510888,0.03542051,-0.045609605,-7.21E-21
36628000,-0.20892838,0.025882987,-0.06637651,-7.21E-21
36728000,-0.18688266,0.028855713,-0.067558736,-7.21E-21
36828000,-0.16381876,0.031320505,-0.07902201,-7.21E-21
36928000,-0.13520426,0.024402743,-0.09853392,-7.21E-21
37028000,-0.10341777,0.022220964,-0.094778456,11.759552
37128000,-0.08106623,0.03765963,-0.10278253,-7.21E-21
37228000,-0.07162582,0.017066978,-0.098858654,-7.21E-21
37328000,-0.04667502,0.035380747,-0.10480297,-7.21E-21
37428000,-0.028674668,0.029813714,-0.10649184,-7.21E-21
37528000,-0.020273788,0.034802888,-0.10689203,-7.21E-21
37628000,-0.001858914,0.03215525,-0.11172655,11.760223
37728000,0.000116687,0.036936555,-0.10572814,-7.21E-21
37828000,0.023174768,0.02539571,-0.110644065,-7.21E-21
37928000,0.029770482,0.020608062,-0.106551506,-7.21E-21
38028000,0.039214954,0.024602158,-0.09628715,-7.21E-21
38128000,0.044103708,0.019104285,-0.095950246,-7.21E-21
38228000,0.06185658,0.00872371,-0.08786435,11.760315
38328000,0.057755906,0.021442708,-0.088997625,-7.21E-21
38428000,0.060198072,0.015377779,-0.08767056,-7.21E-21
38528000,0.076365,0.004182147,-0.08103251,-7.21E-21
38628000,0.07461288,0.014835715,-0.07790329,-7.21E-21
38728000,0.06664838,0.011285162,-0.07451122,-7.21E-21
38828000,0.0772957,0.006641551,-0.07747749,11.760162
38928000,0.07746508,-0.006185877,-0.065784216,-7.21E-21
39028000,0.0642151,0.005053019,-0.061370227,-7.21E-21
39128000,0.07001587,-0.001616675,-0.054025356,-7.21E-21
39228000,0.07463686,0.006239599,-0.046954777,-7.21E-21
39328000,0.07447165,0.003554146,-0.04841505,-7.21E-21
39428000,0.072004534,-0.003183528,-0.042930428,11.759796
39528000,0.06917792,-0.003584072,-0.04143663,-7.21E-21
39628000,0.06980059,0.002934686,-0.027270837,-7.21E-21
39728000,0.060613297,-0.002125992,-0.032379717,-7.21E-21
39828000,0.061868407,-0.008522059,-0.02619287,-7.21E-21
39928000,0.059582632,0.006859151,-0.028494136,-7.21E-21
40028000,0.053371035,0.003368479,-0.003033063,11.759338
40128000,0.0562201,-0.003902185,-0.014601368,-7.21E-21
40228000,0.049774557,0.00161068,-0.021351386,-7.21E-21
40328000,0.04442076,-0.012853942,-0.008260815,-7.21E-21
40428000,0.049130157,-0.011255269,-0.004083104,-7.21E-21
40528000,0.03342671,-0.009113856,-0.011708369,-7.21E-21
40628000,0.039121818,-0.010540659,-0.006821761,11.75885
40728000,0.024540335,-0.003059737,-0.001969952,-7.21E-21
40828000,0.019336263,0.001518295,-0.006082911,-7.21E-21
40928000,0.022641176,-0.001035519,0.004216933,-7.21E-21
41028000,0.024018386,-0.008857729,0.004048779,-7.21E-21
41128000,0.00900595,-0.009031063,0.007554716,-7.21E-21
41228000,0.00903434,-0.012791337,-0.001791937,11.758362
41328000,0.011978096,-0.019185117,0.006500606,-7.21E-21
41428000,0.001758996,-0.000838009,0.006963075,-7.21E-21
41524000,-0.001379076,0.003183315,-0.002465673,-7.21E-21
41628000,0.01007547,0.001689772,0.006404605,-7.21E-21
41728000,-0.00111241,-0.01349145,0.000149002,-7.21E-21
41828000,-0.002133251,-0.013700522,-0.002455072,11.757965
41928000,0.004977534,-0.004125538,0.001869063,-7.21E-21
42028000,-0.007373625,-0.008485518,0.005512851,-7.21E-21
42128000,0.005025473,-0.008922629,-0.001919671,-7.21E-21
42228000,-0.002434325,-0.00951859,0.009377943,-7.21E-21
42328000,-0.013451667,0.003434273,0.00975777,-7.21E-21
42428000,0.006103624,-0.001361099,0.003980788,11.757599
42528000,-0.012466587,-0.004773447,0.00516222,-7.21E-21
42628000,-0.004385425,-0.006081313,0.007109305,-7.21E-21
42728000,0.001428099,-0.001126284,0.000663312,-7.21E-21
42828000,-0.011713286,-0.009625967,0.009034429,-7.21E-21
42928000,-0.011999787,-0.009935471,-0.006252058,-7.21E-21
43028000,-0.015251606,0.000870214,0.006466259,11.757324
43128000,-0.000563496,-0.005574994,0.010451803,-7.21E-21
43228000,0.006742432,-0.004238092,-0.002356,-7.21E-21
43328000,0.007912952,-0.013617194,-0.002897637,-7.21E-21
43428000,0.015535463,-0.001960292,0.008870706,-7.21E-21
43528000,0.014396652,-0.007619876,-0.003429559,-7.21E-21
43628000,0.003098379,-0.010326312,0.003442718,11.75708
43728000,0.008021981,0.001754771,0.00779528,-7.21E-21
43828000,0.006220122,-0.007666185,0.006528467,-7.21E-21
43928000,0.001485174,-0.004455115,0.002874113,-7.21E-21
44028000,0.005202157,-0.007524907,0.01083388,-7.21E-21
44128000,-0.00694998,-0.00632387,0.008137475,-7.21E-21
44228000,0.004230664,-0.007674072,0.000604073,11.756897
44328000,-0.005332447,-0.003194886,0.009503949,-7.21E-21
44428000,-0.000182578,-0.007194138,0.00047987,-7.21E-21
44528000,0.006289882,-0.008356978,-0.003942793,-7.21E-21
44628000,-0.001549047,-0.003507128,0.003582978,-7.21E-21
44728000,0.000984225,-0.014859287,-0.009379423,-7.21E-21
44828000,-0.006361374,0.001180939,0.00918334,11.756744
44928000,-0.009955932,-0.005863358,0.006098066,-7.21E-21
45028000,0.010712432,-0.001019925,0.01142897,-7.21E-21
45128000,-0.007187759,0.001213391,0.005094337,-7.21E-21
45228000,-0.005512159,-0.016783038,0.007499696,-7.21E-21
45328000,0.001402874,0.004988986,0.001077854,-7.21E-21
45428000,-0.004799398,-0.008621015,0.009371143,11.756592
45528000,-0.003150476,-0.007589233,0.004208684,-7.21E-21
45628000,-0.008689658,-0.000881354,-0.001127191,-7.21E-21
45728000,-0.00597395,-0.006837459,0.002966904,-7.21E-21
45828000,-0.019011142,0.003357803,-0.00248949,-7.21E-21
45928000,-0.012608779,0.004268248,0.002177062,-7.21E-21
46028000,-0.013674477,-0.007569592,0.000985175,11.756409
46128000,-0.01795081,-0.008215697,0.003587305,-7.21E-21
46228000,-0.006750659,0.002890839,-0.004286636,-7.21E-21
46328000,-0.01919517,-0.006128297,-0.002431366,-7.21E-21
46428000,0.004868785,-0.006232339,-0.006666994,-7.21E-21
46528000,-0.015370497,-0.001639489,-0.000606653,-7.21E-21
46628000,-0.001607314,0.002214052,-0.005437252,11.756226
46728000,-0.001779122,-0.005075924,-0.007498548,-7.21E-21
46828000,-0.000302948,-0.005749977,-0.013630428,-7.21E-21
46928000,0.000592143,-0.007325123,-0.005993395,-7.21E-21
47028000,-0.00394287,-0.004829474,-0.005350584,-7.21E-21
47128000,-0.007866283,-0.002490379,-0.010557401,-7.21E-21
47228000,0.002303125,-0.001636134,0.00246245,11.7560425
47328000,0.001718803,-0.011494127,-0.010105332,-7.21E-21
47428000,0.003142348,0.007417845,-0.004128992,-7.21E-21
47528000,0.010566627,-0.013251517,0.002161793,-7.21E-21
47628000,0.12795733,-0.067144446,0.003121092,-7.21E-21
47728000,0.3124785,-0.12539294,0.01482485,-7.21E-21
47828000,0.5898308,-0.063608676,0.04184746,11.755951
47928000,0.8035795,0.07862404,0.08185813,-7.21E-21
48028000,0.9040515,0.1899801,0.11433553,-7.21E-21
48128000,0.83154577,0.20689568,0.14509684,-7.21E-21
48228000,0.7324547,0.16708915,0.19032702,-7.21E-21
48328000,0.6409796,0.18189023,0.24171029,-7.21E-21
48428000,0.55658036,0.21502951,0.28205854,11.755585
48528000,0.471994,0.24836598,0.3003956,-7.21E-21
48628000,0.39546567,0.28821093,0.30271605,-7.21E-21
48728000,0.32507494,0.3176283,0.3047837,-7.21E-21
48828000,0.2594167,0.31805098,0.3062501,-7.21E-21
48928000,0.19764112,0.31635335,0.32383835,-7.21E-21
49028000,0.13494,0.31732833,0.3552049,11.752563
49128000,0.08768412,0.31385395,0.37446353,-7.21E-21
49228000,0.032358475,0.34298277,0.40084097,-7.21E-21
49328000,-0.008175424,0.33975884,0.40110672,-7.21E-21
49428000,-0.03661561,0.3404435,0.40418074,-7.21E-21
49528000,-0.07620477,0.31541118,0.38715285,-7.21E-21
49628000,-0.0921569,0.29822615,0.38663644,11.749542
49728000,-0.11427191,0.2712202,0.38777375,-7.21E-21
49828000,-0.1245431,0.22254698,0.39524698,-7.21E-21
49928000,-0.1454373,0.19979012,0.41133952,-7.21E-21
50028000,-0.14657106,0.1757815,0.40282515,-7.21E-21
50128000,-0.14724287,0.18063146,0.404871,-7.21E-21
50228000,-0.15581338,0.15749364,0.3951651,11.749115
50328000,-0.15819542,0.13204812,0.3880854,-7.21E-21
50428000,-0.15376899,0.12975934,0.3758583,-7.21E-21
50528000,-0.15339352,0.10686736,0.37558106,-7.21E-21
50628000,-0.15114035,0.11272221,0.37536806,-7.21E-21
50728000,-0.15267418,0.14695705,0.39078623,-7.21E-21
50828000,-0.15064041,0.08605333,0.36793953,11.753326
50928000,-0.14783533,0.032113176,0.3460182,-7.21E-21
51028000,-0.15769082,0.027199965,0.3434765,-7.21E-21
51128000,-0.15543602,0.03709046,0.3326381,-7.21E-21
51228000,-0.15733804,0.0650817,0.31290483,-7.21E-21
51328000,-0.16561663,0.052131522,0.30709273,-7.21E-21
51428000,-0.16038482,0.059086148,0.29735756,11.762085
51528000,-0.16605128,0.04846825,0.27508882,-7.21E-21
51628000,-0.17366917,0.067194246,0.27170604,-7.21E-21
51728000,-0.17694946,0.11092617,0.2654573,-7.21E-21
51828000,-0.17392726,0.05223964,0.2491312,-7.21E-21
51928000,-0.19038,0.005110982,0.2301471,-7.21E-21
52028000,-0.19345614,-0.00797768,0.21426374,11.774078
52128000,-0.20253956,0.024556654,0.20761839,-7.21E-21
52228000,-0.2126617,0.04398066,0.18926291,-7.21E-21
52328000,-0.21243261,0.054860823,0.18169618,-7.21E-21
52428000,-0.2094747,0.05578652,0.1592884,-7.21E-21
52528000,-0.21000244,0.034431506,0.14214669,-7.21E-21
52628000,-0.20898405,0.053324338,0.1254083,11.787506
52728000,-0.20548774,0.10820745,0.11002047,-7.21E-21
52828000,-0.21322167,0.06495661,0.10487797,-7.21E-21
52928000,-0.20972835,-0.012080811,0.09757557,-7.21E-21
53028000,-0.19861588,-0.068111025,0.08038574,-7.21E-21
53128000,-0.19720322,-0.019992664,0.06658206,-7.21E-21
53228000,-0.19673996,0.014048797,0.054726705,11.800476
53328000,-0.18167947,0.047663163,0.04125844,-7.21E-21
53428000,-0.16943936,0.04421852,0.025769182,-7.21E-21
53528000,-0.15441841,0.025220975,0.01203674,-7.21E-21
53628000,-0.15829434,0.015470243,0.005554461,-7.21E-21
53728000,-0.15581961,0.005605567,0.002120022,-7.21E-21
53828000,-0.14720638,0.023233833,-0.010111498,11.813019
53928000,-0.13237038,0.01280458,-0.010962715,-7.21E-21
54028000,-0.117155775,0.01104618,-0.02188904,-7.21E-21
54128000,-0.10609442,0.016380632,-0.025311394,-7.21E-21
54228000,-0.10460876,0.017890412,-0.028162135,-7.21E-21
54328000,-0.09381425,0.012797762,-0.04409701,-7.21E-21
54428000,-0.080418654,0.01834734,-0.04837759,11.8246155
54528000,-0.06432681,0.01069617,-0.04837561,-7.21E-21
54628000,-0.06764374,0.019115135,-0.053984933,-7.21E-21
54728000,-0.046310622,0.074432716,-0.062378954,-7.21E-21
54828000,-0.042583082,0.088092566,-0.04990404,-7.21E-21
54928000,-0.022012105,-0.002743964,-0.062649876,-7.21E-21
55028000,-0.020273533,-0.08631564,-0.059127357,11.835327
55128000,-0.009819713,-0.09468121,-0.06885731,-7.21E-21
55228000,-0.010710052,-0.04343752,-0.056978974,-7.21E-21
55328000,0.001009797,0.00982906,-0.06433419,-7.21E-21
55428000,0.005164011,0.016741447,-0.05225076,-7.21E-21
55528000,0.01905962,0.024322346,-0.052130185,-7.21E-21
55628000,0.01368594,0.014481477,-0.055242497,11.846069
55728000,0.010163698,0.052786443,-0.067874365,-7.21E-21
55828000,0.018427214,0.07183146,-0.056942515,-7.21E-21
55928000,0.040591557,-0.000714164,-0.053805947,-7.21E-21
56028000,0.032372743,-0.08759768,-0.04798955,-7.21E-21
56128000,0.038424443,-0.100570515,-0.051555227,-7.21E-21
56228000,0.025229705,-0.053012144,-0.054909647,11.856628
56328000,0.024188707,-0.006634112,-0.04347879,-7.21E-21
56428000,0.029535089,0.023401929,-0.034983438,-7.21E-21
56528000,0.028273482,0.01733142,-0.04600655,-7.21E-21
56628000,0.023316905,-0.007384462,-0.041209485,-7.21E-21
56728000,0.030146703,0.049573675,-0.032529958,-7.21E-21
56828000,0.033023383,0.08702537,-0.022973845,11.867889
56928000,0.039700978,0.017159622,-0.031523935,-7.21E-21
57028000,0.04634406,-0.07078515,-0.033879075,-7.21E-21
57128000,0.052757498,-0.11863474,-0.018155536,-7.21E-21
57228000,0.04280585,-0.09054438,-0.022749264,-7.21E-21
57328000,0.038930994,-0.018737737,-0.015522472,-7.21E-21
57428000,0.03392568,0.01757885,-0.022491692,11.878754
57528000,0.037088644,0.03510999,-0.009599089,-7.21E-21
57628000,0.018612573,0.014213754,-0.007150236,-7.21E-21
57728000,0.021878066,0.043226875,-0.013779097,-7.21E-21
57828000,0.02483758,0.09444081,-0.0075063,-7.21E-21
57928000,0.027677154,0.040139012,-5.69E-05,-7.21E-21
58028000,0.03235782,-0.050649296,0.000997113,11.890137
58128000,0.03226053,-0.1058399,0.01261591,-7.21E-21
58228000,0.029199138,-0.11562902,0.004833939,-7.21E-21
58328000,0.025526483,-0.052100793,0.003873639,-7.21E-21
58428000,0.014673436,-0.0119625,0.000417928,-7.21E-21
58528000,0.02530498,0.022484388,0.004857516,-7.21E-21
58628000,0.017949995,0.023140252,0.005930826,11.901398
58728000,0.03059763,0.047056857,0.012014514,-7.21E-21
58828000,0.019209342,0.10173524,0.006840854,-7.21E-21
58928000,0.017349571,0.06964844,0.018660244,-7.21E-21
59028000,0.015047397,-0.030493664,-1.51E-05,-7.21E-21
59128000,0.010948395,-0.10448344,0.009657186,-7.21E-21
59228000,0.016250536,-0.11216329,0.015303759,11.912598
59324000,0.00382479,-0.07837816,0.000315801,11.914398
59428000,0.008477065,-0.023825683,0.015095008,-7.21E-21
59528000,-6.62E-05,0.010934795,0.020078527,-7.21E-21
59628000,-0.004083384,0.019614954,0.015165926,-7.21E-21
59728000,-0.00792935,0.042942137,0.004759407,-7.21E-21
59828000,0.011747977,0.100505516,0.000599326,11.92453
59928000,0.005501878,0.077609986,0.014326423,-7.21E-21
60028000,-0.009457181,-0.029279782,0.011583226,-7.21E-21
60128000,-0.006176799,-0.09389079,0.009773839,-7.21E-21
60228000,-0.006266775,-0.10310204,0.008687102,-7.21E-21
60328000,-0.00115312,-0.07389245,0.009821098,-7.21E-21
60428000,0.006567786,-0.032764543,0.01400003,11.935913
60528000,-0.003303214,0.013232553,0.012368207,-7.21E-21
60628000,-0.011370066,0.016187599,0.005753181,-7.21E-21
60728000,-0.01116887,0.026646221,0.001422948,-7.21E-21
60832000,-0.027353965,0.09237306,0.001841575,-7.21E-21
60936000,-0.020124106,0.082590714,0.008654803,-7.21E-21
61040000,-0.013742332,-0.025719598,0.006663307,-7.21E-21
61144000,-0.013983116,-0.089039326,0.005624307,-7.21E-21
61244000,0.008418137,-0.09040559,0.017736163,11.952087
61344000,0.001827381,-0.083860785,0.013778124,-7.21E-21
61448000,-0.011328919,-0.03283325,0.004178585,-7.21E-21
61547999,-0.012992978,0.00531189,0.004631266,-7.21E-21
61656000,-0.013447907,0.015107214,0.007607608,-7.21E-21
61760000,-0.002149402,0.0481432,-0.000317479,-7.21E-21
61860000,-0.009733715,0.10628211,0.004951335,-7.21E-21
61960000,-0.009299198,0.05736909,0.00806307,-7.21E-21
62064000,-0.008992559,-0.03501764,0.00830164,-7.21E-21
62168000,-0.004682409,-0.09471476,0.000834332,-7.21E-21
62272000,-0.00057061,-0.090459116,-0.001919019,-7.21E-21
62372000,-0.013221313,-0.072087415,-0.001300756,11.97464
62472000,-0.006511068,-0.025040895,0.006527599,-7.21E-21
62576000,-0.008257408,0.005063532,-0.004873584,-7.21E-21
62680000,-0.009808567,0.004180398,0.004959395,-7.21E-21
62784000,-0.003904036,0.047494814,0.001640871,-7.21E-21
62888000,-0.014551456,0.10841386,-0.000658332,-7.21E-21
62988000,-0.001739792,0.051584434,0.002831745,-7.21E-21
63088000,-0.002902478,-0.046368644,-0.00277443,-7.21E-21
63192000,0.000329996,-0.09220603,-0.007925258,-7.21E-21
63296000,0.009303306,-0.07604746,-0.005538192,-7.21E-21
63400000,0.006044029,-0.06241161,-0.008266442,-7.21E-21
63500000,0.011082793,-0.018235534,-0.004133685,11.997681
63600000,0.002184565,0.023668025,-0.000905089,-7.21E-21
63704000,0.002792866,0.015204458,-0.000460737,-7.21E-21
63803999,0.003906382,0.063170545,-0.004591948,-7.21E-21
63904000,-0.005773773,0.101681635,0.004833248,-7.21E-21
64004000,-0.010757576,0.043644514,-0.007151922,12.008362
64104000,0.001423019,-0.040310953,0.00606777,-7.21E-21
64204000,-0.006971285,-0.09339093,-0.004004155,-7.21E-21
64304000,-0.000509798,-0.07434371,0.004010364,-7.21E-21
64404000,0.03968533,0.015570349,-0.005862822,-7.21E-21
64504000,0.19931757,0.082063325,0.001227845,-7.21E-21
64604000,0.39589345,0.14157139,0.027791401,12.020325
64704000,0.58839303,0.15861337,0.05056786,-7.21E-21
64804000,0.72200656,0.1574342,0.09350454,-7.21E-21
64904000,0.71340543,0.15914585,0.12696831,-7.21E-21
65004000,0.6314318,0.13646927,0.15202692,-7.21E-21
65104000,0.54607886,0.15919036,0.17661814,-7.21E-21
65204000,0.4488448,0.16832511,0.20922734,12.029968
65304000,0.36824474,0.18427525,0.22076538,-7.21E-21
65404000,0.293672,0.1875074,0.23825303,-7.21E-21
65504000,0.21149646,0.1946121,0.2418328,-7.21E-21
65604000,0.14588791,0.18934666,0.2499234,-7.21E-21
65704000,0.10212558,0.18415739,0.25130993,-7.21E-21
65804000,0.03157474,0.18701296,0.2590608,12.036133
65904000,-0.017504867,0.16702364,0.24175206,-7.21E-21
66004000,-0.07336493,0.15779872,0.25147983,-7.21E-21
66104000,-0.10551186,0.14051233,0.25445962,-7.21E-21
66204000,-0.14231926,0.12876298,0.25850272,-7.21E-21
66304000,-0.16444872,0.120525554,0.24473569,-7.21E-21
66404000,-0.18846713,0.1078728,0.22908935,12.0407715
66504000,-0.20709965,0.09634044,0.22406612,-7.21E-21
66604000,-0.22242844,0.09191436,0.21054335,-7.21E-21
66704000,-0.23807684,0.08697683,0.20207201,-7.21E-21
66804000,-0.25090647,0.07396415,0.19410303,-7.21E-21
66904000,-0.24832685,0.07052186,0.17169657,-7.21E-21
67004000,-0.25737488,0.06101519,0.15377638,12.04483
67104000,-0.25015867,0.043647606,0.1492071,-7.21E-21
67204000,-0.25130814,0.04112203,0.14143915,-7.21E-21
67304000,-0.23444486,0.028858373,0.11973119,-7.21E-21
67404000,-0.22819689,0.026398215,0.11290473,-7.21E-21
67504000,-0.22715661,0.024610836,0.09990493,-7.21E-21
67604000,-0.21006025,0.016844759,0.07925375,-7.21E-21
67704000,-0.20249607,0.013988947,0.076447584,-7.21E-21
67804000,-0.18792377,0.008087991,0.073188886,-7.21E-21
67904000,-0.18046443,0.000649958,0.05168491,-7.21E-21
68004000,-0.1568796,-0.007439679,0.050043344,-7.21E-21
68104000,-0.15279411,0.010244083,0.039099727,-7.21E-21
68204000,-0.1367595,-0.002463226,0.03060219,12.051147
68304000,-0.11762122,0.007341152,0.022845346,-7.21E-21
68404000,-0.10251595,0.001790068,0.021927819,-7.21E-21
68504000,-0.09429364,-0.006521605,0.003850634,-7.21E-21
68604000,-0.089193314,-0.007485539,-0.000736492,-7.21E-21
68704000,-0.07308634,-0.000805862,0.00677765,-7.21E-21
68804000,-0.0683099,0.002163448,-0.00164937,12.053894
68904000,-0.050891828,-0.000760652,-0.008398509,-7.21E-21
69004000,-0.048247185,-0.008765514,-0.014653756,-7.21E-21
69104000,-0.0373622,-0.006543282,-0.009639137,-7.21E-21
69204000,-0.026567368,-0.001397692,-0.017621478,-7.21E-21
69304000,-0.020905877,0.006243771,-0.009604459,-7.21E-21
69404000,-0.01799289,-0.009573389,-0.027431117,12.056641
69504000,-0.016001552,-0.007298288,-0.01690689,-7.21E-21
69604000,-0.003893758,-0.002520708,-0.02180623,-7.21E-21
69704000,-0.000554021,-0.00303093,-0.027732173,-7.21E-21
69804000,-0.008310276,-0.005344489,-0.02534392,-7.21E-21
69904000,0.005289718,-0.008569168,-0.016709587,-7.21E-21
70004000,-0.001314117,-0.001693551,-0.02181667,12.059326
70104000,0.012530672,-0.009104583,-0.018896958,-7.21E-21
70204000,0.011906825,0.002255024,-0.026157837,-7.21E-21
70304000,0.015989851,0.003633115,-0.014731905,-7.21E-21
70404000,0.024627892,-0.006469741,-0.024690669,-7.21E-21
70504000,0.021354489,-0.005436367,-0.012844155,-7.21E-21
70604000,0.01603098,-0.001416919,-0.018831292,12.061951
70704000,0.01793365,0.008332341,-0.013223692,-7.21E-21
70804000,0.018392107,-0.005476919,-0.005709977,-7.21E-21
70904000,0.01532685,0.00110206,-0.018549886,-7.21E-21
71004000,0.019133454,0.006542176,-0.0129466,-7.21E-21
71104000,0.011941496,0.007809452,0.00357373,-7.21E-21
71204000,0.009923426,0.001006639,-0.010962645,12.064362
71304000,0.019001158,-0.000537908,-0.01390349,-7.21E-21
71404000,0.018253585,0.003760873,0.003849212,-7.21E-21
71504000,0.01024607,0.006251351,-0.00477073,-7.21E-21
71604000,0.012000144,-0.003824802,0.00401966,-7.21E-21
71704000,0.004399898,0.004780968,-0.005130168,-7.21E-21
71804000,0.01812905,0.004343399,-0.008191187,12.066467
71904000,0.006476119,0.005982633,6.72E-05,-7.21E-21
72004000,0.016027497,0.005790041,0.000540305,-7.21E-21
72104000,0.006050566,0.005457308,0.004120058,-7.21E-21
72204000,0.012178075,0.007821973,0.005083134,-7.21E-21
72304000,0.007447159,-0.004729051,-0.007702756,-7.21E-21
72404000,0.004233634,0.007003555,-0.005269612,12.068268
72504000,0.009942674,0.000650295,0.000374367,-7.21E-21
72604000,0.004037257,0.004579076,0.004193419,-7.21E-21
72704000,0.004779731,0.005281707,0.010544633,-7.21E-21
72804000,0.003697218,0.006725376,0.006401439,-7.21E-21
72904000,-0.005674245,0.004670326,0.013964177,-7.21E-21
73004000,-0.002598025,0.000336246,-0.004460214,12.069733
73104000,-0.006155761,-0.003040714,0.002182196,-7.21E-21
73204000,-0.003135643,-0.00725666,0.004907174,-7.21E-21
73304000,-0.001256825,0.005715681,0.003422428,-7.21E-21
73404000,0.00414286,0.000535183,-0.003026153,-7.21E-21
73504000,0.002056458,0.000792549,0.004173392,-7.21E-21
73604000,0.000854434,-0.002617953,-0.001068325,12.070923
73704000,0.002836855,0.003574912,-0.009698798,-7.21E-21
73804000,-0.012356389,-0.003002618,-0.006545016,-7.21E-21
73904000,-0.008878597,-0.00328586,-0.002351256,-7.21E-21
74004000,-0.000831722,-0.00152849,-0.006511047,-7.21E-21
74104000,-0.005266592,0.005657125,0.000647356,-7.21E-21
74204000,-0.003671371,0.00109809,-0.001057393,12.071899
74304000,-0.012705106,-0.001780769,0.00211526,12.072052
74404000,-0.07828665,-0.001719755,0.004399808,-7.21E-21
74504000,-0.1274723,-0.001002136,-0.00944599,-7.21E-21
74604000,-0.18588921,-0.00902223,-0.01999686,-7.21E-21
74704000,-0.21685588,-0.002248563,-0.03830221,-7.21E-21
74804000,-0.24872795,-0.019356867,-0.04354273,12.072723
74904000,-0.29530585,0.001714821,-0.05934669,-7.21E-21
75004000,-0.31606126,0.012279647,-0.075359,-7.21E-21
75104000,-0.33979675,0.008439585,-0.096174076,-7.21E-21
75204000,-0.35113177,0.013305452,-0.1266139,-7.21E-21
75304000,-0.35210636,0.027867287,-0.13891158,-7.21E-21
75404000,-0.36121204,0.035847306,-0.17246978,12.073395
75504000,-0.35247624,0.05395759,-0.18796836,-7.21E-21
75604000,-0.346403,0.06519269,-0.20211363,-7.21E-21
75704000,-0.34903488,0.089271046,-0.23115264,-7.21E-21
75804000,-0.335975,0.10630344,-0.24827416,-7.21E-21
75904000,-0.32820407,0.13147601,-0.27215677,-7.21E-21
76004000,-0.3092586,0.14603207,-0.27815777,12.074036
76104000,-0.28843078,0.15883861,-0.30330738,-7.21E-21
76204000,-0.2769246,0.18695648,-0.31450093,-7.21E-21
76304000,-0.23734057,0.2035696,-0.3216783,-7.21E-21
76404000,-0.21521463,0.22529462,-0.32633007,-7.21E-21
76504000,-0.17674328,0.23378706,-0.33424425,-7.21E-21
76604000,-0.14081502,0.26065874,-0.3400513,12.074493
76704000,-0.10064047,0.2526013,-0.33786938,-7.21E-21
76804000,-0.055449843,0.25622928,-0.34179932,-7.21E-21
76904000,0.007193898,0.24660073,-0.3303242,-7.21E-21
77004000,0.05675435,0.23634128,-0.32966185,-7.21E-21
77104000,0.13350299,0.19689843,-0.30910763,-7.21E-21
77204000,0.18633549,0.17528902,-0.29733485,12.074524
77304000,0.2680614,0.14944172,-0.28944957,-7.21E-21
77404000,0.34914052,0.13912952,-0.2703048,-7.21E-21
77504000,0.42389762,0.09975416,-0.24418661,-7.21E-21
77604000,0.48927277,0.084671274,-0.22750111,-7.21E-21
77704000,0.5509648,0.053641506,-0.2039877,-7.21E-21
77804000,0.59847337,0.059093304,-0.1754659,12.074646
77904000,0.6577181,0.063165605,-0.15102942,-7.21E-21
78004000,0.6682295,0.077898584,-0.113079146,-7.21E-21
78104000,0.69170934,0.034965288,-0.080241285,-7.21E-21
78204000,0.6831457,0.010759989,-0.044073153,-7.21E-21
78304000,0.649154,0.003542217,-0.004279846,-7.21E-21
78404000,0.63048595,-0.010235011,0.039543394,12.074371
78504000,0.6075083,0.009495242,0.06769084,-7.21E-21
78604000,0.56114185,0.021191763,0.108763,-7.21E-21
78704000,0.51275504,0.024463406,0.12675326,-7.21E-21
78804000,0.4741018,0.04248054,0.15157071,-7.21E-21
78904000,0.43320736,0.065280184,0.18259512,-7.21E-21
79004000,0.40324184,0.076287344,0.21278304,12.073395
79104000,0.352537,0.09161458,0.21755825,-7.21E-21
79204000,0.30850548,0.11313143,0.24887235,-7.21E-21
79304000,0.28244075,0.12573496,0.25755906,-7.21E-21
79404000,0.25538123,0.13495901,0.26207522,-7.21E-21
79504000,0.23809695,0.1491644,0.26646298,-7.21E-21
79604000,0.19932656,0.14325866,0.28451326,12.072601
79704000,0.16869026,0.17353764,0.2865056,-7.21E-21
79804000,0.14191885,0.18628022,0.29418012,-7.21E-21
79904000,0.12940587,0.19535935,0.29824787,-7.21E-21
80004000,0.10701548,0.18605962,0.30333838,-7.21E-21
80104000,0.10160243,0.19926862,0.30772766,-7.21E-21
80204000,0.08471096,0.20935911,0.31554598,12.072357
80304000,0.06470003,0.20309047,0.31300318,-7.21E-21
80404000,0.04820312,0.2142795,0.31672034,-7.21E-21
80504000,0.04685189,0.21947485,0.32004124,-7.21E-21
80604000,0.030205151,0.22837631,0.32821307,-7.21E-21
80704000,0.03595365,0.23004222,0.32026893,-7.21E-21
80804000,0.026156394,0.23396143,0.33452708,12.072998
80904000,0.003978964,0.2377663,0.33323595,-7.21E-21
81004000,0.001372434,0.2511902,0.34258,-7.21E-21
81104000,0.00068543,0.25400457,0.33790323,-7.21E-21
81204000,-0.005799516,0.2541116,0.3460932,-7.21E-21
81304000,-0.01909823,0.26452246,0.34782282,-7.21E-21
81404000,-0.028079823,0.2694055,0.35266954,12.074371
81504000,-0.037276097,0.2713356,0.37644002,-7.21E-21
81604000,-0.046449672,0.28706387,0.36143914,-7.21E-21
81704000,-0.0533972,0.29381475,0.36230338,-7.21E-21
81804000,-0.0592926,0.29607,0.3778519,-7.21E-21
81904000,-0.07871725,0.28696463,0.37489453,-7.21E-21
82004000,-0.08458269,0.28748417,0.37046164,12.075775
82104000,-0.09581257,0.2894992,0.36638558,-7.21E-21
82204000,-0.09954387,0.2808129,0.3548265,-7.21E-21
82304000,-0.1111526,0.26492804,0.35195673,-7.21E-21
82404000,-0.11374558,0.26191267,0.3414416,-7.21E-21
82504000,-0.14014983,0.24528441,0.34121525,-7.21E-21
82604000,-0.1340209,0.22139697,0.34516203,12.076324
82704000,-0.13480005,0.20782132,0.3271389,-7.21E-21
82804000,-0.13120353,0.20696603,0.30923682,-7.21E-21
82904000,-0.13459487,0.1915547,0.3077198,-7.21E-21
83004000,-0.13932796,0.18058358,0.29497817,-7.21E-21
83104000,-0.12382519,0.16784887,0.2961628,-7.21E-21
83204000,-0.12046196,0.15301254,0.27947372,12.076172
83304000,-0.11365294,0.14185013,0.2745895,-7.21E-21
83404000,-0.09019844,0.12903601,0.26250923,-7.21E-21
83504000,-0.089931004,0.1229535,0.26598683,-7.21E-21
83604000,-0.090201266,0.12108802,0.24939986,-7.21E-21
83704000,-0.06467006,0.11053198,0.25149658,-7.21E-21
83804000,-0.048491355,0.11115278,0.24588113,12.075989
83904000,-0.050514918,0.10244222,0.25513414,-7.21E-21
84004000,-0.024371944,0.10517069,0.23800299,-7.21E-21
84104000,-0.02044836,0.10822996,0.2429462,-7.21E-21
84204000,-0.030072229,0.09865468,0.23469038,-7.21E-21
84304000,-0.002578246,0.106697746,0.22693619,-7.21E-21
84404000,0.015598364,0.109060824,0.24024345,-7.21E-21
84504000,0.032258995,0.09903141,0.23577547,-7.21E-21
84604000,0.017566081,0.10399836,0.23602319,-7.21E-21
84704000,0.03668913,0.106153816,0.24546222,-7.21E-21
84804000,0.03170322,0.10157577,0.24001797,-7.21E-21
84904000,0.040661182,0.11880275,0.24840595,-7.21E-21
85004000,0.05458243,0.118851505,0.2545037,12.076904
85104000,0.053590044,0.12583618,0.2598104,-7.21E-21
85204000,0.053855702,0.117799275,0.2607995,-7.21E-21
85304000,0.04731449,0.12832423,0.26120338,-7.21E-21
85404000,0.057283413,0.15337342,0.2623009,-7.21E-21
85504000,0.050866738,0.14809686,0.26446363,-7.21E-21
85604000,0.038362633,0.15342794,0.28100327,12.0780945
85704000,0.039602265,0.16908036,0.28921282,-7.21E-21
85804000,0.03192333,0.17653961,0.29466847,-7.21E-21
85904000,0.03619846,0.18029794,0.2942748,-7.21E-21
86004000,0.016047535,0.18521765,0.3037429,-7.21E-21
86104000,0.018249476,0.19534202,0.31256142,-7.21E-21
86204000,0.023408724,0.2046662,0.31008014,12.079346
86304000,0.0202464,0.21785684,0.3097582,-7.21E-21
86404000,0.01305256,0.21810074,0.32417446,-7.21E-21
86504000,-0.010590088,0.219446,0.34074745,-7.21E-21
86604000,-0.001745193,0.21971887,0.32723814,-7.21E-21
86704000,-0.019720802,0.21255015,0.3309335,-7.21E-21
86804000,-0.030024003,0.21418168,0.32747856,12.080048
86904000,-0.040176716,0.21466583,0.33129328,-7.21E-21
87004000,-0.0432117,0.21650739,0.33221537,-7.21E-21
87104000,-0.058770932,0.19555314,0.33246535,-7.21E-21
87204000,-0.058303244,0.20843188,0.32753468,-7.21E-21
87304000,-0.06028491,0.1956368,0.32061553,-7.21E-21
87404000,-0.056986384,0.19971243,0.3163892,12.079895
87504000,-0.07089622,0.19306652,0.3078247,-7.21E-21
87604000,-0.065953046,0.18011479,0.31794953,-7.21E-21
87704000,-0.07730026,0.17501882,0.29235303,-7.21E-21
87804000,-0.07748057,0.16365436,0.29594862,-7.21E-21
87904000,-0.06819312,0.14630832,0.28449237,-7.21E-21
88004000,-0.066420324,0.14411935,0.28033143,12.079285
88104000,-0.06130258,0.14448385,0.27840975,-7.21E-21
88204000,-0.04846943,0.1338768,0.2638401,-7.21E-21
88304000,-0.05061091,0.1297247,0.26011702,-7.21E-21
88404000,-0.04575753,0.12331044,0.25451982,-7.21E-21
88504000,-0.03387634,0.114923894,0.26325747,-7.21E-21
88604000,-0.015137066,0.11822961,0.26499298,12.078918
88704000,-0.01544356,0.11687941,0.2568545,-7.21E-21
88804000,-0.018827476,0.11584576,0.2514575,-7.21E-21
88904000,-0.001941134,0.11075928,0.2611498,-7.21E-21
89004000,0.006717304,0.11512313,0.2484679,-7.21E-21
89104000,0.009281794,0.12575041,0.2579275,-7.21E-21
89204000,0.01690708,0.1168649,0.25646472,12.079163
89304000,0.02508739,0.11842257,0.26029962,-7.21E-21
89404000,0.016653027,0.13067079,0.2613889,-7.21E-21
89504000,0.02123143,0.12479473,0.26294982,-7.21E-21
89604000,0.04360444,0.12013442,0.26336443,-7.21E-21
89704000,0.0351429,0.13072197,0.26363003,-7.21E-21
89804000,0.040692456,0.13072838,0.27187806,12.080109
89904000,0.042741317,0.14881416,0.2660331,-7.21E-21
90004000,0.03883685,0.16111462,0.27281076,-7.21E-21
90104000,0.031734012,0.15664338,0.27862513,-7.21E-21
90204000,0.034874108,0.1569226,0.29098964,-7.21E-21
90304000,0.034523446,0.1647674,0.29377896,-7.21E-21
90404000,0.025537051,0.17024657,0.30033648,-7.21E-21
90504000,0.021948963,0.18572183,0.31543693,-7.21E-21
90604000,0.012304761,0.19321199,0.3075208,-7.21E-21
90704000,0.010495565,0.20056726,0.32128337,-7.21E-21
90804000,0.013664867,0.20985761,0.32933068,-7.21E-21
90904000,0.004698283,0.20308676,0.31756893,-7.21E-21
91004000,0.003420204,0.2236692,0.3205963,12.082764
91104000,-0.002283151,0.21981835,0.33589497,-7.21E-21
91204000,-0.018483888,0.22367842,0.34005103,-7.21E-21
91304000,-0.017728267,0.22130226,0.33226958,-7.21E-21
91404000,-0.0355555,0.22395995,0.33177954,-7.21E-21
91504000,-0.03872532,0.22674987,0.33515403,-7.21E-21
91604000,-0.045439526,0.22528327,0.3368864,12.083252
91704000,-0.05217551,0.21921857,0.33073655,-7.21E-21
91804000,-0.065492235,0.21392238,0.32431084,-7.21E-21
91904000,-0.06382207,0.20382458,0.32237923,-7.21E-21
92004000,-0.07886701,0.19125915,0.31341708,-7.21E-21
92104000,-0.077076584,0.18212147,0.31142035,-7.21E-21
92204000,-0.07863563,0.17765394,0.30617642,12.082855
92304000,-0.08690649,0.16312242,0.30241272,-7.21E-21
92404000,-0.08748732,0.15093653,0.29406247,-7.21E-21
92504000,-0.07509003,0.1494185,0.285921,-7.21E-21
92604000,-0.07579606,0.13718829,0.27021405,-7.21E-21
92704000,-0.06393703,0.13941604,0.27480972,-7.21E-21
92804000,-0.053147234,0.1254608,0.2700428,12.082062
92904000,-0.049806044,0.12640856,0.27899748,-7.21E-21
93004000,-0.045377545,0.120845735,0.25317222,-7.21E-21
93104000,-0.04087612,0.118948326,0.26977932,-7.21E-21
93204000,-0.029889598,0.116821885,0.25097713,-7.21E-21
93304000,-0.023961501,0.11076537,0.24699873,-7.21E-21
93404000,-0.011481581,0.10814281,0.24982788,12.081543
93504000,-0.008441657,0.1084423,0.24806246,-7.21E-21
93604000,-0.007163269,0.11202028,0.24107152,-7.21E-21
93704000,0.012524948,0.105117075,0.24944529,-7.21E-21
93804000,0.012830297,0.103738055,0.24880262,-7.21E-21
93904000,0.020611547,0.111917384,0.24760424,-7.21E-21
94004000,0.017741749,0.113396235,0.2487455,12.0815735
94104000,0.03329607,0.11630096,0.24374612,-7.21E-21
94204000,0.037545107,0.1197393,0.24011964,-7.21E-21
94304000,0.026954634,0.12142764,0.2685212,-7.21E-21
94404000,0.03723951,0.12943551,0.25331485,-7.21E-21
94504000,0.031352904,0.12817147,0.25994274,-7.21E-21
94604000,0.03892862,0.13769436,0.26287505,12.082245
94704000,0.03270536,0.15256704,0.26664665,-7.21E-21
94804000,0.028142694,0.15170649,0.2724572,-7.21E-21
94904000,0.028140288,0.15537073,0.2702399,-7.21E-21
95004000,0.01730159,0.1590701,0.28220403,-7.21E-21
95104000,0.031908125,0.16485871,0.29856342,-7.21E-21
95204000,0.037473433,0.17145564,0.30565938,12.083252
95304000,0.020195153,0.18177752,0.2880863,-7.21E-21
95404000,0.015911365,0.19824903,0.31054375,-7.21E-21
95504000,0.012204158,0.20028943,0.31703946,-7.21E-21
95604000,0.001878593,0.21249723,0.31914878,-7.21E-21
95704000,-0.008641818,0.20701705,0.31778803,-7.21E-21
95804000,-0.008933231,0.21348763,0.33157253,12.084045
95904000,-0.016734391,0.22195636,0.34009886,-7.21E-21
96004000,-0.019387666,0.21421678,0.3309642,-7.21E-21
96104000,-0.030288693,0.219181,0.34019044,-7.21E-21
96204000,-0.038596332,0.21540949,0.3354846,-7.21E-21
96304000,-0.047990616,0.20994724,0.33363104,-7.21E-21
96404000,-0.048339836,0.20873849,0.32614446,12.084076
96504000,-0.059898503,0.20533134,0.31830722,-7.21E-21
96604000,-0.06805247,0.20718049,0.31939107,-7.21E-21
96704000,-0.067654304,0.1983198,0.32283986,-7.21E-21
96804000,-0.075669095,0.1900998,0.31078872,-7.21E-21
96904000,-0.079155214,0.16810448,0.31284526,-7.21E-21
97004000,-0.087519,0.17267172,0.29284242,12.083252
97104000,-0.0737517,0.1638277,0.29758188,-7.21E-21
97204000,-0.073545575,0.14304313,0.28926075,-7.21E-21
97304000,-0.07266361,0.13551922,0.28348413,-7.21E-21
97404000,-0.07729303,0.14489318,0.27805743,-7.21E-21
97504000,-0.07599706,0.12528072,0.27023458,-7.21E-21
97604000,-0.057809312,0.12990826,0.25679362,12.082245
97704000,-0.061359745,0.12236375,0.2611566,-7.21E-21
97804000,-0.039893955,0.10710544,0.25762594,-7.21E-21
97904000,-0.038247973,0.10951793,0.25735056,-7.21E-21
98004000,-0.029313818,0.1036866,0.25348446,-7.21E-21
98104000,-0.016485907,0.11455266,0.25292236,-7.21E-21
98204000,-0.021404054,0.09586598,0.25089398,12.081604
98304000,-0.01889665,0.09828719,0.23714773,-7.21E-21
98404000,-0.013068036,0.10372476,0.24505863,-7.21E-21
98504000,-0.003529263,0.11128056,0.24428853,-7.21E-21
98604000,0.004182995,0.10224628,0.245434,-7.21E-21
98704000,0.019383479,0.10583923,0.24024853,-7.21E-21
98804000,0.023170406,0.104328685,0.25053892,12.0815735
98904000,0.024859287,0.10235174,0.2547529,-7.21E-21
99004000,0.024477977,0.11384928,0.25639817,-7.21E-21
99104000,0.025485674,0.1240112,0.25705695,-7.21E-21
99204000,0.03362248,0.12763852,0.2553936,-7.21E-21
99304000,0.030278629,0.12546967,0.26691982,-7.21E-21
99404000,0.0387252,0.13617957,0.27020228,12.082184
99504000,0.026619589,0.13839108,0.2718767,-7.21E-21
99604000,0.03098351,0.14501208,0.28287655,-7.21E-21
99704000,0.026316606,0.14153804,0.27777436,-7.21E-21
99804000,0.030946294,0.15238592,0.27720976,-7.21E-21
99904000,0.040198382,0.16574736,0.27848673,-7.21E-21
100004000,0.012543771,0.1706672,0.29128477,12.08316
100104000,0.019250046,0.18070056,0.29394534,-7.21E-21
100204000,0.003436889,0.18670411,0.3055913,-7.21E-21
100304000,0.008922185,0.19241492,0.30679977,-7.21E-21
100404000,-0.002575468,0.1935614,0.3219257,-7.21E-21
100504000,-0.006660285,0.19738041,0.3252985,-7.21E-21
100604000,-0.014552497,0.1912455,0.33562618,12.083893
100704000,-0.021622656,0.21006437,0.32359305,-7.21E-21
100804000,-0.02625642,0.1980285,0.3292306,-7.21E-21
100904000,-0.03909452,0.20385544,0.33570492,-7.21E-21
101004000,-0.045027334,0.21254453,0.33106297,-7.21E-21
101104000,-0.050523162,0.20874679,0.32049397,-7.21E-21
101204000,-0.050865643,0.20321694,0.3310531,12.083832
101304000,-0.06872284,0.19639549,0.31929094,-7.21E-21
101404000,-0.076869234,0.18238124,0.31583357,-7.21E-21
101504000,-0.06363202,0.18138608,0.32306346,-7.21E-21
101604000,-0.08222093,0.1707368,0.30778208,-7.21E-21
101704000,-0.07662855,0.1665812,0.2992448,-7.21E-21
101804000,-0.08558502,0.16019706,0.29421115,12.082947
101904000,-0.07708319,0.14852653,0.29979786,-7.21E-21
102004000,-0.08393464,0.1358316,0.29071,-7.21E-21
102104000,-0.08025135,0.1332248,0.28327745,-7.21E-21
102204000,-0.06881776,0.11786272,0.2743012,-7.21E-21
102304000,-0.06486692,0.12756921,0.27273223,-7.21E-21
102404000,-0.057950657,0.11888743,0.2582491,12.081818
102504000,-0.06002575,0.12389884,0.25996277,12.081665
102604000,-0.045494534,0.114536405,0.2563431,-7.21E-21
102704000,-0.03162764,0.09715504,0.25286752,-7.21E-21
102804000,-0.035469882,0.1100582,0.25291595,-7.21E-21
102904000,-0.023853933,0.09811803,0.25093412,-7.21E-21
103004000,-0.011377543,0.09656247,0.24191135,12.081055
103104000,-0.013855805,0.09895612,0.24361955,-7.21E-21
103204000,-0.010852642,0.10297733,0.23900265,-7.21E-21
103304000,-0.000857938,0.093856364,0.23276725,-7.21E-21
103404000,0.018457107,0.09179655,0.24152337,-7.21E-21
103504000,0.01551537,0.105750404,0.2423644,-7.21E-21
103604000,0.021906266,0.099060215,0.24249622,12.080811
103704000,0.021220516,0.094439305,0.2404508,12.080841
103804000,0.027719177,0.0936488,0.2536366,-7.21E-21
103904000,0.032183036,0.110122025,0.25716916,-7.21E-21
104004000,0.03884934,0.11450166,0.2558202,-7.21E-21
104104000,0.029875556,0.117906354,0.26255745,-7.21E-21
104204000,0.038744234,0.13898054,0.264961,12.081238
104304000,0.027168542,0.13164215,0.26368558,-7.21E-21
104404000,0.03426943,0.13117896,0.27291712,-7.21E-21
104504000,0.03633003,0.1439799,0.28074074,-7.21E-21
104604000,0.03412643,0.14255965,0.27260295,-7.21E-21
104704000,0.03300142,0.15421085,0.28442782,-7.21E-21
104804000,0.032847364,0.16684137,0.2981358,-7.21E-21
104904000,0.024939377,0.17203613,0.29271156,-7.21E-21
105004000,0.020609742,0.17270763,0.30114314,-7.21E-21
105104000,0.006102821,0.1814709,0.313421,-7.21E-21
105204000,0.009812356,0.18538505,0.31157523,-7.21E-21
105304000,-0.004084133,0.19950308,0.32151526,-7.21E-21
105404000,-0.004064697,0.20434667,0.32728842,12.082703
105504000,-0.020477239,0.197161,0.3241556,-7.21E-21
105604000,-0.019840542,0.20852876,0.3188069,-7.21E-21
105704000,-0.02638582,0.19734308,0.32685128,-7.21E-21
105804000,-0.034954723,0.20169239,0.32668886,-7.21E-21
105904000,-0.046513155,0.19580066,0.33495566,-7.21E-21
106004000,-0.05266097,0.20760691,0.32885513,-7.21E-21
106104000,-0.060607627,0.19777682,0.32976186,-7.21E-21
106204000,-0.060420755,0.18697771,0.3306248,-7.21E-21
106304000,-0.06581577,0.18744533,0.31442106,-7.21E-21
106404000,-0.07482937,0.18980522,0.31381258,-7.21E-21
106504000,-0.074090935,0.17477565,0.30607355,-7.21E-21
106604000,-0.07852036,0.16295883,0.30610833,12.081879
106704000,-0.077212356,0.14429891,0.3006891,-7.21E-21
106804000,-0.07816228,0.14127937,0.2914662,-7.21E-21
106904000,-0.15910079,0.07481768,0.263257,-7.21E-21
107004000,-0.3369711,-0.024958137,0.23375255,-7.21E-21
107104000,-0.5125886,-0.048126604,0.21549253,-7.21E-21
107204000,-0.6576654,-0.001022345,0.2055371,12.081055
107304000,-0.8112225,0.063554004,0.18386549,-7.21E-21
107404000,-0.9284664,0.05371489,0.1531652,-7.21E-21
107504000,-1.0187024,0.008528414,0.08188064,-7.21E-21
107604000,-1.1207386,-0.030139469,-0.002680894,-7.21E-21
107704000,-1.1360857,-0.031610336,-0.0868364,-7.21E-21
107804000,-1.018762,0.009787554,-0.16770492,12.0816345
107904000,-0.88392437,0.0665505,-0.22323589,-7.21E-21
108004000,-0.75890994,0.12140268,-0.2663964,-7.21E-21
108104000,-0.63577485,0.156008,-0.29493567,-7.21E-21
108204000,-0.5367121,0.19984093,-0.31136942,-7.21E-21
108304000,-0.44595838,0.23906398,-0.3246581,-7.21E-21
108404000,-0.38011187,0.27166703,-0.35646814,12.082794
108504000,-0.3091452,0.30605116,-0.3776398,-7.21E-21
108604000,-0.2649001,0.3286024,-0.38904187,-7.21E-21
108704000,-0.21385252,0.35520867,-0.4009337,-7.21E-21
108804000,-0.19269685,0.38281354,-0.42001164,-7.21E-21
108904000,-0.14044891,0.42189425,-0.42413816,-7.21E-21
109004000,-0.1305721,0.4316892,-0.4404813,12.084564
109104000,-0.09900757,0.4585021,-0.46036896,-7.21E-21
109204000,-0.08780274,0.49181494,-0.46663806,-7.21E-21
109304000,-0.049683616,0.5130872,-0.47368523,-7.21E-21
109404000,-0.03572893,0.5289527,-0.4734926,-7.21E-21
109504000,0.001653192,0.53500515,-0.49112552,-7.21E-21
109604000,0.037318632,0.53918993,-0.4839803,12.086426
109704000,0.068498135,0.5167509,-0.4780653,-7.21E-21
109804000,0.09034611,0.49291041,-0.47199214,-7.21E-21
109904000,0.117524944,0.47893584,-0.45653516,-7.21E-21
110004000,0.1536829,0.4435163,-0.4479162,-7.21E-21
110104000,0.20364603,0.41289738,-0.42161337,-7.21E-21
110204000,0.2322083,0.37558097,-0.40006864,12.087921
110304000,0.26455307,0.34211528,-0.39679006,12.088135
110404000,0.29804316,0.3195154,-0.36982173,-7.21E-21
110504000,0.32232103,0.2878894,-0.35617942,-7.21E-21
110604000,0.35153562,0.26204443,-0.3232058,-7.21E-21
110704000,0.35181525,0.22639973,-0.31723148,-7.21E-21
110804000,0.38328874,0.20710409,-0.30908167,12.08905
110904000,0.3914542,0.17818491,-0.27472797,-7.21E-21
111004000,0.40192676,0.1536222,-0.2731211,-7.21E-21
111104000,0.40852547,0.12730312,-0.23758449,-7.21E-21
111204000,0.4058904,0.113256514,-0.2173505,-7.21E-21
111304000,0.38942403,0.10959048,-0.19572213,-7.21E-21
111404000,0.3848562,0.0815644,-0.17323638,12.089386
111504000,0.37382722,0.06972035,-0.1528686,-7.21E-21
111604000,0.35171488,0.059799165,-0.12547986,-7.21E-21
111704000,0.3354528,0.052032135,-0.12395329,-7.21E-21
111804000,0.30727178,0.040698647,-0.09994628,-7.21E-21
111904000,0.30567726,0.025231592,-0.0877223,-7.21E-21
112004000,0.27569225,0.028227175,-0.06334222,12.088379
112104000,0.24342111,0.021604486,-0.05765486,-7.21E-21
112204000,0.22231883,0.014890693,-0.049168915,-7.21E-21
112304000,0.207172,0.024341606,-0.023616966,-7.21E-21
112404000,0.18521433,0.00813783,-0.021449592,-7.21E-21
112504000,0.1602078,0.002611509,-0.017191721,-7.21E-21
112604000,0.13267125,-0.00156929,0.008759869,12.086365
112704000,0.12211388,0.002257468,0.007854397,-7.21E-21
112804000,0.09462293,-0.011874711,0.011369336,-7.21E-21
112904000,0.07965248,-0.010861502,0.024794353,-7.21E-21
113004000,0.06478995,-0.010098224,0.02181361,-7.21E-21
113104000,0.045234237,-0.016919386,0.028698096,-7.21E-21
113204000,0.043572936,-0.005184473,0.034032974,12.084106
113304000,0.026593557,-0.010541691,0.031579856,-7.21E-21
113404000,0.015601725,-0.004265961,0.035514683,-7.21E-21
113504000,0.000287045,-0.00816369,0.038867567,-7.21E-21
113604000,-0.003079671,-0.01324732,0.04141416,-7.21E-21
113704000,-0.016176645,-0.018178407,0.03154262,-7.21E-21
113804000,-0.013077786,-0.020316675,0.032254744,12.082153
113904000,-0.022744296,-0.02187234,0.036961686,-7.21E-21
114004000,-0.025542071,-0.027581472,0.02523219,-7.21E-21
114104000,-0.029311394,-0.019748911,0.03220981,-7.21E-21
114204000,-0.036065746,-0.01918043,0.02717867,-7.21E-21
114304000,-0.03667055,-0.01470341,0.021195758,-7.21E-21
114404000,-0.044647716,-0.019209273,0.021870052,12.080688
114504000,-0.04673129,-0.013553551,0.023799328,-7.21E-21
114604000,-0.038769223,-0.014655368,0.014312821,-7.21E-21
114704000,-0.03982482,-0.011409861,0.01949801,-7.21E-21
114804000,-0.043060265,-0.020838663,0.007250327,-7.21E-21
114904000,-0.037588038,-0.027447136,0.012409523,-7.21E-21
115004000,-0.028093576,-0.012151073,0.01052563,12.079742
115104000,-0.0325997,-0.020586453,0.010582794,-7.21E-21
115204000,-0.024468772,-0.008762687,-0.003889957,-7.21E-21
115304000,-0.02638535,-0.01952768,-0.001554873,-7.21E-21
115404000,-0.02620245,-0.012568791,0.002436242,-7.21E-21
115504000,-0.033038173,-0.021861127,-0.002268507,-7.21E-21
115604000,-0.02339024,-0.010847922,0.002976542,12.079193
115704000,-0.011733697,-0.014561858,0.000106894,-7.21E-21
115804000,-0.00732117,-0.009545458,0.002093984,-7.21E-21
115904000,-0.022293614,-0.012010381,0.004935172,-7.21E-21
116004000,-0.009484592,-0.007185789,0.002051598,-7.21E-21
116104000,-0.001284628,-0.017131027,-0.010189307,-7.21E-21
116204000,-0.011379126,-0.014159971,-0.012196175,12.078918
116304000,-0.00897856,-0.00856035,-0.00200091,12.078888
116404000,-0.009606807,-0.009190117,-0.003075194,-7.21E-21
116504000,0.000373535,-0.000424471,-0.005233017,-7.21E-21
116604000,-0.008143766,-0.013945755,-0.018413236,-7.21E-21
116704000,-0.006903682,-0.014589267,-0.009658612,-7.21E-21
116804000,0.003815149,0.004695391,-0.016770704,12.078827
116904000,-0.007165621,-0.002897069,-0.012129185,-7.21E-21
117004000,0.013915425,-0.006277042,-0.003864802,-7.21E-21
117104000,0.005283488,0.001187617,-0.009165433,-7.21E-21
117204000,-0.001751598,-0.000129261,-0.005747885,-7.21E-21
117304000,0.001797177,-0.011189245,-0.014241401,-7.21E-21
117404000,0.008098913,-0.0108465,-0.001060481,12.078827
117504000,0.00364541,-0.000432034,-0.014349361,12.078827
117604000,0.001525001,-0.007487912,-0.011583496,-7.21E-21
117704000,0.005020291,-0.000655093,-0.012555277,-7.21E-21
117804000,0.005523146,-0.007269153,-0.003846541,-7.21E-21
117904000,-0.001004013,0.001798052,-0.000371357,-7.21E-21
118004000,0.005052272,-0.004622665,-0.004686656,-7.21E-21
118104000,0.002942117,-0.010634287,-0.001841974,-7.21E-21
118204000,0.003613031,-0.005791316,-0.011121551,-7.21E-21
118304000,-0.003644163,-0.008522011,-0.005266621,-7.21E-21
118404000,0.006314279,0.000177358,-0.007841443,-7.21E-21
118504000,0.003746002,-0.010718294,-0.003354787,-7.21E-21
118604000,0.004667512,-0.005784573,-0.005893723,12.078857
118704000,0.003220235,-0.008975028,-0.002126417,-7.21E-21
118804000,0.010674901,-0.006262588,-0.004220503,-7.21E-21
118904000,0.005915564,-0.00873749,-0.007474836,-7.21E-21
119004000,0.008368623,-0.002657838,-0.008012955,-7.21E-21
119104000,-0.00019148,-0.011678843,-0.001227714,-7.21E-21
119204000,0.002636991,-0.003500555,-0.008220105,12.078888
119304000,-0.00022135,-0.010173154,-0.006709714,-7.21E-21
119404000,0.000428545,-0.003794143,-0.001887673,-7.21E-21
119504000,0.003943904,0.001397196,0.000708337,-7.21E-21
119604000,-0.00662363,-0.01316829,0.001726956,-7.21E-21
119704000,-0.006220714,-0.014426288,0.003210382,-7.21E-21
119804000,0.001696487,-0.008420191,-0.001576426,12.078949
119904000,-0.000563164,4.18E-05,0.00394795,-7.21E-21
120004000,-0.005106808,-0.015617308,0.001743339,-7.21E-21
120104000,0.00086233,-0.001403797,-0.002237724,-7.21E-21
120204000,-0.003304743,0.000656146,-0.006799667,-7.21E-21
120304000,0.005106804,-0.011036619,-0.007530917,-7.21E-21
120404000,-0.002171685,-0.005564062,0.000999385,12.0789795
120504000,-0.003130273,0.004431293,-0.005451278,-7.21E-21
120604000,-0.002280427,-0.000476823,-0.005680239,-7.21E-21
120704000,-0.008339256,-0.005265827,0.000627711,-7.21E-21
120804000,-0.002889464,0.010064588,-0.004154154,-7.21E-21
120904000,-0.006497158,-0.015812408,0.003474441,-7.21E-21
121004000,0.001002444,-0.005718536,0.00170623,12.0789795
121104000,0.058945246,-0.008744705,-0.000219913,-7.21E-21
121204000,0.117029436,-0.001599742,0.000584766,-7.21E-21
121304000,0.15657654,-0.006056114,0.014575942,-7.21E-21
121404000,0.20784494,-0.013214352,0.02100363,-7.21E-21
121504000,0.24542004,-0.00771895,0.03927361,-7.21E-21
121604000,0.26184615,-0.004254825,0.061962895,-7.21E-21
121704000,0.28240436,0.001842476,0.08127,-7.21E-21
121804000,0.30096948,0.005065255,0.10106237,-7.21E-21
121904000,0.32198668,0.00982106,0.114684686,-7.21E-21
122004000,0.3301878,0.022020662,0.13551347,-7.21E-21
122104000,0.33422634,0.023553995,0.16843797,-7.21E-21
122204000,0.33394307,0.03285748,0.18111758,12.079102
122304000,0.32823625,0.043707233,0.1994549,12.079132
122404000,0.313501,0.06131098,0.22008449,-7.21E-21
122504000,0.31694728,0.09032237,0.23195405,-7.21E-21
122604000,0.3090571,0.101882465,0.24273746,-7.21E-21
122704000,0.2920934,0.10858325,0.2655123,-7.21E-21
122804000,0.29044878,0.13383251,0.2794614,12.079315
122904000,0.26806217,0.15156657,0.28660178,-7.21E-21
123004000,0.24290723,0.18515857,0.2976225,-7.21E-21
123104000,0.18237513,0.2577137,0.30483815,-7.21E-21
123204000,0.116274714,0.30589643,0.31524834,-7.21E-21
123304000,0.05717603,0.27224156,0.3208736,-7.21E-21
123404000,-0.001822609,0.22587466,0.33130032,12.07959
123504000,-0.05346538,0.16416419,0.32644635,-7.21E-21
123604000,-0.09598216,0.14086436,0.32719707,-7.21E-21
123704000,-0.128337,0.13897276,0.33452466,-7.21E-21
123804000,-0.14521515,0.1429267,0.31659204,-7.21E-21
123904000,-0.18396452,0.12735885,0.30300114,-7.21E-21
124004000,-0.19996703,0.11709787,0.2875144,-7.21E-21
124104000,-0.20499316,0.10719355,0.2880921,-7.21E-21
124204000,-0.2199997,0.07494539,0.27154464,-7.21E-21
124304000,-0.24072272,0.077278055,0.26333112,-7.21E-21
124404000,-0.23495752,0.06587495,0.26441172,-7.21E-21
124504000,-0.24444878,0.05727302,0.24202506,-7.21E-21
124604000,-0.24053754,0.060286008,0.23572896,12.080688
124704000,-0.23893248,0.047393367,0.22299041,-7.21E-21
124804000,-0.23049262,0.03816911,0.20895195,-7.21E-21
124908000,-0.22790411,0.03822706,0.19390573,-7.21E-21
125008000,-0.22572495,0.043174982,0.17787412,-7.21E-21
125108000,-0.22879602,0.028829183,0.17251226,12.082397
125212000,-0.22033021,0.036881153,0.15138859,-7.21E-21
125312000,-0.2054473,0.015984654,0.14737967,-7.21E-21
125412000,-0.22120874,0.012273632,0.120229326,-7.21E-21
125512000,-0.2492931,0.022898454,0.11019993,-7.21E-21
125616000,-0.26508456,0.016561061,0.09970119,-7.21E-21
125716000,-0.2886003,0.015016168,0.0760485,-7.21E-21
125816000,-0.29732174,0.024231434,0.049130924,-7.21E-21
125920000,-0.31279045,0.006523014,0.025522688,-7.21E-21
126020000,-0.31015876,-0.009751237,0.006912527,12.085785
126120000,-0.30444047,-0.007319572,-0.020338045,-7.21E-21
126224000,-0.28789634,0.003089649,-0.03830165,-7.21E-21
126324000,-0.29045475,0.000416766,-0.06326466,-7.21E-21
126424000,-0.27780962,0.01044224,-0.09966723,-7.21E-21
126524000,-0.25582916,0.012093295,-0.11347177,12.087494
126628000,-0.24155517,0.018107692,-0.1266192,-7.21E-21
126728000,-0.2150204,0.014337694,-0.15027054,-7.21E-21
126828000,-0.20283164,0.02844171,-0.15919885,-7.21E-21
126932000,-0.182092,0.04156028,-0.16913256,12.088867
127032000,-0.16364652,0.04152307,-0.17168847,12.089203
127132000,-0.13232854,0.04452194,-0.20073004,-7.21E-21
127236000,-0.12068476,0.063864216,-0.21781018,-7.21E-21
127336000,-0.09781858,0.064675964,-0.22390758,-7.21E-21
127436000,-0.07231724,0.06341757,-0.2299374,12.090576
127536000,-0.04934864,0.08186445,-0.22884625,-7.21E-21
127640000,-0.038964376,0.06644346,-0.23791994,-7.21E-21
127740000,-0.019327927,0.07320685,-0.24263585,-7.21E-21
127840000,0.003703692,0.084260575,-0.23576389,-7.21E-21
127944000,0.013386153,0.08178285,-0.239865,-7.21E-21
128044000,0.02859862,0.07736385,-0.2236098,-7.21E-21
128144000,0.04366891,0.080768846,-0.22986117,-7.21E-21
128248000,0.06255769,0.07187746,-0.21711746,-7.21E-21
128348000,0.06627593,0.06343216,-0.22278318,12.093231
128448000,0.082583934,0.06921255,-0.20828599,-7.21E-21
128548000,0.096821636,0.064660735,-0.2050798,-7.21E-21
128652000,0.1060768,0.05215731,-0.19019595,-7.21E-21
128752000,0.11564894,0.061041445,-0.18689361,-7.21E-21
128852000,0.12470466,0.052935995,-0.17868754,12.09433
128956000,0.12481407,0.04442761,-0.17194133,-7.21E-21
129056000,0.12329644,0.058321547,-0.15641505,-7.21E-21
129156000,0.12642594,0.04815488,-0.15442735,-7.21E-21
129255999,0.13285439,0.032041475,-0.14411682,-7.21E-21
129360000,0.13141756,0.031464748,-0.13687907,12.095093
129460000,0.1331984,0.036844753,-0.11987822,-7.21E-21
129560000,0.13511352,0.03840933,-0.115065984,-7.21E-21
129664000,0.13206747,0.022116326,-0.102612406,-7.21E-21
129764000,0.12577006,0.025156034,-0.08909006,12.095459
129864000,0.12658337,0.034396645,-0.0819489,-7.21E-21
129968000,0.117205426,0.026131865,-0.07481105,-7.21E-21
130068000,0.11596121,0.021141615,-0.07604291,-7.21E-21
130168000,0.10002291,0.020302793,-0.06369039,-7.21E-21
130268000,0.11682256,0.001782603,-0.05083423,12.095581
130372000,0.099730864,0.014297353,-0.044940215,-7.21E-21
130472000,0.088373646,0.010812674,-0.030311493,-7.21E-21
130572000,0.09175436,0.011220809,-0.023025822,-7.21E-21
130676000,0.07717208,-0.00248095,-0.011074153,12.095459
130776000,0.08293848,0.021679029,-0.013225015,-7.21E-21
130876000,0.075367436,0.002429892,-0.015701437,-7.21E-21
130976000,0.060290586,0.00321528,-0.006029652,-7.21E-21
131076000,0.042940587,-0.001532394,-0.009890045,-7.21E-21
131176000,0.041562557,0.001287065,0.002444593,-7.21E-21
131276000,0.03131983,0.00021576,-0.008912936,12.095093
131376000,0.025221465,-0.000812823,0.00233682,-7.21E-21
131476000,0.026141927,0.000465872,0.002785751,-7.21E-21
131576000,0.021017384,-0.010322684,0.010170684,-7.21E-21
131676000,0.01751999,-0.005892746,0.015942853,-7.21E-21
131776000,0.027755454,-0.005278763,0.008017206,-7.21E-21
131876000,0.015614541,-0.000312161,0.020845164,12.094574
131976000,0.013709299,-0.007637538,0.016056487,-7.21E-21
132076000,0.007141103,-0.002473615,0.017405983,-7.21E-21
132176000,0.006147316,-0.011459712,0.012576864,-7.21E-21
132276000,0.002122098,-0.006888297,0.01212733,-7.21E-21
132376000,0.002186002,-0.017274886,0.025602138,-7.21E-21
132476000,-0.001756891,-0.003789177,0.011651932,12.094055
132576000,-0.002386948,0.000421581,0.024132628,-7.21E-21
132676000,-0.012620182,-0.000854697,0.018249504,-7.21E-21
132776000,-0.017248822,-0.000622308,0.016771063,-7.21E-21
132876000,-0.010269146,-0.009412628,0.01250791,-7.21E-21
132976000,-0.013503242,-0.009699033,0.013547856,-7.21E-21
133076000,-0.025676914,-0.010777064,0.014477243,12.093567
133176000,-0.012497473,0.003207354,0.016424214,-7.21E-21
133276000,-0.012878188,0.002759833,0.008815353,-7.21E-21
133376000,-0.010366777,-0.005099008,0.01589323,-7.21E-21
133476000,-0.022502294,-0.003106818,0.01597242,-7.21E-21
133576000,-0.018771043,0.000772517,0.020686924,-7.21E-21
133676000,-0.015675433,0.000277165,0.014109278,12.093109
133776000,-0.023974324,-0.006388973,0.007725839,-7.21E-21
133876000,-0.014361174,0.011779605,-0.004578503,-7.21E-21
133976000,-0.009985285,-0.015503922,0.004626057,-7.21E-21
134076000,-0.01835516,-0.004670267,-0.001585669,-7.21E-21
134176000,-0.006954729,-0.005422995,0.002265467,-7.21E-21
134276000,-0.022564862,-0.00788475,0.001851794,-7.21E-21
134376000,-0.013500346,0.010288556,0.006727079,12.092621
134476000,-0.000137914,0.009681598,-0.003846499,-7.21E-21
134576000,-0.0084746,-0.007097906,7.80E-06,-7.21E-21
134676000,-0.012046736,-0.009516021,0.001146556,-7.21E-21
134776000,-0.025175732,0.005993934,-0.003223107,-7.21E-21
134876000,-0.014980809,-0.004993716,-0.009137002,-7.21E-21
134976000,-0.012925786,-0.008202626,-0.004004917,12.092224
135076000,-0.009499499,-0.003003586,-0.003136056,-7.21E-21
135176000,-0.005784932,0.004851696,-0.010209045,-7.21E-21
135276000,-0.006184281,-0.003710468,-0.013251065,-7.21E-21
135376000,-0.001707031,0.006493147,-0.010957566,-7.21E-21
135476000,0.010525476,-0.007897926,-0.006751783,12.091888
135576000,-0.000902093,-0.003459397,-0.010049598,-7.21E-21
135676000,0.007413748,0.00133674,-0.008651258,-7.21E-21
135776000,0.001086529,-0.003297857,-0.004478209,-7.21E-21
135876000,0.00140659,0.008466902,-0.010663004,-7.21E-21
135976000,-0.003765443,0.006532749,-0.005530295,-7.21E-21
136076000,0.004105621,-0.003608961,-0.010003483,-7.21E-21
136176000,0.008895648,0.001491658,0.000715956,12.09137
136276000,0.004642935,-0.014518068,-0.013684395,-7.21E-21
136376000,-0.00269739,-0.000153805,-0.004140822,-7.21E-21
136476000,0.00209038,-0.000300814,-0.011172401,-7.21E-21
136576000,0.00541302,0.002298477,-0.00888529,-7.21E-21
136676000,0.000301249,0.003331574,-0.012017595,12.091003
136776000,0.008541133,0.003175705,0.002207658,-7.21E-21
136876000,0.013155728,7.16E-05,-0.003309804,-7.21E-21
136976000,0.010184047,-0.006009186,-0.001339407,-7.21E-21
137076000,-5.14E-05,0.00150661,0.006543159,-7.21E-21
137176000,0.00879866,-0.004944318,0.002698645,-7.21E-21
137276000,0.007826669,0.0091078,0.003236923,12.090485
137376000,-0.003223416,0.002888742,0.005908239,-7.21E-21
137476000,-0.002783194,-0.005054832,-0.000453042,-7.21E-21
137576000,-0.002492074,0.00195515,-0.003581665,-7.21E-21
137676000,-0.001219708,0.001182103,-0.000783095,-7.21E-21
137776000,0.016259348,0.001153261,0.009440113,-7.21E-21
137876000,0.004356594,-0.006951067,-0.007845147,12.089996
137976000,0.010151424,-0.000265504,0.001741207,12.089905
138076000,0.003262491,-0.007192805,0.003194434,-7.21E-21
138176000,0.00493375,-0.00502345,0.000183285,-7.21E-21
138276000,0.012804828,0.000312794,-0.000944442,-7.21E-21
138376000,-0.003339754,0.005880651,-0.001018611,-7.21E-21
138476000,0.013421372,-0.008486581,-0.005657244,-7.21E-21
138576000,-0.00610657,0.001885908,-0.003339859,-7.21E-21
138676000,0.00723036,-0.006882959,0.004621404,-7.21E-21
138776000,-0.00017865,0.000900372,-0.000164882,-7.21E-21
138876000,0.008948906,-0.002839833,0.005764922,-7.21E-21
138976000,0.010799679,-0.00232421,-0.006432634,-7.21E-21
139076000,0.022657137,-0.00356909,0.000443802,12.088989
139176000,0.008572012,0.002547785,0.001508476,-7.21E-21
139276000,0.00488516,-0.012816592,0.001928748,-7.21E-21
139376000,0.001299276,-0.001490767,0.009869997,-7.21E-21
139476000,-0.003734974,-0.00647216,0.017569015,-7.21E-21
139576000,0.009655845,-0.001260834,0.009770838,-7.21E-21
139676000,0.001406899,-0.007937238,0.020673813,12.08847
139776000,0.004571694,0.000575437,0.003079965,-7.21E-21
139876000,0.000861226,0.007551984,0.001630876,-7.21E-21
139976000,-0.005201537,-0.00876953,0.005685016,-7.21E-21
140076000,-0.000608038,-0.015087531,0.009986281,-7.21E-21
140176000,-0.008572328,-0.005373275,-0.001562245,-7.21E-21
140276000,-0.005048171,0.003693389,0.000280641,12.087982
140376000,-0.007098789,0.001012909,-0.003199942,-7.21E-21
140476000,-0.011659635,-0.003089676,-0.003626174,-7.21E-21
140576000,-0.000430979,-0.010308804,0.006990767,-7.21E-21
140676000,-0.010335377,0.001154846,0.005710541,-7.21E-21
140776000,0.000263793,-0.0058604,0.01084711,-7.21E-21
140876000,-0.020419154,-0.000794085,-0.003997963,12.087494
140976000,-0.007040242,-0.004572967,-0.002371686,-7.21E-21
141076000,-0.005522438,-0.008126073,0.019544605,-7.21E-21
141176000,-0.005510465,-0.002254367,-0.001818033,-7.21E-21
141276000,-0.0110388,-0.008484759,-0.000776424,-7.21E-21
141376000,0.001603829,0.002085282,0.001009041,-7.21E-21
141476000,-0.000796822,-0.003175402,0.013968334,12.087006
141576000,-0.000387138,-0.002775805,0.01138211,-7.21E-21
141676000,-0.014883,-0.009622247,-0.001594766,-7.21E-21
141776000,0.00073546,-0.006774947,0.011910038,-7.21E-21
141876000,-0.006739938,-0.008123193,0.001063509,-7.21E-21
141976000,0.006165975,-0.004833307,0.018043887,-7.21E-21
142076000,-0.003890655,1.06E-05,0.009597889,-7.21E-21
142176000,0.001901021,-0.00796965,0.004919189,-7.21E-21
142276000,-0.006758544,-0.01401682,-0.00280264,-7.21E-21
142376000,0.009784499,-0.001680814,0.005248745,-7.21E-21
142476000,0.000509112,-0.006587809,-0.005494233,-7.21E-21
142576000,-0.000708882,-0.015703805,0.001530144,-7.21E-21
142676000,-0.00505736,-0.00051093,0.001622967,12.08606
142776000,0.001143451,-0.010757827,0.000622845,-7.21E-21
142876000,0.005977266,-0.006676952,-0.000554468,-7.21E-21
142976000,0.002280937,-0.002756381,0.012615425,-7.21E-21
143076000,-0.000168816,-0.005234208,0.001203049,-7.21E-21
143176000,0.00587718,-0.009219168,-0.002305965,-7.21E-21
143276000,-0.004470663,0.000526452,0.002996243,12.085632
143376000,0.003136592,0.00889509,0.002005528,-7.21E-21
143476000,0.00452737,-0.00467295,0.000377426,-7.21E-21
143576000,0.000574268,-0.000905933,-0.006983787,-7.21E-21
143676000,-0.001239986,0.001274437,0.001758005,-7.21E-21
143776000,0.009684949,-0.000973546,-0.001912283,-7.21E-21
143876000,-0.002272323,-0.002950992,-0.000194906,12.085266
143976000,0.000520638,-0.006643333,0.004925369,12.085205
144076000,-0.00076437,0.000271829,0.001737257,-7.21E-21
144176000,-0.006314297,-0.010250028,-0.008450678,-7.21E-21
144276000,-0.005313556,-0.000257311,0.005687122,-7.21E-21
144376000,0.000525639,-0.006911528,-2.55E-05,-7.21E-21
144476000,0.004065311,0.003989595,-0.002998235,12.08493
144576000,-0.008703859,-0.006054293,-0.004847533,12.084869
144676000,-0.008576476,-0.01502972,-0.007355702,-7.21E-21
144776000,0.002228445,-0.005860023,0.004551104,-7.21E-21
144876000,-0.006702909,-0.001309156,-0.009318253,-7.21E-21
144976000,-0.005012793,-0.005836585,0.003896853,-7.21E-21
145076000,0.010279539,0.003815831,-0.00141662,-7.21E-21
145176000,0.014039681,0.00071708,0.001994388,-7.21E-21
145276000,0.002885599,-0.000668544,-0.006332341,-7.21E-21
145376000,-0.009368547,-0.014231043,-0.008837067,-7.21E-21
145476000,0.008681478,-0.00151607,-0.00662791,-7.21E-21
145576000,0.001870615,-0.00789896,0.003294056,-7.21E-21
145676000,0.002887718,-0.001309774,-0.001068873,12.08432
145776000,-0.003187419,-0.00809759,-0.000287466,-7.21E-21
145876000,-0.009837678,-0.001930962,-0.00327409,-7.21E-21
145976000,-0.002687114,-0.005116053,-0.000817814,-7.21E-21
146076000,0.007195284,-0.013788075,-0.007129244,-7.21E-21
146176000,0.005410423,-0.003541484,-0.007323118,-7.21E-21
146276000,-0.001926991,0.000385163,-0.007375504,12.084045
146376000,-0.017030537,-0.003934139,-0.003485509,-7.21E-21
146476000,0.001912224,-0.002140643,-0.007987949,-7.21E-21
146576000,0.00734181,-0.003142867,-0.00067844,-7.21E-21
146676000,0.011341028,-0.001045288,-0.0023856,-7.21E-21
146776000,0.000371393,0.001406036,-0.002760245,-7.21E-21
146876000,-0.000276565,-0.010246672,-0.009032775,12.083801
146976000,-0.002461714,-0.005255806,-0.005148039,-7.21E-21
147076000,0.001233054,-0.020149905,0.004465352,-7.21E-21
147176000,-0.005179417,-0.003299756,-0.007781644,-7.21E-21
147276000,-0.002340484,-0.004966831,-0.006494038,-7.21E-21
147376000,-0.000250442,-0.001165472,0.003113359,-7.21E-21
147476000,0.006549765,-0.00961689,0.008322959,-7.21E-21
147576000,0.002477619,-0.001998062,-0.005634669,-7.21E-21
147676000,0.002843595,-0.007149518,0.009681236,-7.21E-21
147776000,-0.002822407,-0.002366855,-4.52E-05,-7.21E-21
147876000,0.007851774,0.004565631,-0.003775667,-7.21E-21
147976000,-0.007719049,-0.012109926,0.003719355,-7.21E-21
148076000,-0.002444728,-0.001035514,0.000844477,12.083374
148176000,-0.006340004,-0.000790661,-0.007173456,-7.21E-21
148276000,-0.003453376,-0.003174268,-0.002962041,-7.21E-21
148376000,-0.001454462,-0.006236449,-0.002419853,-7.21E-21
148476000,0.003592649,-0.007651643,-0.008159172,-7.21E-21
148576000,0.005653576,-0.017063906,0.003034374,-7.21E-21
148676000,5.83E-05,0.000426084,0.003110005,12.083221
148776000,-0.009578478,-0.05960776,-0.008843006,-7.21E-21
148876000,-0.016312007,-0.16492291,0.001799261,-7.21E-21
148976000,-0.018814817,-0.23168053,0.000617982,-7.21E-21
149076000,-0.007659273,-0.23029666,-0.004741542,-7.21E-21
149176000,-0.002515609,-0.17886387,-0.012872312,-7.21E-21
149276000,-0.005084705,-0.13818297,-0.002102841,12.084137
149376000,-0.01022365,-0.08831167,0.001402273,-7.21E-21
149476000,-0.007668173,-0.08545109,-0.009999469,-7.21E-21
149576000,-0.000493097,-0.07837641,-0.02278081,-7.21E-21
149676000,-0.007587523,-0.10094272,-0.029653916,-7.21E-21
149776000,-0.00067281,-0.09182038,-0.020728234,-7.21E-21
149876000,0.01710268,-0.08010214,-0.006248248,12.088654
149976000,0.017747277,-0.09689722,-0.018157542,12.0896
150076000,0.010336642,-0.08942295,-0.007739644,-7.21E-21
150176000,0.008255963,-0.09463776,0.005496844,-7.21E-21
150276000,0.005079992,-0.08807386,-5.03E-05,-7.21E-21
150376000,0.020340871,-0.08328275,-0.005768732,-7.21E-21
150476000,0.009231825,-0.07367535,-0.002966999,-7.21E-21
150576000,0.010778285,-0.055833694,0.003255047,-7.21E-21
150676000,0.010511083,-0.056888316,-0.005194161,-7.21E-21
150776000,0.004421818,-0.03982029,-0.005364104,-7.21E-21
150876000,0.013988381,-0.033804458,0.006639512,-7.21E-21
150976000,0.003208068,-0.014113863,-0.00505086,-7.21E-21
151076000,0.005487457,-0.001132632,0.001588851,-7.21E-21
151176000,-0.000366659,-0.00920056,0.007555508,-7.21E-21
151276000,-0.006029048,0.010279131,0.004503421,-7.21E-21
151376000,0.001496057,0.016712228,0.012276026,-7.21E-21
151476000,-0.001968977,0.029921109,0.000954393,-7.21E-21
151576000,0.000125912,0.02813325,0.002956663,-7.21E-21
151676000,0.000216588,0.045358215,0.007615847,-7.21E-21
151776000,-0.003081467,0.043181736,0.005688799,-7.21E-21
151876000,0.005247168,0.042287774,-0.002780608,-7.21E-21
151976000,0.014647414,0.05708974,0.001492045,-7.21E-21
152076000,0.013510882,0.05713373,-0.000747546,-7.21E-21
152176000,0.012801856,0.05266833,0.002375702,-7.21E-21
152276000,-0.000579063,0.06479036,0.009814072,12.120575
152376000,-0.003742861,0.0475143,0.010854675,-7.21E-21
152476000,0.004897606,0.05690262,0.014008631,-7.21E-21
152576000,0.00678756,0.054243047,0.012807054,-7.21E-21
152676000,0.004713772,0.057698,0.006735782,-7.21E-21
152776000,0.002910833,0.05544775,0.007651281,-7.21E-21
152876000,-0.000109086,0.046926666,0.001229107,12.126892
152976000,-0.007296057,0.029716413,0.012719476,-7.21E-21
153076000,-0.011011363,0.04148437,0.00471831,-7.21E-21
153176000,-0.008913276,0.036798917,0.008271298,-7.21E-21
153276000,-0.023612054,0.004056302,0.003770823,-7.21E-21
153376000,-0.003689456,0.012637764,0.004495774,-7.21E-21
153476000,-0.013625426,-0.001910058,-0.002440631,12.1319275
153576000,-0.005827256,0.000844176,0.013941201,12.13266
153676000,-0.00149848,-0.007938941,0.005296892,-7.21E-21
153776000,-0.00863409,-0.0116306,0.01252697,-7.21E-21
153876000,-0.012342893,-0.020660171,0.007881156,-7.21E-21
153976000,-0.00733654,-0.00628409,0.008698745,-7.21E-21
154076000,-0.004597612,-0.02050354,-0.000133447,-7.21E-21
154176000,-0.005985508,-0.025252922,0.006193445,-7.21E-21
154276000,0.003205025,-0.03215229,0.002218391,-7.21E-21
154376000,0.002914274,-0.04174497,-0.000984606,-7.21E-21
154476000,0.00329574,-0.04424022,0.009747283,-7.21E-21
154576000,-0.010535226,-0.050465643,0.00879211,-7.21E-21
154676000,-0.01074522,-0.049025606,0.007423267,12.141693
154776000,-0.006283989,-0.051338673,0.003856628,12.142578
154876000,0.002387536,-0.046739023,-0.003472752,-7.21E-21
154976000,-0.001490911,-0.048464537,-0.000914989,-7.21E-21
155076000,-0.005298712,-0.041454315,0.008350823,-7.21E-21
155176000,-0.002685354,-0.040699977,-0.007798681,-7.21E-21
155276000,0.010018035,-0.048323166,-0.010739678,-7.21E-21
155376000,-0.001269714,-0.042408764,-0.000232914,-7.21E-21
155476000,-0.000137253,-0.034494802,0.00801245,-7.21E-21
155576000,-0.0098383,-0.030882955,-0.004044689,-7.21E-21
155676000,-0.000494177,-0.021938048,0.009080919,-7.21E-21
155776000,0.000323404,-0.028225671,-0.00139517,-7.21E-21
155876000,0.006239422,-0.025834022,0.005000768,12.154572
155976000,-0.001757052,-0.009389514,-5.87E-05,-7.21E-21
156076000,-0.000582978,-0.00135845,0.00078999,-7.21E-21
156176000,-0.005017016,-0.005206678,-0.005716593,-7.21E-21
156276000,0.002922618,0.002786237,-0.00426927,-7.21E-21
156376000,-0.005533297,-0.004589874,-0.000616173,-7.21E-21
156476000,0.007124205,0.007750052,-0.006472532,12.161865
156576000,-0.003928507,0.008922281,0.004298733,12.163025
156676000,-0.008618795,0.018493121,-0.005598308,-7.21E-21
156776000,0.009918339,0.017809356,0.000673579,-7.21E-21
156876000,0.018762602,0.022000361,-0.001360669,-7.21E-21
156976000,0.014516276,0.02826435,-0.001978773,-7.21E-21
157076000,0.008440437,0.01668597,0.001135198,-7.21E-21
157176000,0.005781252,0.020684235,-0.001928827,-7.21E-21
157276000,0.005918909,0.022288775,-0.003040992,-7.21E-21
157376000,0.003581315,0.02145478,-0.000606494,-7.21E-21
157476000,0.0123593,0.020868603,0.001180348,-7.21E-21
157576000,-0.004484163,0.009323872,0.019297471,-7.21E-21
157676000,-0.009249237,0.013687639,-0.004713233,12.175415
157776000,0.004016962,0.021651335,0.006604354,-7.21E-21
157876000,0.000419853,0.015860643,-0.001675111,-7.21E-21
157976000,-0.004349842,0.015267288,0.00334367,-7.21E-21
158076000,-0.003825497,0.014273632,0.007542027,-7.21E-21
158176000,-0.001381203,0.014406053,0.007906023,-7.21E-21
158276000,0.001131649,0.01170286,0.011277305,12.181274
158376000,2.08E-06,0.005761388,-0.001623005,-7.21E-21
158476000,-0.005225493,-0.001984887,0.00799736,-7.21E-21
158576000,-0.004977997,-0.013722844,-0.001413854,-7.21E-21
158676000,-0.000672974,-0.011570377,0.003419389,-7.21E-21
158776000,-0.000137148,-0.013686661,0.008785546,-7.21E-21
158876000,-0.013551923,-0.010587006,0.005075722,12.186768
158976000,-0.011308885,-0.003008877,0.001861034,-7.21E-21
159076000,-0.008007778,-0.00583756,0.011024019,-7.21E-21
159176000,-0.012197065,-0.02448845,0.000233504,-7.21E-21
159276000,-0.010129798,-0.021067778,0.007193005,-7.21E-21
159376000,-0.010284009,-0.030055746,0.012786586,-7.21E-21
159476000,0.004890609,-0.012781174,0.003853371,-7.21E-21
159576000,0.00193681,-0.024057157,-0.001848056,-7.21E-21
159676000,-0.006656292,-0.023582675,0.005472928,-7.21E-21
159776000,-0.009783123,-0.020035494,0.003355657,-7.21E-21
159876000,0.000781194,-0.023077,-0.004757549,-7.21E-21
159976000,-0.005990622,-0.034017757,-0.003426157,-7.21E-21
160076000,-0.003867674,-0.024687024,-0.004318592,12.19812
160176000,-0.018262798,-0.025506116,-0.000721364,-7.21E-21
160276000,-0.007102823,-0.028347861,-8.16E-05,-7.21E-21
160376000,-0.010349048,-0.015346001,0.001843875,-7.21E-21
160476000,-0.000862613,-0.022414245,0.002678777,-7.21E-21
160576000,-0.010906735,-0.018398736,0.006724645,-7.21E-21
160676000,-0.002797493,-0.009352027,0.000348638,12.204407
160776000,-0.005924689,-0.021723947,0.005513571,12.205414
160876000,-0.000116147,-0.011004071,-0.003369083,-7.21E-21
160976000,-0.001452738,-0.017839532,0.005385451,-7.21E-21
161076000,0.0001158,-0.011965831,0.007812087,-7.21E-21
161176000,0.004761225,0.003152262,-0.00206522,-7.21E-21
161276000,-0.01095559,-0.01191788,0.00261347,12.2109375
161376000,-0.00187087,-0.012593426,-0.00267355,-7.21E-21
161476000,0.001589689,-0.005831161,-0.01212853,-7.21E-21
161576000,-0.002400226,0.005117034,0.000593588,-7.21E-21
161676000,-0.006123675,-0.00800605,-0.000938674,-7.21E-21
161776000,-0.007198418,0.003486884,-0.004466587,-7.21E-21
161876000,-0.00923568,0.010268046,0.000763236,-7.21E-21
161976000,-0.003892249,0.006750831,-0.006331053,12.218506
162076000,-0.002260487,0.003974645,-0.015822142,-7.21E-21
162176000,-0.009189316,0.009104661,-0.007869322,-7.21E-21
162276000,-0.014553644,0.007274122,-0.013230894,-7.21E-21
162376000,0.003079862,0.005647535,-0.007471506,-7.21E-21
162476000,0.010468112,0.003584404,-0.000433698,-7.21E-21
162576000,0.002940654,0.009330543,-0.017033383,-7.21E-21
162676000,0.014273304,0.01228463,-0.005101547,-7.21E-21
162776000,0.000681153,-0.002465413,-0.010451071,-7.21E-21
162876000,0.007551657,-0.001802662,-0.004948392,-7.21E-21
162976000,0.009235727,0.00343195,0.005149776,-7.21E-21
163076000,0.010306771,-0.000888783,-0.001516621,12.229828
163176000,0.007666774,0.000695387,0.006874674,-7.21E-21
163276000,-0.002106187,0.006169478,0.007387538,-7.21E-21
163376000,0.005295516,-0.004351808,-0.002069805,-7.21E-21
163476000,-0.002375639,0.005858799,-0.002025161,-7.21E-21
163576000,-0.005195711,0.000737254,0.00901614,-7.21E-21
163676000,0.014879663,-0.001174549,0.007186729,-7.21E-21
163776000,-0.004951648,-0.00248362,0.007212005,12.236572
163876000,-0.003092247,-0.017537689,0.000189225,-7.21E-21
163976000,-0.002732827,-0.008491167,-0.005957357,-7.21E-21
164076000,-0.00049862,-0.017030764,-0.00680416,-7.21E-21
164176000,0.004275264,-0.001945575,-0.003575691,-7.21E-21
164276000,-0.003879595,-0.008095496,0.002117994,-7.21E-21
164376000,-0.003773246,-0.003789027,0.009115044,-7.21E-21
164476000,0.014430638,-0.01865223,-0.000586233,-7.21E-21
164576000,-0.007105737,-0.005038946,0.001626925,-7.21E-21
164676000,-0.000482985,-0.013431644,0.001918872,-7.21E-21
164776000,-0.003423498,-0.013346567,0.00916959,-7.21E-21
164876000,-0.002760952,-0.008351659,0.008471857,12.247253
164976000,-0.007740177,-0.014052155,-0.0057054,12.248199
165076000,-0.004880027,-0.007340019,-0.000633077,-7.21E-21
165176000,-0.007050891,-0.011852367,-0.003614688,-7.21E-21
165276000,-0.006889391,-0.0117589,-0.006099368,-7.21E-21
165376000,-9.39E-05,-0.017887402,0.00037017,-7.21E-21
165476000,-0.011729359,-0.008627081,0.007701992,12.253235
165576000,-0.010356235,-0.009400243,-0.003487621,12.254211
165676000,-0.007728518,-0.003995243,0.009361137,-7.21E-21
165776000,0.002721689,-0.005659137,0.007879349,-7.21E-21
165876000,-0.001976686,-0.002911425,-0.00057055,-7.21E-21
165976000,-0.001548957,-0.016215557,-0.000113042,-7.21E-21
166076000,0.005470627,-0.00963502,-0.010861795,-7.21E-21
166176000,0.001118349,-0.009594057,0.00990462,-7.21E-21
166276000,-0.000982939,-0.017090218,0.002693981,-7.21E-21
166376000,0.005436193,-0.000119663,-0.002372222,-7.21E-21
166476000,-0.001105405,-0.007726474,0.001179655,-7.21E-21
166576000,0.001304052,-0.007282895,0.00533337,-7.21E-21
166676000,0.007998213,0.006024748,-0.002543391,12.265442
166776000,-0.007347421,0.000607085,-0.000489697,12.266418
166876000,0.002654759,-0.015800754,-0.002655779,-7.21E-21
166976000,-0.000802333,-0.013654524,-0.002207274,-7.21E-21
167076000,-0.001242962,0.007124702,-0.00545974,-7.21E-21
167176000,-0.005288019,-0.002533092,0.004015405,-7.21E-21
167276000,0.004672223,0.0062795,0.00493579,12.271515
167376000,-0.004769271,-0.003155154,-0.000894033,-7.21E-21
167476000,-0.003059591,-0.003882473,0.0112561,-7.21E-21
167576000,-0.000915453,-0.00585798,-0.00548597,-7.21E-21
167676000,0.001189322,0.009693823,0.003305887,-7.21E-21
167776000,0.007664835,-0.004487917,-0.001719648,-7.21E-21
167876000,0.003521965,0.005444259,0.007003332,12.277435
167976000,0.004499557,0.002985788,0.000574197,-7.21E-21
168076000,-0.00223142,9.63E-05,0.004503346,-7.21E-21
168176000,-0.007766111,-0.00567043,0.00605733,-7.21E-21
168276000,-0.005112844,-0.008807816,-0.009484386,-7.21E-21
168376000,0.010395988,-0.009114675,0.001773662,-7.21E-21
168476000,0.003526023,-0.00291971,-0.005312581,12.283264
168576000,-0.005681436,-0.006208654,-0.001815943,12.28418
168676000,0.003186757,-0.002315065,-0.001827522,-7.21E-21
168776000,0.010253309,0.00172829,0.004178001,-7.21E-21
168876000,-0.009265457,-0.005202448,0.009342617,-7.21E-21
168976000,-0.0013657,-0.013012978,-0.001592354,-7.21E-21
169076000,0.000881201,-0.015450653,0.008675181,12.289032
169176000,0.006149972,-0.022272045,0.001900124,-7.21E-21
169276000,-0.005286659,-0.005073128,0.006428304,-7.21E-21
169376000,-0.000516629,-0.009943399,-0.000880931,-7.21E-21
169476000,0.007507099,-0.004989326,0.00198407,-7.21E-21
169576000,-0.005596663,-0.016037825,-0.004647768,-7.21E-21
169676000,-0.003555804,-0.007489813,-0.003075683,12.29483
169776000,-0.011309027,-0.011361823,0.004912207,12.295776
169876000,-0.001164886,0.002135897,-0.000904203,-7.21E-21
169976000,0.001000167,-0.004886149,-0.004710992,-7.21E-21
170076000,-0.005583865,-0.001510018,-0.001102833,-7.21E-21
170176000,-0.003524149,-0.004367772,0.005973944,-7.21E-21
170276000,-0.003138876,-0.008912509,0.008566471,12.30069
170376000,0.007912111,-0.009226641,-0.001978012,12.301636
170476000,0.004706696,0.001082795,0.003844771,-7.21E-21
170576000,0.009481118,-0.013176139,0.002825795,-7.21E-21
170676000,0.006454513,-0.009407328,-0.009503276,-7.21E-21
170776000,0.013112927,-0.012537694,0.012456838,-7.21E-21
170876000,0.02220797,-0.001344714,0.006523506,12.30661
170976000,0.011454769,-0.008050819,0.006196046,-7.21E-21
171076000,0.010887835,-0.001319157,-0.002557461,-7.21E-21
171176000,0.010480381,-0.008038975,0.001128544,-7.21E-21
171276000,0.002720622,-0.002321342,0.01064075,-7.21E-21
171376000,0.007934561,-0.005812778,0.008304439,-7.21E-21
171476000,-0.006804576,-0.007924515,0.006926538,12.3125305
171576000,0.0048222,-0.00961768,0.009399592,12.313477
171676000,-0.002113128,0.006228531,0.012926912,-7.21E-21
171776000,-0.003163452,-0.017732058,0.015611081,-7.21E-21
171876000,-0.001525297,-0.004490182,0.009711651,-7.21E-21
171976000,-0.005905238,-0.002484184,0.001567915,-7.21E-21
172076000,-0.007226822,-0.002501938,0.014483191,12.318481
172176000,-0.006486908,-0.013058971,0.007710675,12.3194275
172276000,-0.004933907,-0.008274726,0.01003015,-7.21E-21
172376000,-0.00347516,-0.010196506,0.010078117,-7.21E-21
172476000,-0.010856697,-0.001409804,0.00064271,-7.21E-21
172576000,-0.000890502,-0.011546742,0.012090899,-7.21E-21
172676000,-0.008939973,0.003416026,0.007745863,-7.21E-21
172776000,-0.009188095,-0.011577617,-0.004265137,-7.21E-21
172876000,0.001999688,-0.007180132,0.008888489,-7.21E-21
172976000,-0.007406645,0.005979691,0.001694996,-7.21E-21
173076000,-0.014448731,-0.002290862,-0.009064173,-7.21E-21
173176000,-0.026569232,0.002902252,-0.003101895,-7.21E-21
173276000,-0.016619487,-0.002349702,-0.012764888,12.330261
173376000,-0.012030513,-0.004068718,-0.000579184,-7.21E-21
173476000,-0.015377595,-0.010058529,-0.002966876,-7.21E-21
173576000,-0.018489981,0.00493048,-0.003628288,-7.21E-21
173676000,-0.014201715,-0.005139325,-0.001817716,-7.21E-21
173776000,-0.005930592,-0.013501546,-0.009139909,-7.21E-21
173876000,-0.011341371,-0.00769773,-0.005673183,12.33609
173976000,-0.014234386,-0.002712442,-0.015801258,-7.21E-21
174076000,0.001288707,-0.005616485,-0.007147044,-7.21E-21
174176000,-0.009548618,-0.012672689,-0.00561933,-7.21E-21
174276000,0.004054069,-0.000396675,-0.009596613,-7.21E-21
174376000,0.005428789,-0.009432007,-0.008886121,-7.21E-21
174476000,0.000442634,0.001978297,0.004368579,12.341888
174576000,0.004460656,0.002555253,-0.011160003,-7.21E-21
174676000,0.000855688,0.00382548,-0.01850446,-7.21E-21
174776000,0.004349794,-0.007801065,-0.015571623,-7.21E-21
174876000,0.010995148,-0.010893083,-0.01134519,-7.21E-21
174976000,0.011633111,0.000558873,-0.0202948,-7.21E-21
175076000,0.004857935,-0.01156765,-0.00816648,12.347717
175176000,0.002475953,-0.012995019,-0.007429938,-7.21E-21
175276000,0.001307449,-0.005092361,-0.008232542,-7.21E-21
175376000,0.01169104,-0.012016352,-0.012846336,-7.21E-21
175476000,0.004676683,-0.011345122,-0.01970506,-7.21E-21
175576000,0.01593277,-0.003270406,0.001873738,-7.21E-21
175676000,0.023735048,-0.009672926,0.005792481,-7.21E-21
175776000,0.020545524,-0.002027198,-0.009322785,-7.21E-21
175876000,0.023546884,-0.010722302,0.001129078,-7.21E-21
175976000,0.006088919,-0.006686457,0.000675631,-7.21E-21
176076000,0.005190655,-0.004872021,0.000451767,-7.21E-21
176176000,-0.002634645,-0.005993945,0.00729148,-7.21E-21
176276000,0.008755304,-0.006914975,0.000851354,-7.21E-21
176376000,0.009291986,-0.006605883,0.004329798,12.360352
176476000,-0.008278957,0.000269629,0.001030174,-7.21E-21
176576000,0.001722401,0.001923687,0.009559021,-7.21E-21
176676000,0.001339646,0.001329799,0.00984727,-7.21E-21
176776000,0.003942206,-0.009335621,0.006264557,-7.21E-21
176876000,-0.009031819,-0.000759658,0.007033776,12.365295
176976000,-0.006292622,0.003960808,0.004416983,-7.21E-21
177076000,-0.017038735,-0.012070808,0.000810137,-7.21E-21
177176000,0.008197441,-0.001745226,0.014261567,-7.21E-21
177276000,-0.01165483,-0.009952968,0.009241205,-7.21E-21
177376000,-0.005396653,-0.006775363,0.003844896,-7.21E-21
177476000,0.003143739,-0.007550931,-0.002306829,12.371124
177576000,-0.009271086,0.000719541,-0.000188937,-7.21E-21
177676000,-0.016623152,-0.007888805,0.000934914,-7.21E-21
177776000,-0.004320804,-0.009789304,0.006215296,-7.21E-21
177876000,-0.021133676,-0.008637275,-0.00154511,-7.21E-21
177976000,-0.002041709,-0.010165053,-0.000143258,-7.21E-21
178076000,-0.009951576,-0.001677626,0.000638511,-7.21E-21
178176000,-0.009669674,0.002255977,0.006052738,12.377838
178276000,0.004676392,0.006638859,-0.001469049,-7.21E-21
178376000,-0.000405215,-0.002351911,-0.000300273,-7.21E-21
178476000,-0.001726365,-0.00549599,-0.003860199,-7.21E-21
178576000,-0.002449231,-0.009964285,-0.001038144,-7.21E-21
178676000,0.002672075,0.002089823,-0.001707388,-7.21E-21
178776000,-0.003428651,-0.008680039,-0.006010148,12.383575
178876000,0.006618604,-0.004152234,-0.00186216,-7.21E-21
178976000,-0.000607087,-0.112248026,-0.010911986,-7.21E-21
179076000,-0.004032186,-0.15721725,0.003376961,-7.21E-21
179176000,-0.00373887,-0.1485388,-0.010921736,-7.21E-21
179276000,-0.003619475,-0.103616916,-0.003807805,-7.21E-21
179376000,-0.00053315,-0.057982456,-0.000256146,12.38974
179476000,-0.008919911,-0.021251751,-0.005366918,-7.21E-21
179576000,-0.003109419,0.009645735,-0.001067089,-7.21E-21
179676000,-0.001743576,0.001589307,0.004035381,-7.21E-21
179776000,0.000406548,-0.004338394,-0.006140152,-7.21E-21
179876000,-0.004789614,-0.009656902,-1.13E-06,-7.21E-21
179976000,-0.009455435,0.003586698,-0.00720799,-7.21E-21
180076000,-0.004879342,0.002748429,-0.004249384,-7.21E-21
180176000,-0.000208694,0.011632916,0.006566027,-7.21E-21
180276000,-0.005630513,0.012963249,-0.007074179,-7.21E-21
180376000,0.005403426,0.013934543,0.00057814,-7.21E-21
180476000,0.009914721,0.032444168,0.003351088,-7.21E-21
180576000,-0.002441881,-0.00731846,0.002024683,-7.21E-21
180676000,-0.013006087,-0.009488551,-0.000588769,-7.21E-21
180776000,-0.004235351,-0.004246488,-0.00324352,-7.21E-21
180876000,-0.003380972,0.000444391,-0.010581188,-7.21E-21
180976000,-0.000539944,-0.013340424,0.000614084,-7.21E-21
181076000,0.00336077,-0.007297813,-0.00554409,12.404602
181176000,-0.001998794,-0.016035255,-0.005234024,-7.21E-21
181276000,-0.000661084,-0.008891284,-0.007750926,-7.21E-21
181376000,-0.004453465,-0.005171292,0.001459742,-7.21E-21
181476000,-0.005928155,-0.005345712,-0.002221225,-7.21E-21
181576000,-0.012903998,-0.001898701,0.003266509,-7.21E-21
181676000,-0.010088729,0.0045853,0.003345175,12.404602
181776000,-0.000590137,-0.001802143,0.000702006,-7.21E-21
181876000,-0.005290121,-0.000868306,0.004368078,-7.21E-21
181976000,-0.00250874,0.00227823,-0.00336629,-7.21E-21
182076000,-0.003377581,0.003343051,0.008547119,-7.21E-21
182176000,-0.007970707,0.001721823,0.006388463,-7.21E-21
182276000,-0.000963969,-0.006930916,0.004823097,12.404602
182376000,0.005666856,-0.003882602,-0.008111835,-7.21E-21
182476000,0.005794762,-0.011037315,0.006714296,-7.21E-21
182576000,-0.000182648,-0.006607938,-0.000319634,-7.21E-21
182676000,0.004874396,-0.004936819,-0.000301086,-7.21E-21
182776000,0.001185974,-0.013581815,0.005011258,-7.21E-21
182876000,-0.001852495,-0.011438774,0.003462067,12.404602
182976000,0.002049134,-0.007800108,-0.003682144,12.404602
183076000,0.003273639,-0.009561181,0.001277651,-7.21E-21
183176000,0.002151211,-0.000766033,0.009626697,-7.21E-21
183276000,0.001313943,0.000117144,0.012449326,-7.21E-21
183376000,-0.001075341,-0.013275451,-0.001703957,-7.21E-21
183476000,0.000211879,-0.012448956,0.002491207,12.404602
183576000,-0.001043926,-0.003014724,0.006956819,-7.21E-21
183676000,0.004075646,-0.019027824,0.002276442,-7.21E-21
183776000,-0.002517154,-0.009469783,0.006409732,-7.21E-21
183876000,0.001194888,-0.009093633,-0.005214489,-7.21E-21
183976000,0.005104512,-0.011831303,0.001866352,-7.21E-21
184076000,-0.006224893,0.002499658,-0.007054304,12.404602
184176000,4.37E-05,-0.005106316,0.004092651,-7.21E-21
184276000,-0.006256781,-0.005455144,0.004715886,-7.21E-21
184376000,-0.000204621,0.00518952,-0.000164871,-7.21E-21
184476000,0.003028075,-0.008058087,-0.005955851,-7.21E-21
184576000,0.001015275,-0.001140169,0.004425965,-7.21E-21
184676000,0.003308395,-0.010305052,0.010606333,12.404602
184776000,-0.004099656,-0.002164998,-0.007110475,-7.21E-21
184876000,-0.00041493,-0.004111449,-0.002935702,-7.21E-21
184976000,-0.0025517,-0.013149866,0.007400365,-7.21E-21
