timestamp,lat,lon,alt,vel_m_s,vel_n_m_s,vel_e_m_s,vel_d_m_s,cog_rad
17080000,398714138,327364368,400129,0,-0.01,-0.01,0,4.116708
17284000,398714138,327364368,400117,0,0.01,-0.01,0.03,5.3803263
17488000,398714138,327364381,400123,3.27,0.01,3.26,0,1.5669565
17692000,398714138,327364566,400125,11.33,0,11.33,0,1.5699236
17896000,398714138,327364912,400128,16.449999,0.02,16.46,-0.049999997,1.5692254
18100000,398714138,327365349,400141,19.76,-0.11,19.76,-0.099999994,1.5765558
18304000,398714134,327365839,400160,21.66,-0.31,21.67,-0.01,1.585457
18508000,398714126,327366373,400160,22.76,-0.52,22.76,-0.12,1.5936601
18712000,398714112,327366937,400275,23.289999,-1.01,23.279999,-1.01,1.6140804
18916000,398714089,327367496,400571,23.49,-1.5,23.449999,-1.8299999,1.6348499
19120000,398714057,327368048,401014,23.49,-1.9799999,23.39,-2.57,1.6552702
19324000,398714016,327368607,401619,23.359999,-2.52,23.23,-3.4299998,1.6790067
19528000,398713964,327369172,402417,23.15,-2.95,22.98,-4.13,1.6987288
19732000,398713905,327369718,403335,22.869999,-3.4399998,22.609999,-4.87,1.7219417
19936000,398713839,327370244,404378,22.539999,-3.8799999,22.199999,-5.64,1.7441075
20140000,398713763,327370770,405609,22.16,-4.3399997,21.74,-6.47,1.7680185
20344000,398713676,327371296,407007,21.84,-4.88,21.279999,-6.8999996,1.7962928
20548000,398713579,327371801,408465,21.59,-5.66,20.83,-7.2599998,1.8362609
20752000,398713469,327372285,409953,21.39,-6.58,20.359999,-7.47,1.8832102
20956000,398713340,327372764,411488,20.73,-7.45,19.35,-7.49,1.9381881
21160000,398713190,327373222,413020,20.109999,-8.54,18.199999,-7.31,2.0097466
21364000,398713022,327373647,414461,19.93,-9.719999,17.38,-6.95,2.080956
21568000,398712835,327374048,415797,19.92,-11,16.57,-6.48,2.1568778
21772000,398712618,327374432,417092,19.869999,-12.53,15.429999,-6.2799997,2.252871
21976000,398712367,327374790,418403,19.779999,-14.2,13.75,-6.2,2.3722515
22180000,398712090,327375095,419656,19.67,-15.839999,11.679999,-6.16,2.5062926
22384000,398711791,327375340,420885,19.58,-17.289999,9.19,-6.14,2.6527257
22588000,398711461,327375525,422139,19.529999,-18.46,6.31,-6.17,2.8120744
22792000,398711106,327375642,423401,19.55,-19.279999,3.26,-6.0299997,2.9735174
22996000,398710747,327375685,424608,19.65,-19.65,0.39999998,-5.79,3.1206486
23200000,398710392,327375664,425753,19.779999,-19.66,-2.18,-5.5499997,3.252072
23404000,398710033,327375583,426839,19.92,-19.39,-4.5299997,-5.12,3.3712778
23608000,398709674,327375444,427865,20.039999,-18.859999,-6.77,-4.72,3.4862952
23812000,398709333,327375257,428802,20.119999,-18.07,-8.79,-4.41,3.594331
24016000,398709016,327375026,429647,20.15,-17.06,-10.74,-4.1,3.7034142
24220000,398708715,327374745,430474,20.14,-15.679999,-12.65,-3.99,3.8205256
24424000,398708437,327374412,431299,20.1,-13.849999,-14.57,-4.02,3.9521236
24628000,398708203,327374040,432130,20.029999,-11.55,-16.38,-4.0899997,4.098033
24832000,398708019,327373636,432966,19.97,-8.88,-17.88,-4.29,4.251273
25036000,398707883,327373192,433860,19.949999,-5.99,-19.05,-4.46,4.40748
25240000,398707798,327372718,434777,20.01,-3.21,-19.76,-4.46,4.5509458
25444000,398707761,327372239,435684,20.09,-0.90999997,-20.09,-4.42,4.666836
25648000,398707762,327371766,436553,20.18,0.9,-20.17,-4.2599998,4.7568946
25852000,398707793,327371283,437404,20.26,2.34,-20.13,-4.15,4.8282785
26056000,398707848,327370793,438260,20.289999,3.48,-20.01,-4.0099998,4.884653
26260000,398707920,327370315,439067,20.289999,4.2999997,-19.84,-3.9499998,4.9260173
26464000,398708003,327369851,439849,20.27,4.8399997,-19.67,-3.9199998,4.953768
26668000,398708096,327369380,440659,20.22,5.24,-19.52,-3.97,4.974712
26872000,398708196,327368904,441500,20.15,5.46,-19.41,-4.04,4.98658
27076000,398708298,327368441,442353,20.08,5.48,-19.3,-4.17,4.9893727
27280000,398708397,327367988,443186,20.01,5.46,-19.27,-4.24,4.9883256
27484000,398708496,327367526,444074,19.939999,5.33,-19.199999,-4.3199997,4.983264
27688000,398708594,327367057,444993,19.88,5.0899997,-19.23,-4.4,4.971047
27892000,398708685,327366596,445892,19.83,4.75,-19.27,-4.46,4.9539423
28096000,398708767,327366143,446783,19.789999,4.31,-19.3,-4.49,4.931951
28300000,398708842,327365679,447701,19.75,3.79,-19.39,-4.56,4.905597
28504000,398708906,327365204,448645,19.72,3.12,-19.48,-4.5499997,4.871214
28708000,398708957,327364735,449580,19.699999,2.36,-19.59,-4.5699997,4.832293
28912000,398708993,327364266,450508,19.64,1.56,-19.6,-4.56,4.7921505
29115999,398709013,327363809,451418,19.279999,0.75,-19.25,-4.43,4.7513094
29319999,398709020,327363343,452284,18.84,0.02,-18.85,-3.99,4.7136106
29524000,398709015,327362905,453012,18.5,-0.61,-18.5,-3.37,4.6790533
29728000,398708998,327362466,453630,18.199999,-1.18,-18.16,-2.6699998,4.6469393
29932000,398708970,327362026,454120,17.92,-1.8199999,-17.81,-2.01,4.610287
30136000,398708932,327361610,454461,17.699999,-2.44,-17.539999,-1.4,4.5738096
30340000,398708880,327361185,454702,17.51,-3.05,-17.22,-0.87,4.536809
30544000,398708818,327360775,454822,17.359999,-3.6399999,-16.97,-0.35,4.500506
30748000,398708747,327360380,454857,17.24,-4.27,-16.699999,0.04,4.4617596
30952000,398708661,327359975,454835,17.13,-4.88,-16.43,0.39,4.423537
31156000,398708568,327359592,454729,17.05,-5.45,-16.17,0.66999996,4.3874083
31360000,398708463,327359207,454552,16.98,-6.02,-15.88,0.90999997,4.349535
31564000,398708344,327358823,454333,16.92,-6.58,-15.599999,1.13,4.3130574
31768000,398708221,327358460,454100,16.88,-7.0499997,-15.33,1.22,4.281118
31972000,398708084,327358088,453847,16.85,-7.52,-15.049999,1.3,4.2488294
32176000,398707942,327357729,453568,16.82,-7.98,-14.809999,1.3399999,4.2177625
32380000,398707795,327357384,453289,16.8,-8.33,-14.62,1.4399999,4.1942005
32584000,398707636,327357029,453002,16.789999,-8.67,-14.37,1.37,4.1692424
32788000,398707477,327356693,452730,16.779999,-8.91,-14.23,1.39,4.1528363
32992000,398707311,327356354,452453,16.779999,-9.11,-14.04,1.29,4.1367793
33196000,398707137,327356011,452163,16.779999,-9.32,-13.94,1.28,4.122991
33400000,398706968,327355684,451905,16.779999,-9.469999,-13.86,1.24,4.1128683
33604000,398706789,327355345,451655,16.779999,-9.559999,-13.799999,1.18,4.106236
33808000,398706613,327355015,451421,16.779999,-9.599999,-13.7699995,1.11,4.103269
34012000,398706440,327354692,451204,16.779999,-9.62,-13.759999,1.04,4.1020474
34216000,398706259,327354356,450994,16.779999,-9.61,-13.75,0.98999995,4.102396
34420000,398706086,327354033,450811,16.779999,-9.58,-13.78,0.87,4.1050143
34624000,398705910,327353702,450634,16.77,-9.54,-13.799999,0.81,4.107283
34828000,398705732,327353364,450471,16.76,-9.46,-13.849999,0.83,4.1128683
35032000,398705562,327353039,450324,16.75,-9.38,-13.9,0.76,4.118628
35236000,398705387,327352697,450175,16.75,-9.2699995,-13.95,0.61,4.125784
35440000,398705221,327352370,450060,16.74,-9.19,-14,0.61,4.131194
35644000,398705053,327352034,449949,16.74,-9.099999,-14.049999,0.57,4.1371284
35848000,398704883,327351689,449837,16.73,-8.98,-14.12,0.48999998,4.145506
36052000,398704722,327351357,449742,16.73,-8.9,-14.15,0.39999998,4.1509166
36256000,398704556,327351010,449652,16.72,-8.79,-14.19,0.42999998,4.1573744
36460000,398704395,327350668,449578,16.71,-8.71,-14.28,0.34,4.1643553
36664000,398704238,327350333,449513,16.69,-8.639999,-14.309999,0.29,4.169068
36868000,398704076,327349983,449456,16.68,-8.559999,-14.299999,0.26999998,4.1725583
37072000,398703922,327349646,449399,16.67,-8.5,-14.32,0.26999998,4.176573
37276000,398703766,327349302,449359,16.65,-8.44,-14.349999,0.19,4.180238
37480000,398703608,327348952,449313,16.63,-8.42,-14.34,0.19,4.181285
37684000,398703457,327348615,449281,16.619999,-8.36,-14.34,0.13,4.1842523
37888000,398703300,327348264,449253,16.6,-8.36,-14.34,0.12,4.1846013
38092000,398703146,327347920,449237,16.59,-8.349999,-14.33,0.14,4.1849504
38296000,398702996,327347582,449215,16.57,-8.309999,-14.33,0.07,4.1866956
38500000,398702839,327347233,449216,16.55,-8.34,-14.28,0.07,4.183554
38704000,398702689,327346897,449200,16.529999,-8.32,-14.2699995,0.049999997,4.1842523
38908000,398702536,327346555,449188,16.51,-8.349999,-14.28,0.01,4.182856
39112000,398702379,327346207,449178,16.48,-8.33,-14.2,0.04,4.1819835
39316000,398702228,327345873,449166,16.46,-8.349999,-14.19,0.01,4.180238
39520000,398702072,327345526,449179,16.43,-8.349999,-14.15,0,4.1791906
39724000,398701918,327345187,449181,16.41,-8.37,-14.099999,0.01,4.176573
39928000,398701767,327344856,449182,16.39,-8.389999,-14.09,-0.04,4.1748276
40132000,398701608,327344511,449173,16.66,-8.53,-14.299999,-0.01,4.1744785
40336000,398701451,327344166,449206,17.49,-8.82,-15.089999,-0.42999998,4.183205
40540000,398701289,327343793,449381,18.25,-8.71,-16.02,-1.3399999,4.2140975
40744000,398701133,327343389,449789,18.64,-7.83,-16.92,-2.53,4.278849
40948000,398701004,327342982,450401,18.77,-6.46,-17.63,-3.46,4.3608794
41152000,398700900,327342543,451211,18.76,-4.64,-18.18,-4.2799997,4.4621086
41356000,398700833,327342103,452140,18.71,-2.6499999,-18.51,-4.77,4.56997
41560000,398700803,327341666,453139,18.67,-0.69,-18.68,-5.21,4.675039
41764000,398700809,327341210,454238,18.66,1.24,-18.63,-5.4,4.779235
41968000,398700847,327340774,455334,18.68,2.9099998,-18.43,-5.5699997,4.8694687
42172000,398700915,327340335,456471,18.72,4.48,-18.17,-5.5699997,4.9542913
42376000,398701013,327339895,457611,18.74,5.87,-17.8,-5.48,5.0310855
42580000,398701131,327339482,458707,18.75,7.1099997,-17.359999,-5.45,5.101423
42784000,398701275,327339064,459841,18.72,8.24,-16.81,-5.4,5.168094
42988000,398701437,327338668,460952,18.67,9.26,-16.199999,-5.47,5.2317986
43192000,398701612,327338295,462044,18.58,10.139999,-15.57,-5.5499997,5.2895694
43396000,398701807,327337906,463318,19.279999,10.63,-16.08,-6.67,5.2965508
43600000,398702003,327337541,464656,18.68,11.03,-15.07,-6.67,5.3441978
43804000,398702209,327337189,466008,18.23,11.28,-14.29,-6.56,5.38085
44008000,398702424,327336848,467351,17.91,11.7,-13.58,-6.39,5.4234357
44212000,398702637,327336520,468733,18.55,11.86,-14.2699995,-7.3399997,5.405808
44416000,398702860,327336182,470250,17.949999,11.87,-13.44,-7.1,5.435653
44620000,398703078,327335865,471679,17.59,11.87,-12.99,-6.81,5.4525833
44824000,398703295,327335567,473009,17.35,12.08,-12.46,-6.52,5.482079
45028000,398703523,327335265,474372,18.27,12.259999,-13.57,-7.2999997,5.446998
45232000,398703745,327334955,475796,17.83,12.29,-12.92,-7.0499997,5.4726543
45436000,398703971,327334649,477200,17.529999,12.24,-12.58,-6.67,5.483999
45640000,398704200,327334346,478547,17.32,12.29,-12.2,-6.31,5.501452
45844000,398704424,327334065,479796,17.119999,12.48,-11.73,-6.17,5.5285044
46048000,398704658,327333747,481218,17.81,12.49,-12.7,-6.75,5.4890604
46252000,398704886,327333447,482553,17.449999,12.33,-12.349999,-6.31,5.496914
46456000,398705108,327333161,483780,17.23,12.309999,-12.04,-5.94,5.5091314
46660000,398705341,327332860,485042,18.119999,12.45,-13.179999,-6.41,5.469338
46864000,398705565,327332559,486307,17.529999,12.32,-12.48,-6.27,5.4913297
47068000,398705790,327332265,487548,17.109999,12.099999,-12.099999,-5.79,5.498136
47272000,398706016,327331974,488704,16.869999,12.11,-11.75,-5.38,5.512797
47476000,398706236,327331703,489750,16.699999,12.29,-11.2699995,-5.14,5.540722
47680000,398706470,327331432,490800,16.619999,12.53,-10.92,-5.0099998,5.5660295
47884000,398706703,327331173,491795,16.66,12.75,-10.73,-4.7,5.5834827
48088000,398706935,327330923,492721,16.72,13.009999,-10.51,-4.5499997,5.6035542
48292000,398707181,327330669,493659,16.75,13.28,-10.23,-4.48,5.626941
48496000,398707422,327330432,494551,16.76,13.49,-9.94,-4.43,5.64806
48700000,398707672,327330197,495455,16.77,13.679999,-9.7,-4.4,5.66656
48904000,398707930,327329962,496350,16.779999,13.82,-9.5199995,-4.31,5.679825
49108000,398708181,327329740,497214,16.779999,13.95,-9.349999,-4.31,5.6923914
49312000,398708443,327329513,498116,16.77,13.99,-9.2,-4.2999997,5.7016416
49516000,398708701,327329293,498983,16.779999,14.059999,-9.16,-4.23,5.705481
49720000,398708960,327329041,499926,17.73,14.19,-10.59,-4.79,5.641951
49924000,398709222,327328783,500923,17.3,13.73,-10.49,-4.67,5.630606
50128000,398709466,327328537,501843,16.9,13.299999,-10.37,-4.49,5.6208324
50332000,398709707,327328292,502725,16.32,12.87,-10.05,-4.13,5.6199603
50536000,398709944,327328049,503517,15.839999,12.45,-9.8,-3.4199998,5.6161203
50740000,398710166,327327821,504112,15.53,12.17,-9.67,-2.47,5.6115823
50944000,398710392,327327585,504529,15.28,11.88,-9.59,-1.55,5.603903
51148000,398710609,327327356,504758,15.059999,11.679999,-9.48,-0.71,5.601285
51352000,398710818,327327134,504830,14.889999,11.509999,-9.44,-0.04,5.5962234
51556000,398711032,327326903,504773,14.78,11.36,-9.44,0.5,5.5897655
51760000,398711236,327326681,504626,14.71,11.219999,-9.48,0.94,5.5817375
51964000,398711442,327326452,504389,14.679999,11.139999,-9.53,1.37,5.5754538
52168000,398711651,327326218,504082,14.7,11.12,-9.61,1.61,5.570218
52372000,398711851,327325991,503750,14.74,11.08,-9.71,1.79,5.563411
52576000,398712060,327325752,503362,14.799999,11.08,-9.809999,1.89,5.558524
52780000,398712264,327325516,502971,14.88,11.07,-9.92,1.9399999,5.5522413
52984000,398712464,327325281,502584,14.96,11.13,-10,1.9399999,5.551019
53188000,398712674,327325036,502186,15.049999,11.25,-9.98,1.87,5.557652
53392000,398712879,327324803,501824,15.139999,11.55,-9.79,1.8299999,5.579992
53596000,398713096,327324573,501445,15.2699995,12.05,-9.37,1.8399999,5.6217055
53800000,398713328,327324351,501064,15.4,12.71,-8.74,1.78,5.6810465
54004000,398713572,327324124,500834,16.699999,13.929999,-9.24,0.89,5.6971035
54208000,398713838,327323914,500663,16.5,14.44,-7.96,0.68,5.778785
54412000,398714108,327323739,500529,16.33,14.92,-6.67,0.68,5.8625607
54616000,398714392,327323578,500538,17.359999,16.23,-6.24,-0.28,5.915793
54820000,398714699,327323450,500614,16.94,16.39,-4.27,-0.48,6.0278435
55024000,398714994,327323369,500716,16.609999,16.42,-2.6699998,-0.44,6.1213927
55228000,398715296,327323325,500788,16.369999,16.34,-1,-0.29999998,6.2217493
55432000,398715601,327323324,500836,16.17,16.16,0.84,-0.19999999,0.052010812
55636000,398715890,327323363,500864,16.05,15.849999,2.4099998,-0.08,0.15097097
55840000,398716185,327323439,500852,15.98,15.509999,3.8,0.13,0.24050637
56044000,398716467,327323546,500783,15.96,15.12,5.0899997,0.44,0.32463124
56248000,398716735,327323681,500683,15.94,14.63,6.3199997,0.56,0.40788344
56452000,398717005,327323849,500540,15.929999,14.08,7.48,0.76,0.48834312
56656000,398717253,327324036,500378,15.929999,13.509999,8.44,0.85999995,0.5581563
56860000,398717496,327324251,500213,15.929999,12.849999,9.36,0.91999996,0.62954026
57068000,398717731,327324491,500017,15.92,12.23,10.21,0.90999997,0.69568825
57268000,398717945,327324739,499840,15.9,11.58,10.92,0.90999997,0.7562511
57472000,398718157,327325015,499670,15.88,10.929999,11.53,0.76,0.8117526
57676000,398718353,327325297,499516,15.849999,10.38,12.009999,0.65,0.85800385
57880000,398718535,327325583,499398,15.82,9.88,12.349999,0.53,0.89605206
58084000,398718716,327325889,499291,15.78,9.48,12.62,0.45999998,0.92642075
58288000,398718884,327326188,499204,15.73,9.12,12.82,0.32,0.9522516
58492000,398719050,327326496,499148,15.679999,8.9,12.929999,0.22999999,0.9681341
58696000,398719216,327326812,499099,15.63,8.74,12.96,0.14999999,0.9772098
58900000,398719373,327327116,499078,15.589999,8.7,12.929999,0.14,0.978257
59104000,398719536,327327432,499056,15.549999,8.69,12.92,0.07,0.978257
59308000,398719697,327327740,499037,15.5199995,8.78,12.82,0.11,0.96987945
59512000,398719856,327328040,499019,15.5,8.87,12.719999,0.049999997,0.96185094
59716000,398720024,327328349,499001,15.48,9.04,12.55,0.089999996,0.9463175
59920000,398720189,327328643,498984,15.469999,9.22,12.42,0.13,0.93235487
60124000,398720361,327328938,498967,15.45,9.42,12.24,0.14999999,0.91472703
60328000,398720539,327329235,498955,15.44,9.65,12.08,0.099999994,0.8967501
60532000,398720716,327329517,498927,15.429999,9.849999,11.88,0.13,0.87824965
60735999,398720903,327329804,498901,15.42,10.099999,11.65,0.11,0.85660756
60940000,398721087,327330076,498879,15.42,10.3,11.48,0.08,0.8393288
61143999,398721282,327330354,498851,15.41,10.51,11.29,0.11,0.8208283
61348000,398721477,327330623,498828,15.41,10.7,11.09,0.13,0.80285144
61552000,398721672,327330881,498797,15.41,10.87,10.92,0.07,0.78766704
61756000,398721874,327331141,498782,15.41,11.05,10.78,0.089999996,0.77283174
61960000,398722083,327331402,498759,15.42,11.19,10.59,0.12,0.7579965
62164000,398722286,327331650,498732,15.429999,11.32,10.48,0.13,0.7470009
62368000,398722495,327331900,498714,15.429999,11.42,10.37,0.07,0.737227
62571999,398722710,327332153,498699,15.429999,11.5199995,10.29,0.07,0.72902405
62776000,398722919,327332394,498695,15.429999,11.58,10.21,0.03,0.7223918
62979999,398723132,327332638,498683,15.429999,11.62,10.139999,-0.01,0.7173303
63184000,398723350,327332886,498686,15.429999,11.65,10.12,-0.01,0.7152359
63387999,398723565,327333127,498686,15.429999,11.66,10.11,0.01,0.71453774
63592000,398723775,327333365,498690,15.429999,11.66,10.099999,-0.03,0.7141887
63796000,398723996,327333637,498689,16.73,11.82,11.86,-0.07,0.78679436
64000000,398724212,327333920,498728,16.5,11.62,11.69,-0.29999998,0.78819066
64204000,398724419,327334193,498827,16.19,11.349999,11.559999,-0.63,0.7946484
64408000,398724630,327334473,498974,15.91,11.16,11.36,-0.77,0.7941248
64612000,398724834,327334742,499137,15.7,11.12,11.09,-0.7,0.7840019
64816000,398725035,327335000,499278,15.549999,11.11,10.889999,-0.58,0.7754498
65020000,398725239,327335258,499395,15.32,11,10.679999,-0.53,0.7707374
65224000,398725444,327335517,499476,15.5,11.13,10.76,-0.35,0.7681194
65428000,398725653,327335782,499515,16.64,11.889999,11.67,-0.17,0.7759734
65632000,398725873,327336096,499561,18.46,11.98,14.049999,-0.42999998,0.86463606
65836000,398726091,327336447,499723,18.4,11.12,14.69,-1.1,0.922581
66040000,398726280,327336800,500010,18.109999,9.7699995,15.24,-1.73,1.0004227
66244000,398726448,327337171,500423,17.82,8.47,15.67,-2.21,1.0751228
66448000,398726594,327337559,500891,17.58,7.2,16.05,-2.34,1.1491247
66652000,398726714,327337948,501382,17.39,5.77,16.39,-2.4099998,1.2318534
66856000,398726804,327338336,501879,17.01,4.3399997,16.43,-2.53,1.3124875
67060000,398726868,327338749,502338,17.89,2.45,17.71,-1.7199999,1.4330899
67264000,398726906,327339170,502632,17.48,1.5999999,17.39,-1.1999999,1.4784684
67468000,398726927,327339576,502821,17.1,0.74,17.109999,-0.68,1.5273376
67672000,398726933,327339990,502920,16.779999,-0.01,16.75,-0.17,1.5713199
67876000,398726927,327340389,502890,16.55,-0.52,16.55,0.48999998,1.6022122
68080000,398726914,327340775,502713,16.369999,-1,16.34,1.0799999,1.6320573
68284000,398726873,327341185,502361,17.56,-2.82,17.31,2.11,1.7327628
68488000,398726815,327341606,501887,17.47,-3.4399998,17.14,2.46,1.7688912
68692000,398726746,327342007,501382,17.41,-4.0499997,16.94,2.54,1.8053684
68896000,398726667,327342411,500854,17.369999,-4.46,16.8,2.6499999,1.8305012
69100000,398726580,327342819,500286,17.35,-4.8599997,16.64,2.71,1.8549359
69304000,398726489,327343209,499732,17.33,-5.27,16.52,2.74,1.8797195
69508000,398726389,327343604,499151,17.32,-5.5899997,16.359999,2.8899999,1.9003145
69712000,398726281,327344003,498544,17.33,-5.85,16.34,3.08,1.9146261
69916000,398726171,327344393,497903,17.35,-6.0699997,16.25,3.1399999,1.9284142
70120000,398726045,327344784,497222,18.699999,-7.93,16.93,3.5,2.0086994
70324000,398725894,327345197,496530,18.73,-8.11,16.89,3.1899998,2.0184731
70528000,398725743,327345601,495917,18.71,-8.2699995,16.779999,2.83,2.0287707
70732000,398725595,327345995,495361,18.67,-8.23,16.77,2.6499999,2.0270255
70936000,398725441,327346405,494807,18.619999,-8.139999,16.75,2.6599998,2.0231857
71140000,398725293,327346806,494271,18.56,-8.04,16.73,2.54,2.0188222
71344000,398725143,327347202,493769,19.85,-9.639999,17.369999,2.6399999,2.07764
71548000,398724968,327347619,493235,19.77,-9.41,17.38,2.6699998,2.0671678
71752000,398724793,327348043,492706,19.67,-9.24,17.369999,2.4199998,2.059663
71956000,398724628,327348452,492234,19.57,-8.97,17.41,2.3,2.0463986
72160000,398724466,327348869,491766,19.46,-8.61,17.449999,2.26,2.0291197
72364000,398724308,327349297,491303,19.35,-8.309999,17.449999,2.27,2.0153317
72568000,398724160,327349708,490827,19.25,-8.04,17.47,2.37,2.0022416
72772000,398724014,327350128,490333,19.17,-7.7599998,17.52,2.51,1.9875809
72976000,398723871,327350557,489780,19.109999,-7.52,17.55,2.72,1.975538
73180000,398723735,327350978,489225,19.06,-7.3199997,17.59,2.84,1.9648916
73384000,398723604,327351393,488646,19.029999,-7.12,17.6,2.95,1.9554669
73588000,398723473,327351824,488005,19.01,-6.85,17.71,3.1699998,1.940108
73792000,398723350,327352251,487335,19,-6.43,17.9,3.4099998,1.9158479
73996000,398723239,327352674,486635,19.01,-5.8799996,18.07,3.57,1.8853046
74200000,398723136,327353119,485880,19.029999,-5.0899997,18.33,3.6299999,1.8414968
74404000,398723051,327353562,485124,19.039999,-4.13,18.6,3.74,1.789486
74608000,398722986,327354002,484364,19.05,-3.03,18.81,3.8999999,1.730843
74812000,398722943,327354455,483559,19.06,-1.73,18.97,4,1.662077
75016000,398722925,327354920,482718,19.07,-0.19,19.07,4.13,1.5809191
75220000,398722937,327355368,481903,19.07,1.48,19.029999,4.11,1.4929546
75424000,398722981,327355822,481064,19.06,3.1899998,18.8,4.14,1.4021975
75628000,398723056,327356277,480192,19.07,4.8199997,18.46,4.31,1.314931
75832000,398723157,327356706,479317,19.1,6.24,18.029999,4.46,1.2372639
76036000,398723283,327357134,478387,19.16,7.45,17.65,4.58,1.1711159
76240000,398723433,327357560,477425,19.25,8.45,17.279999,4.71,1.1157889
76444000,398723596,327357972,476466,19.38,9.179999,17.05,4.74,1.0766935
76648000,398723765,327358373,475544,19.51,9.55,17.02,4.6,1.0594147
76852000,398723945,327358790,474600,19.64,9.61,17.13,4.54,1.0590658
77056000,398724121,327359203,473659,19.76,9.4,17.38,4.48,1.0747737
77260000,398724286,327359616,472784,19.859999,8.83,17.8,4.2799997,1.1098548
77464000,398724445,327360056,471885,19.92,8.07,18.23,4.29,1.1536626
77668000,398724584,327360499,471006,19.96,7.04,18.68,4.29,1.2102113
77872000,398724700,327360944,470174,19.99,5.73,19.15,4.0899997,1.2796754
78076000,398724789,327361408,469375,19.98,3.99,19.57,3.7099998,1.3695599
78280000,398724845,327361890,468636,19.9,1.9699999,19.789999,3.4199998,1.471138
78484000,398724862,327362356,467991,19.779999,-0.099999994,19.789999,3.09,1.5762068
78688000,398724839,327362827,467375,19.619999,-2.34,19.49,2.86,1.6903514
78892000,398724773,327363296,466795,19.43,-4.63,18.869999,2.6699998,1.8114772
79096000,398724670,327363730,466272,19.26,-6.7599998,18.039999,2.52,1.929287
79300000,398724527,327364149,465777,19.029999,-8.809999,16.88,2.45,2.0516346
79504000,398724343,327364545,465264,18.8,-10.67,15.46,2.48,2.1748548
79708000,398724130,327364897,464769,18.58,-12.38,13.86,2.48,2.2994714
79912000,398723893,327365201,464280,18.39,-13.82,12.08,2.47,2.4232152
80116000,398723619,327365473,463763,18.27,-15.25,10.04,2.45,2.5593507
80320000,398723329,327365687,463264,18.06,-16.279999,7.87,2.49,2.6912975
80524000,398723029,327365846,462746,17.91,-16.99,5.7,2.62,2.8176596
80728000,398722722,327365937,462036,16.609999,-16.449999,2.53,3.6,2.9888763
80932000,398722415,327365969,461277,16.92,-16.94,0.08,3.77,3.136182
81136000,398722107,327365940,460510,17.31,-17.15,-2.48,3.75,3.2852333
81340000,398721795,327365852,459725,17.42,-16.76,-4.72,3.83,3.4159584
81544000,398721485,327365711,458906,17.56,-16.19,-6.75,4.0099998,3.5369096
81748000,398721199,327365531,458077,17.69,-15.53,-8.45,4.2599998,3.639884
81952000,398720919,327365311,457214,17.83,-14.88,-9.809999,4.17,3.7245326
82156000,398720645,327365058,456382,17.97,-14.36,-10.79,3.77,3.785968
82360000,398720389,327364797,455708,18.039999,-14.09,-11.3,3,3.8175585
82564000,398720131,327364525,455136,18.02,-14.11,-11.21,2.47,3.8126717
82768000,398719863,327364257,454649,17.97,-14.469999,-10.679999,2.22,3.7770667
82972000,398719592,327364012,454223,17.92,-15.04,-9.73,2.05,3.7158058
83176000,398719314,327363797,453832,17.91,-15.75,-8.54,1.88,3.6384878
83380000,398719011,327363607,453448,17.93,-16.5,-6.95,1.78,3.5404003
83584000,398718700,327363463,453088,17.96,-17.199999,-5.1,1.61,3.4297464
83788000,398718384,327363365,452777,17.99,-17.73,-3.1899998,1.48,3.3197906
83992000,398718049,327363313,452488,18.029999,-18,-1.12,1.39,3.2037263
84196000,398717717,327363310,452213,18.08,-18.06,0.78999996,1.31,3.0976102
84400000,398717391,327363349,451950,18.109999,-17.93,2.46,1.31,3.0049334
84604000,398717079,327363403,451805,16.92,-16.699999,2.71,0.66999996,2.980324
84808000,398716768,327363486,451657,17.01,-16.56,3.97,0.77,2.9057984
85012000,398716471,327363591,451490,17.14,-16.42,4.96,0.93,2.8478537
85216000,398716170,327363722,451270,17.3,-16.27,5.91,1.13,2.7928758
85420000,398715867,327363878,451018,17.44,-16.06,6.8399997,1.27,2.738945
85624000,398715574,327364051,450766,17.55,-15.82,7.5699997,1.1899999,2.694963
85828000,398715290,327364236,450542,17.619999,-15.599999,8.16,1.09,2.659358
86032000,398714999,327364443,450316,17.66,-15.37,8.69,1.02,2.626895
86236000,398714719,327364657,450112,17.68,-15.15,9.13,0.9,2.5993187
86440000,398714448,327364876,449939,17.67,-14.94,9.4,0.76,2.5799456
86644000,398714168,327365109,449789,17.65,-14.79,9.63,0.63,2.5642376
86848000,398713898,327365342,449677,17.63,-14.66,9.79,0.55,2.5523694
87052000,398713634,327365573,449574,17.6,-14.54,9.87,0.45,2.5448644
87256000,398713367,327365811,449495,17.57,-14.469999,9.94,0.39999998,2.5396285
87460000,398713095,327366055,449427,17.539999,-14.429999,9.969999,0.34,2.5370107
87664000,398712835,327366288,449366,17.52,-14.42,9.95,0.29,2.5377085
87868000,398712570,327366526,449316,17.5,-14.41,9.92,0.19999999,2.5387557
88072000,398712299,327366768,449265,17.48,-14.42,9.86,0.19999999,2.5417228
88276000,398712039,327366999,449221,17.46,-14.45,9.8,0.17,2.545388
88480000,398711773,327367234,449179,17.44,-14.46,9.76,0.17,2.548006
88684000,398711501,327367472,449145,17.43,-14.49,9.67,0.14999999,2.5528932
88888000,398711234,327367703,449125,17.42,-14.5199995,9.639999,0.13,2.555162
89092000,398710972,327367928,449103,17.4,-14.54,9.55,0.089999996,2.5603979
89296000,398710699,327368161,449071,17.39,-14.549999,9.53,0.12,2.561445
89500000,398710432,327368389,449054,17.369999,-14.54,9.48,0.12,2.563714
89704000,398710169,327368613,449030,17.359999,-14.559999,9.429999,0.08,2.5666811
89908000,398709896,327368844,449020,17.34,-14.549999,9.42,0.07,2.5668557
90112000,398709628,327369069,449000,17.32,-14.57,9.389999,0.099999994,2.5689502
90316000,398709365,327369290,448983,17.31,-14.549999,9.349999,0.07,2.5705209
90520000,398709097,327369514,448960,17.3,-14.549999,9.36,0.07,2.5698225
90724000,398708825,327369743,448954,17.289999,-14.54,9.38,0.06,2.5687754
90928000,398708563,327369964,448949,17.279999,-14.5,9.4,0.049999997,2.5661576
91132000,398708296,327370190,448947,17.27,-14.5,9.42,0.08,2.5654593
91336000,398708025,327370419,448929,17.27,-14.48,9.41,0.049999997,2.5651104
91540000,398707769,327370612,448905,16.08,-14.08,7.77,0.21,2.637018
91744000,398707509,327370799,448844,16.23,-14.2,7.85,0.31,2.6364944
91948000,398707240,327370991,448776,16.4,-14.38,7.8999996,0.42,2.6387634
92152000,398706975,327371183,448687,16.59,-14.48,8.059999,0.45,2.6337018
92356000,398706713,327371376,448594,16.76,-14.549999,8.309999,0.55,2.6225317
92560000,398706439,327371582,448482,16.91,-14.65,8.47,0.51,2.6176448
92764000,398706169,327371785,448385,17.01,-14.74,8.51,0.37,2.6179938
92968000,398705902,327371984,448325,17.07,-14.82,8.47,0.22999999,2.622008
93172000,398705624,327372192,448283,17.13,-14.889999,8.47,0.17,2.6241024
93376000,398705349,327372395,448240,17.16,-14.969999,8.389999,0.099999994,2.6303856
93580000,398705078,327372590,448231,17.17,-15.04,8.2699995,0,2.6385887
93784000,398704800,327372787,448234,17.17,-15.139999,8.13,0,2.648886
93988000,398704515,327372983,448256,17.17,-15.259999,7.91,-0.16,2.6628487
94192000,398704239,327373166,448292,17.17,-15.38,7.6299996,-0.16,2.6810002
94396000,398703955,327373344,448330,17.17,-15.54,7.24,-0.19,2.705609
94600000,398703660,327373514,448381,17.16,-15.809999,6.69,-0.22999999,2.7410395
94804000,398703372,327373663,448438,17.17,-16.13,5.92,-0.22999999,2.7895598
95008000,398703072,327373793,448492,17.199999,-16.47,4.85,-0.24,2.8546605
95212000,398702759,327373895,448528,17.24,-16.88,3.4399998,-0.25,2.9401815
95416000,398702445,327373959,448572,17.279999,-17.17,1.91,-0.22,3.030415
95620000,398702134,327373988,448609,17.33,-17.31,0.53999996,-0.14999999,3.1098275
95824000,398701808,327373986,448631,17.369999,-17.35,-0.72999996,-0.11,3.1838295
96028000,398701490,327373953,448645,17.39,-17.27,-1.9699999,-0.049999997,3.2552135
96232000,398701179,327373892,448666,17.4,-17.109999,-3.1399999,-0.099999994,3.3234558
96436000,398700861,327373800,448676,17.41,-16.85,-4.37,0,3.3953633
96640000,398700554,327373680,448670,17.41,-16.48,-5.6099997,0.06,3.4695399
96844000,398700260,327373532,448654,17.42,-15.99,-6.89,0.16,3.5484288
97048000,398699971,327373351,448615,17.42,-15.349999,-8.25,0.28,3.6348226
97252000,398699692,327373131,448548,17.42,-14.44,-9.76,0.32,3.735877
97456000,398699442,327372884,448479,17.42,-13.299999,-11.24,0.37,3.843215
97660000,398699210,327372596,448402,17.4,-11.82,-12.759999,0.37,3.9650388
97864000,398699005,327372265,448324,17.39,-9.94,-14.2699995,0.32999998,4.1037927
98068000,398698845,327371914,448270,17.39,-7.75,-15.559999,0.19,4.2498765
98272000,398698726,327371527,448230,17.4,-5.29,-16.56,0.14999999,4.4027677
98476000,398698652,327371113,448206,17.44,-2.6599998,-17.22,0.089999996,4.5586257
98680000,398698626,327370696,448182,17.49,-0.08,-17.5,0.089999996,4.7073274
98884000,398698648,327370286,448150,17.55,2.32,-17.38,0.17999999,4.8455577
99088000,398698714,327369865,448098,17.6,4.72,-16.94,0.29,4.984137
99292000,398698821,327369467,448004,17.64,6.92,-16.21,0.48999998,5.115909
99496000,398698966,327369097,447890,17.66,9.01,-15.19,0.62,5.247507
99700000,398699155,327368742,447749,17.67,11.05,-13.7699995,0.71,5.3888783
99904000,398699376,327368432,447602,17.68,12.95,-12.03,0.75,5.534439
100108000,398699626,327368174,447447,17.69,14.61,-9.99,0.74,5.6833158
100312000,398699908,327367962,447319,17.73,15.96,-7.71,0.64,5.8330646
100516000,398700217,327367803,447180,17.779999,16.94,-5.35,0.55,5.9768796
100720000,398700529,327367702,447083,17.83,17.52,-3.23,0.48,6.1006236
100924000,398700855,327367648,447005,17.869999,17.82,-1.3399999,0.32,6.207612
101128000,398701190,327367636,446941,17.89,17.9,0.29,0.22,0.016231563
101332000,398701512,327367659,446916,17.9,17.83,1.55,0.099999994,0.08656833
101536000,398701839,327367708,446914,17.88,17.68,2.57,-0.04,0.14451325
101740000,398702170,327367781,446948,17.83,17.539999,3.34,-0.26,0.18849556
101944000,398702490,327367869,447009,17.77,17.32,3.9399998,-0.32999998,0.22392574
102148000,398702801,327367968,447101,17.69,17.119999,4.42,-0.48,0.25272366
102352000,398703120,327368081,447214,17.609999,16.93,4.7999997,-0.61,0.27611107
102556000,398703430,327368200,447345,17.52,16.76,5.0899997,-0.68,0.29513517
102760000,398703732,327368324,447480,17.44,16.59,5.39,-0.71999997,0.3143338
102964000,398704041,327368460,447633,17.359999,16.38,5.7,-0.69,0.33492866
103168000,398704340,327368601,447773,17.279999,16.17,6.0099998,-0.65999997,0.3562217
103372000,398704631,327368748,447901,17.21,15.96,6.41,-0.68,0.38205257
103576000,398704922,327368907,448033,17.14,15.73,6.87,-0.59,0.41154864
103780000,398705214,327369081,448140,17.09,15.429999,7.3599997,-0.5,0.4452335
103984000,398705489,327369260,448242,17.039999,15.089999,7.91,-0.45,0.4829326
104188000,398705764,327369458,448324,16.99,14.7,8.57,-0.32,0.52761304
104392000,398706034,327369676,448390,16.94,14.19,9.23,-0.29999998,0.5768313
104596000,398706285,327369900,448444,16.89,13.67,9.94,-0.28,0.628493
104800000,398706531,327370148,448505,16.84,13.009999,10.71,-0.26,0.6887069
105004000,398706768,327370420,448549,16.789999,12.25,11.48,-0.19999999,0.7531095
105208000,398706986,327370705,448604,16.74,11.38,12.2699995,-0.24,0.8230973
105412000,398707182,327371003,448646,16.69,10.429999,13.0199995,-0.32,0.89517933
105616000,398707368,327371329,448711,16.63,9.36,13.75,-0.37,0.97302103
105820000,398707529,327371667,448784,16.59,8.21,14.42,-0.41,1.0533062
106024000,398707653,327372005,448781,15.42,5.67,14.32,0.52,1.1932815
106228000,398707750,327372363,448672,15.67,4.64,14.969999,0.53999996,1.270076
106432000,398707824,327372730,448570,15.91,3.3799999,15.53,0.42999998,1.3564699
106636000,398707874,327373101,448491,16.119999,2.28,15.95,0.28,1.4287266
106840000,398707908,327373487,448444,16.31,1.38,16.23,0.22999999,1.4854497
107044000,398707926,327373887,448390,16.47,0.52,16.46,0.24,1.5388567
107248000,398707926,327374276,448352,16.57,-0.39999998,16.56,0.12,1.5950564
107452000,398707911,327374673,448336,16.64,-1.3,16.59,-0.04,1.6493361
107656000,398707878,327375078,448361,16.699999,-2.1299999,16.56,-0.099999994,1.6987288
107860000,398707832,327375467,448375,16.74,-2.9299998,16.49,-0.14,1.7467254
108064000,398707770,327375861,448409,16.76,-3.8,16.32,-0.17999999,1.799609
108268000,398707690,327376256,448456,16.76,-4.68,16.09,-0.16,1.8537142
108472000,398707596,327376640,448484,16.76,-5.5499997,15.849999,-0.22,1.9074703
108676000,398707489,327377007,448532,16.76,-6.37,15.48,-0.17,1.961052
108880000,398707360,327377381,448561,16.75,-7.29,15.059999,-0.21,2.0214403
109084000,398707217,327377738,448594,16.72,-8.2,14.57,-0.13,2.083225
109288000,398707061,327378073,448627,16.69,-9.099999,14.009999,-0.14999999,2.146755
109492000,398706881,327378406,448664,16.66,-10.0199995,13.29,-0.17999999,2.2165682
109696000,398706688,327378716,448702,16.609999,-10.95,12.49,-0.19,2.2903955
109900000,398706483,327378999,448751,16.56,-11.809999,11.599999,-0.25,2.364921
110104000,398706257,327379265,448809,16.51,-12.63,10.599999,-0.29,2.4432862
110308000,398706012,327379511,448883,16.449999,-13.46,9.469999,-0.39,2.5282838
110512000,398705763,327379720,448964,16.39,-14.139999,8.3,-0.44,2.610838
110716000,398705497,327379904,449059,16.34,-14.73,7.08,-0.52,2.6932175
110920000,398705216,327380061,449180,16.3,-15.24,5.81,-0.52,2.7773423
111124000,398704932,327380185,449294,16.27,-15.61,4.5499997,-0.59,2.8576274
111328000,398704647,327380278,449408,16.25,-15.9,3.37,-0.53999996,2.932502
111532000,398704347,327380346,449526,16.24,-16.09,2.2,-0.58,3.0052824
111736000,398704054,327380380,449610,15.03,-15.009999,-0.04,0.29999998,3.1442106
111940000,398703781,327380370,449529,15.2699995,-15.23,-0.84999996,0.47,3.1976175
112144000,398703493,327380336,449422,15.53,-15.41,-1.88,0.59,3.2630675
112348000,398703209,327380279,449305,15.759999,-15.48,-2.8799999,0.53999996,3.3255503
112552000,398702928,327380201,449200,15.96,-15.559999,-3.62,0.48,3.3705797
112756000,398702643,327380105,449102,16.13,-15.5199995,-4.33,0.53,3.4140384
112960000,398702352,327379989,448999,16.26,-15.45,-5.14,0.45999998,3.462733
113164000,398702076,327379859,448915,16.34,-15.2,-5.98,0.34,3.5164893
113368000,398701798,327379706,448864,16.39,-14.929999,-6.74,0.19,3.5658822
113572000,398701521,327379532,448826,16.42,-14.61,-7.52,0.16,3.6170201
113776000,398701261,327379345,448812,16.43,-14.16,-8.29,0.08,3.6709511
113980000,398701005,327379136,448801,16.43,-13.639999,-9.11,0,3.730292
114184000,398700755,327378901,448805,16.4,-13.009999,-9.99,-0.02,3.79644
114388000,398700522,327378652,448833,16.38,-12.3,-10.82,-0.14999999,3.863286
114592000,398700308,327378388,448878,16.34,-11.5,-11.639999,-0.22999999,3.9330993
114796000,398700101,327378094,448936,16.3,-10.54,-12.42,-0.38,4.008672
115000000,398699917,327377786,449019,16.24,-9.5,-13.139999,-0.47,4.086165
115204000,398699755,327377469,449119,16.19,-8.44,-13.82,-0.53999996,4.1641808
115408000,398699607,327377124,449239,16.13,-7.27,-14.41,-0.62,4.2451644
115612000,398699485,327376772,449370,16.08,-6.08,-14.88,-0.62,4.324228
115816000,398699386,327376418,449514,16.039999,-4.91,-15.24,-0.68,4.4001493
116020000,398699307,327376048,449652,16.01,-3.73,-15.57,-0.72999996,4.4767694
116224000,398699247,327375664,449806,15.99,-2.61,-15.79,-0.7,4.5485024
116428000,398699210,327375291,449936,15.98,-1.5799999,-15.92,-0.64,4.6134286
116632000,398699191,327374909,450056,15.98,-0.53,-15.95,-0.59,4.6790533
116836000,398699191,327374518,450174,15.98,0.47,-15.95,-0.48,4.741885
117040000,398699207,327374143,450263,15.98,1.41,-15.91,-0.42999998,4.800877
117244000,398699242,327373763,450336,15.98,2.32,-15.799999,-0.34,4.8581243
117448000,398699294,327373378,450396,15.98,3.23,-15.65,-0.24,4.9160686
117652000,398699362,327373006,450438,15.98,4.13,-15.429999,-0.11,4.973839
117856000,398699445,327372645,450467,15.99,4.99,-15.19,-0.11,5.0298643
118060000,398699547,327372278,450480,15.99,5.92,-14.87,0,5.091125
118264000,398699664,327371927,450484,15.98,6.73,-14.49,0.04,5.1473246
118468000,398699793,327371591,450474,15.969999,7.6,-14.049999,0.12,5.208237
118672000,398699946,327371255,450446,15.96,8.53,-13.48,0.089999996,5.2763047
118876000,398700110,327370939,450428,15.94,9.37,-12.889999,0.14999999,5.3407073
119080000,398700287,327370643,450403,15.92,10.19,-12.21,0.099999994,5.408077
119284000,398700483,327370360,450378,15.889999,11.05,-11.38,0.06,5.4829516
119488000,398700699,327370093,450368,15.849999,11.889999,-10.5,0.01,5.559397
119692000,398700920,327369857,450364,15.82,12.599999,-9.55,-0.03,5.634446
119896000,398701158,327369641,450372,15.78,13.299999,-8.5199995,-0.06,5.7135096
120100000,398701413,327369446,450401,15.74,13.86,-7.41,-0.16,5.792224
120304000,398701669,327369285,450443,15.71,14.36,-6.3199997,-0.19999999,5.868495
120508000,398701937,327369147,450487,15.69,14.79,-5.21,-0.25,5.944417
120712000,398702218,327369034,450540,15.67,15.12,-4.11,-0.28,6.017546
120916000,398702499,327368948,450597,15.66,15.36,-3.05,-0.28,6.086836
121120000,398702778,327368890,450651,15.65,15.509999,-2.04,-0.26,6.152111
121324000,398703070,327368851,450697,15.66,15.62,-1.06,-0.22,6.2152915
121528000,398703358,327368837,450744,15.66,15.67,-0.11,-0.19,6.2755055
121732000,398703641,327368845,450781,15.679999,15.66,0.74,-0.12,0.04712389
121936000,398703934,327368874,450798,15.69,15.589999,1.62,-0.099999994,0.10367256
122140000,398704220,327368924,450814,15.7,15.509999,2.49,-0.06,0.15917403
122344000,398704499,327368991,450827,15.71,15.37,3.29,0.03,0.2110103
122548000,398704780,327369080,450821,15.719999,15.19,4.11,0.06,0.2645919
122752000,398705063,327369191,450789,15.73,14.94,4.96,0.099999994,0.32061696
122956000,398705328,327369318,450764,14.49,13.0199995,6.3799996,0.78999996,0.45570543
123160000,398705568,327369479,450558,14.79,12.99,7.0699997,1.04,0.49864057
123364000,398705811,327369664,450343,15.17,12.809999,8.09,1.15,0.56321776
123568000,398706039,327369867,450133,15.429999,12.48,9.09,0.94,0.6293657
123772000,398706264,327370095,449957,15.599999,12.05,9.929999,0.71,0.689056
123976000,398706486,327370347,449814,15.71,11.54,10.639999,0.62,0.74455744
124180000,398706692,327370611,449684,15.759999,10.92,11.36,0.5,0.8052949
124384000,398706882,327370887,449602,15.759999,10.13,12.05,0.26,0.8716174
124588000,398707064,327371190,449574,15.719999,9.25,12.7,0.03,0.94108146
124791999,398707227,327371501,449589,15.679999,8.4,13.23,-0.07,1.004786
124996000,398707373,327371825,449623,15.639999,7.52,13.73,-0.22,1.0691887
125200000,398707500,327372153,449674,15.599999,6.56,14.12,-0.35,1.1356857
125403999,398707614,327372503,449767,15.559999,5.5699997,14.5199995,-0.44,1.203928
125608000,398707708,327372855,449858,15.53,4.58,14.839999,-0.53,1.2712978
125812000,398707783,327373207,449971,15.5199995,3.6999998,15.07,-0.51,1.3295919
126016000,398707843,327373578,450068,15.509999,2.71,15.24,-0.57,1.3945181
126219999,398707884,327373946,450180,15.5,1.8,15.4,-0.48999998,1.4540337
126424000,398707908,327374309,450271,15.5,0.93,15.469999,-0.48,1.5102334
126628000,398707917,327374687,450356,15.509999,0,15.5,-0.39999998,1.5709708
126832000,398707909,327375059,450441,15.509999,-0.84,15.5,-0.35,1.6252505
127035999,398707886,327375423,450497,15.5199995,-1.68,15.44,-0.26,1.6793559
127240000,398707845,327375799,450559,15.54,-2.57,15.32,-0.22,1.7373008
127444000,398707791,327376157,450585,15.549999,-3.4099998,15.15,-0.14,1.7921041
127647999,398707720,327376518,450597,15.559999,-4.25,14.96,-0.06,1.84778
127852000,398707632,327376881,450605,15.57,-5.15,14.71,0.01,1.9078194
128056000,398707531,327377223,450600,15.58,-5.99,14.38,0.06,1.9654152
128260000,398707413,327377563,450581,15.58,-6.85,14.0199995,0.07,2.02528
128463999,398707276,327377900,450554,15.57,-7.7,13.5199995,0.14,2.088461
128668000,398707129,327378212,450522,15.559999,-8.559999,12.98,0.16,2.1535618
128872000,398706964,327378516,450485,15.549999,-9.429999,12.36,0.17999999,2.2223277
129076000,398706779,327378810,450457,15.5199995,-10.25,11.65,0.17999999,2.292141
129279999,398706586,327379074,450438,15.5,-11.03,10.87,0.099999994,2.3633504
129484000,398706375,327379324,450428,15.469999,-11.83,9.99,0.04,2.4401448
129688000,398706147,327379556,450424,15.44,-12.54,8.99,-0.02,2.5193825
129891999,398705915,327379755,450439,15.41,-13.17,8.01,-0.13,2.5949554
130096000,398705667,327379934,450465,15.38,-13.719999,6.92,-0.22,2.6741934
130300000,398705405,327380090,450511,15.349999,-14.19,5.8599997,-0.21,2.7497663
130504000,398705146,327380216,450562,15.33,-14.58,4.8199997,-0.24,2.8221974
130707999,398704870,327380321,450636,15.32,-14.839999,3.78,-0.28,2.892185
130912000,398704594,327380398,450688,15.309999,-15.089999,2.74,-0.28,2.9613001
131116000,398704321,327380451,450748,15.309999,-15.21,1.8199999,-0.26,3.0222123
131320000,398704035,327380485,450797,15.309999,-15.2699995,0.88,-0.26,3.0834732
131524000,398703753,327380495,450843,15.32,-15.339999,0.01,-0.19999999,3.1405454
131728000,398703477,327380484,450879,15.339999,-15.349999,-0.84,-0.14,3.1963959
131932000,398703190,327380454,450916,15.349999,-15.24,-1.66,-0.099999994,3.250152
132136000,398702910,327380404,450937,15.37,-15.16,-2.48,-0.03,3.3040826
132340000,398702634,327380336,450937,15.78,-15.42,-3.34,-0.049999997,3.354872
132544000,398702344,327380244,450987,16,-15.46,-4.1,-0.29999998,3.401123
132748000,398702061,327380139,451060,15.96,-15.29,-4.62,-0.42,3.435506
132952000,398701788,327380026,451144,15.86,-15.07,-4.93,-0.42,3.4576719
133156000,398701507,327379903,451235,15.719999,-14.86,-5.1099997,-0.53999996,3.4730306
133360000,398701235,327379780,451367,15.589999,-14.7,-5.16,-0.57,3.4793136
133564000,398700970,327379659,451470,15.48,-14.62,-5.1,-0.48999998,3.4773939
133768000,398700697,327379534,451570,15.389999,-14.549999,-5.0099998,-0.42999998,3.4735541
133972000,398700434,327379417,451645,15.32,-14.5199995,-4.88,-0.39999998,3.465875
134176000,398700167,327379302,451705,15.2699995,-14.5199995,-4.73,-0.31,3.456799
134380000,398699895,327379188,451757,15.23,-14.5199995,-4.56,-0.24,3.4459782
134584000,398699632,327379083,451803,15.2,-14.549999,-4.37,-0.14,3.4337606
134788000,398699364,327378979,451842,15.179999,-14.57,-4.23,-0.02,3.424336
134992000,398699091,327378878,451856,15.16,-14.61,-4.06,-0.07,3.4128168
135196000,398698827,327378783,451860,15.15,-14.639999,-3.9399998,-0.01,3.4047883
135400000,398698557,327378690,451855,15.13,-14.66,-3.84,0.06,3.3976324
135604000,398698282,327378598,451845,15.13,-14.679999,-3.72,0.03,3.3897784
135808000,398698018,327378511,451834,15.12,-14.66,-3.6299999,0.08,3.3847167
136012000,398697747,327378425,451821,15.12,-14.679999,-3.55,0.13,3.3793063
136216000,398697472,327378338,451800,15.12,-14.7,-3.52,0.099999994,3.3766885
136420000,398697207,327378255,451777,15.12,-14.719999,-3.49,0.12,3.3747687
136624000,398696930,327378170,451764,15.12,-14.719999,-3.46,0.13,3.3724997
136828000,398696659,327378087,451738,15.13,-14.71,-3.46,0.14,3.372674
137032000,398696394,327378006,451712,15.139999,-14.74,-3.4499998,0.14,3.3714526
137236000,398696117,327377922,451702,15.139999,-14.74,-3.4499998,0.06,3.3714526
137440000,398695846,327377839,451678,15.15,-14.75,-3.48,0.06,3.3733723
137644000,398695580,327377757,451654,15.15,-14.74,-3.48,0.06,3.3733723
137848000,398695303,327377671,451633,15.15,-14.71,-3.51,0.08,3.3759902
138052000,398695032,327377587,451622,15.16,-14.74,-3.5,0.06,3.374943
138256000,398694766,327377505,451608,15.16,-14.75,-3.53,0.07,3.3766885
138460000,398694489,327377418,451598,15.17,-14.759999,-3.54,0.04,3.3770373
138664000,398694218,327377333,451597,15.16,-14.759999,-3.57,0.02,3.3787827
138868000,398693952,327377249,451594,15.16,-14.74,-3.57,0.02,3.379132
139072000,398693676,327377162,451590,15.16,-14.74,-3.58,0.01,3.3801792
139276000,398693407,327377074,451577,13.92,-13.15,-4.5699997,0.17999999,3.4759974
139480000,398693167,327376968,451532,14.19,-13.46,-4.5099998,0.39999998,3.4648273
139684000,398692911,327376856,451447,14.559999,-13.79,-4.62,0.45,3.4648273
139888000,398692660,327376745,451353,14.83,-14.08,-4.74,0.41,3.4663985
140092000,398692399,327376631,451265,15.0199995,-14.259999,-4.72,0.34,3.461686
140296000,398692129,327376518,451195,15.15,-14.469999,-4.5699997,0.32,3.447898
140500000,398691868,327376412,451134,15.21,-14.49,-4.5,0.26,3.4430108
140704000,398691601,327376303,451097,15.23,-14.53,-4.56,0.11,3.4459782
140908000,398691328,327376191,451071,15.219999,-14.48,-4.68,0.04,3.454181
141112000,398691067,327376078,451073,15.219999,-14.41,-4.89,0,3.4688418
141316000,398690803,327375956,451070,15.23,-14.309999,-5.2599998,0.049999997,3.4939747
141520000,398690537,327375822,451058,15.24,-14.11,-5.7799997,0.03,3.530452
141724000,398690285,327375678,451044,15.259999,-13.849999,-6.41,0.07,3.5751324
141928000,398690033,327375516,451044,15.2699995,-13.5,-7.1299996,0.08,3.6274922
142132000,398689785,327375332,451018,15.16,-12.92,-7.94,0.13,3.6929421
142336000,398689559,327375137,450969,14.88,-12.11,-8.65,0.35999998,3.7618825
142540000,398689341,327374918,450881,15.059999,-11.55,-9.66,0.48999998,3.8379788
142744000,398689129,327374664,450772,15.66,-11.01,-11.15,0.48,3.9329247
142948000,398688938,327374384,450697,16.14,-10.07,-12.59,0.21,4.037819
143152000,398688762,327374058,450683,16.449999,-8.7,-13.969999,-0.099999994,4.155105
143356000,398688617,327373709,450751,16.63,-7.0499997,-15.059999,-0.44,4.2741365
143560000,398688504,327373346,450871,16.71,-5.46,-15.7699995,-0.78999996,4.379031
143764000,398688417,327372954,451058,16.75,-4,-16.27,-1.03,4.470835
143968000,398688355,327372561,451294,16.69,-2.8799999,-16.449999,-1.18,4.538554
144172000,398688311,327372178,451559,16.279999,-1.9699999,-16.18,-1.39,4.5909142
144376000,398688281,327371787,451870,15.83,-1.1899999,-15.79,-1.5899999,4.636467
144580000,398688265,327371413,452201,15.45,-0.57,-15.45,-1.5999999,4.675388
144784000,398688259,327371053,452506,15.15,-0.02,-15.139999,-1.4699999,4.710469
144988000,398688263,327370686,452794,14.889999,0.39999998,-14.889999,-1.27,4.7394414
145192000,398688274,327370333,453039,14.67,0.78,-14.66,-1.06,4.7661448
145396000,398688291,327369991,453220,14.49,1.03,-14.45,-0.82,4.783773
145600000,398688313,327369640,453367,14.33,1.3,-14.25,-0.58,4.8036695
145804000,398688338,327369300,453465,14.19,1.4399999,-14.11,-0.34,4.814665
146008000,398688366,327368969,453522,14.08,1.53,-13.98,-0.19,4.821472
146212000,398688395,327368629,453549,13.969999,1.61,-13.889999,-0.07,4.8281045
146416000,398688425,327368303,453531,13.889999,1.65,-13.809999,0.11,4.8314204
146620000,398688455,327367973,453503,13.809999,1.5999999,-13.73,0.26,4.8289766
146824000,398688485,327367639,453430,13.759999,1.55,-13.67,0.39,4.8256607
147028000,398688512,327367317,453355,13.71,1.52,-13.639999,0.44,4.823741
147232000,398688539,327366991,453253,13.679999,1.38,-13.63,0.48,4.8136177
147436000,398688564,327366659,453140,13.66,1.25,-13.62,0.55,4.8045425
147640000,398688585,327366339,453023,13.65,1.15,-13.599999,0.64,4.796688
147844000,398688605,327366013,452895,13.639999,1.02,-13.599999,0.59999996,4.7876124
148048000,398688622,327365680,452767,13.639999,0.88,-13.599999,0.63,4.7769656
148252000,398688637,327365360,452636,13.639999,0.72999996,-13.62,0.62,4.7661448
148456000,398688649,327365033,452505,13.63,0.58,-13.62,0.59,4.7551494
148660000,398688659,327364700,452376,13.63,0.45999998,-13.599999,0.56,4.7465973
148864000,398688667,327364380,452267,13.62,0.34,-13.599999,0.57,4.7375216
149068000,398688672,327364054,452167,13.61,0.25,-13.61,0.53999996,4.7312384
149272000,398688676,327363721,452070,13.599999,0.14999999,-13.59,0.48,4.723559
149476000,398688678,327363401,451973,13.59,0.08,-13.59,0.45999998,4.718672
149680000,398688679,327363069,451872,13.59,0.01,-13.599999,0.41,4.713436
149884000,398688679,327362743,451788,13.58,0,-13.549999,0.41,4.712738
150088000,398688678,327362425,451704,13.559999,-0.049999997,-13.57,0.37,4.7080255
150292000,398688677,327362093,451639,13.54,-0.08,-13.54,0.35,4.7061057
150496000,398688676,327361769,451573,13.5199995,-0.099999994,-13.509999,0.32999998,4.7043605
150700000,398688677,327361455,451509,12.259999,1.1999999,-12.2,0.42,4.8104763
150904000,398688697,327361155,451385,12.37,1.0799999,-12.32,0.69,4.800179
151108000,398688718,327360858,451236,12.55,1.11,-12.48,0.76,4.8014007
151312000,398688738,327360561,451080,12.73,1.12,-12.719999,0.75,4.8007026
151516000,398688759,327360249,450925,12.929999,1.04,-12.9,0.77,4.7931976
151720000,398688776,327359937,450782,13.11,0.82,-13.099999,0.75,4.77557
151924000,398688789,327359627,450638,13.2699995,0.64,-13.259999,0.69,4.7607346
152128000,398688799,327359302,450512,13.389999,0.44,-13.389999,0.56,4.74555
152332000,398688805,327358980,450409,13.45,0.24,-13.44,0.38,4.730191
152536000,398688808,327358663,450347,13.48,0.049999997,-13.49,0.17999999,4.716403
152740000,398688807,327358333,450303,13.49,-0.099999994,-13.48,0.11,4.7043605
152944000,398688803,327358016,450293,13.48,-0.28,-13.48,0.06,4.6909213
153148000,398688796,327357694,450285,13.46,-0.42,-13.46,0,4.6807985
153352000,398688787,327357366,450303,13.42,-0.55,-13.4,-0.089999996,4.671025
153556000,398688777,327357051,450332,13.389999,-0.61,-13.38,-0.12,4.6661377
153760000,398688765,327356731,450359,13.34,-0.65999997,-13.33,-0.17999999,4.662298
153964000,398688752,327356406,450399,13.299999,-0.7,-13.28,-0.19,4.658982
154168000,398688739,327356094,450435,13.259999,-0.72999996,-13.24,-0.17,4.6570616
154372000,398688726,327355777,450474,13.219999,-0.71999997,-13.2,-0.17,4.65776
154576000,398688712,327355454,450523,13.179999,-0.71,-13.16,-0.19999999,4.6581087
154780000,398688699,327355145,450551,13.139999,-0.66999996,-13.11,-0.16,4.6607275
154984000,398688687,327354832,450584,13.099999,-0.63,-13.08,-0.16,4.6642175
155188000,398688675,327354511,450613,13.07,-0.58,-13.059999,-0.14,4.6673594
155392000,398688665,327354205,450642,13.03,-0.53999996,-13,-0.13,4.670326
155596000,398688656,327353893,450672,13,-0.48999998,-12.99,-0.08,4.674166
155800000,398688647,327353576,450684,12.969999,-0.42999998,-12.95,-0.07,4.6788783
156004000,398688639,327353271,450700,12.94,-0.38,-12.94,-0.03,4.6827183
156208000,398688633,327352956,450709,12.91,-0.34,-12.9,-0.06,4.6858597
156412000,398688627,327352646,450708,12.88,-0.26999998,-12.88,-0.049999997,4.691096
156616000,398688622,327352345,450710,12.849999,-0.24,-12.82,0.01,4.693539
156820000,398688618,327352031,450709,12.83,-0.19999999,-12.83,0.04,4.695983
157024000,398688615,327351723,450700,12.799999,-0.13,-12.809999,0.06,4.701568
157228000,398688618,327351431,450669,11.599999,1.13,-11.55,0.5,4.8101273
157432000,398688639,327351145,450540,11.91,1.04,-11.84,0.65999997,4.7998295
157636000,398688659,327350856,450386,12.2699995,1.15,-12.219999,0.74,4.8061132
157840000,398688681,327350566,450243,12.53,1.1899999,-12.469999,0.62,4.807509
158044000,398688703,327350258,450136,12.71,1.11,-12.66,0.45999998,4.800179
158248000,398688721,327349953,450059,12.799999,0.87,-12.79,0.35,4.7804565
158452000,398688735,327349652,449998,12.86,0.65,-12.84,0.35999998,4.763178
158656000,398688746,327349338,449946,12.87,0.48,-12.849999,0.14999999,4.7497387
158860000,398688753,327349029,449919,12.83,0.28,-12.84,0,4.7347293
159064000,398688756,327348728,449924,12.79,0.089999996,-12.79,-0.06,4.7200685
159268000,398688756,327348416,449949,12.759999,-0.089999996,-12.759999,-0.11,4.705233
159472000,398688753,327348117,449966,12.719999,-0.26999998,-12.73,-0.14999999,4.6909213
159676000,398688747,327347812,450004,12.69,-0.39,-12.69,-0.14,4.681671
159880000,398688738,327347503,450040,12.65,-0.48999998,-12.62,-0.14,4.673119
160084000,398688728,327347206,450075,12.61,-0.61,-12.599999,-0.17999999,4.6633453
160288000,398688717,327346905,450119,12.58,-0.66999996,-12.57,-0.17999999,4.658458
160492000,398688704,327346597,450156,12.54,-0.71999997,-12.5199995,-0.19999999,4.654095
160696000,398688691,327346303,450190,12.55,-0.7,-12.5199995,-0.16,4.65584
160900000,398688678,327346005,450229,12.36,-0.7,-12.36,-0.17,4.6549673
161104000,398688665,327345706,450251,12.07,-0.65999997,-12.04,0.03,4.657411
161308000,398688653,327345426,450209,11.849999,-0.65,-11.84,0.41,4.6572366
161512000,398688642,327345145,450083,11.679999,-0.64,-11.67,0.76,4.6568875
161716000,398688630,327344861,449893,11.55,-0.59999996,-11.54,1.11,4.65968
161920000,398688619,327344591,449642,11.469999,-0.57,-11.46,1.41,4.662123
162124000,398688608,327344312,449336,11.429999,-0.56,-11.42,1.5899999,4.6633453
162328000,398688598,327344038,448982,11.42,-0.5,-11.41,1.8299999,4.668581
162532000,398688589,327343769,448597,11.44,-0.48999998,-11.44,1.9399999,4.6687555
162736000,398688580,327343489,448187,11.48,-0.48999998,-11.469999,2.08,4.6687555
162940000,398688572,327343213,447755,11.53,-0.38,-11.54,2.1,4.6787043
163144000,398688565,327342942,447335,11.59,-0.38,-11.58,2.11,4.6788783
163348000,398688558,327342658,446889,11.65,-0.35,-11.67,2.12,4.6820197
163552000,398688552,327342378,446464,11.7,-0.32999998,-11.7,2.09,4.68394
163756000,398688546,327342102,446050,11.74,-0.26,-11.75,2,4.689699
163960000,398688541,327341815,445627,11.78,-0.21,-11.78,1.99,4.6937137
164164000,398688538,327341532,445223,11.8,-0.19999999,-11.79,1.93,4.69511
164368000,398688534,327341254,444853,11.82,-0.17,-11.83,1.8299999,4.6972046
164572000,398688532,327340965,444470,11.82,-0.13,-11.8,1.76,4.7012186
164776000,398688529,327340683,444104,11.82,-0.099999994,-11.809999,1.73,4.7034874
164980000,398688528,327340405,443756,11.8,-0.07,-11.79,1.7199999,4.705931
165184000,398688526,327340116,443402,11.78,-0.07,-11.78,1.68,4.7057567
165388000,398688525,327339840,443079,11.759999,-0.03,-11.75,1.5999999,4.7094216
165592000,398688524,327339558,442744,11.73,-0.04,-11.74,1.66,4.708549
165796000,398688524,327339271,442397,11.7,-0.03,-11.71,1.5999999,4.7094216
166000000,398688524,327338996,442079,11.679999,-0.02,-11.679999,1.63,4.7101197
166204000,398688523,327338716,441748,11.65,-0.03,-11.639999,1.65,4.7092476
166408000,398688523,327338432,441414,11.62,-0.02,-11.639999,1.5999999,4.710469
166612000,398688522,327338160,441089,11.59,-0.03,-11.59,1.62,4.708898
166816000,398688521,327337882,440753,11.57,-0.01,-11.559999,1.65,4.7109923
167020000,398688521,327337599,440406,11.54,-0.02,-11.54,1.61,4.709771
167224000,398688520,327337328,440082,11.5199995,-0.04,-11.5199995,1.64,4.7083745
167428000,398688519,327337052,439743,11.5,-0.01,-11.49,1.67,4.7106433
167632000,398688519,327336771,439409,11.48,-0.02,-11.49,1.67,4.710469
167836000,398688518,327336501,439078,11.469999,-0.02,-11.45,1.64,4.709945
168040000,398688518,327336226,438736,11.45,-0.01,-11.46,1.7199999,4.7108183
168244000,398688518,327335946,438388,11.44,0.02,-11.41,1.67,4.7143087
168448000,398688518,327335678,438047,11.42,0.02,-11.42,1.63,4.714658
168652000,398688519,327335399,437692,11.41,0.04,-11.389999,1.64,4.716403
168856000,398688520,327335125,437364,11.389999,0.04,-11.41,1.66,4.7162285
169060000,398688521,327334858,437037,11.38,0.08,-11.37,1.65,4.719545
169264000,398688522,327334580,436688,11.36,0.07,-11.37,1.65,4.7190213
169468000,398688523,327334307,436351,11.349999,0.089999996,-11.34,1.65,4.720766
169672000,398688524,327334041,436023,11.34,0.08,-11.33,1.65,4.719545
169876000,398688526,327333764,435688,11.32,0.08,-11.34,1.5999999,4.7202425
170080000,398688528,327333493,435341,11.3,0.08,-11.3,1.62,4.7200685
170284000,398688529,327333227,435020,11.29,0.06,-11.29,1.62,4.717799
170488000,398688529,327332951,434684,11.2699995,0.04,-11.259999,1.64,4.7162285
170692000,398688530,327332681,434352,11.25,0.03,-11.23,1.5899999,4.715356
170896000,398688530,327332417,434028,11.24,0,-11.259999,1.5899999,4.7129126
171100000,398688531,327332142,433689,11.219999,0,-11.24,1.61,4.711342
171304000,398688531,327331873,433358,11.21,-0.01,-11.2,1.53,4.7109923
171508000,398688530,327331610,433041,11.19,-0.03,-11.2,1.5699999,4.7090726
171712000,398688529,327331336,432699,11.17,-0.02,-11.17,1.65,4.709945
171916000,398688528,327331073,432368,11.16,-0.04,-11.16,1.5899999,4.7080255
172120000,398688527,327330806,432047,11.139999,-0.049999997,-11.139999,1.63,4.7069783
172324000,398688526,327330535,431712,11.13,-0.07,-11.11,1.61,4.705931
172528000,398688525,327330273,431383,11.11,-0.08,-11.12,1.64,4.704884
172732000,398688523,327330007,431055,11.099999,-0.06,-11.09,1.5999999,4.70628
172936000,398688522,327329735,430721,11.08,-0.07,-11.099999,1.61,4.705233
173140000,398688521,327329475,430394,11.07,-0.049999997,-11.05,1.5999999,4.7069783
173344000,398688520,327329210,430066,11.059999,-0.049999997,-11.05,1.5999999,4.7073274
173548000,398688519,327328939,429722,11.04,-0.04,-11.05,1.5899999,4.708549
173752000,398688518,327328679,429393,11.03,-0.02,-11.0199995,1.5999999,4.7101197
173956000,398688518,327328415,429075,11.0199995,-0.02,-11,1.61,4.7101197
174160000,398688518,327328146,428744,11,0.01,-11.0199995,1.5899999,4.7132616
174364000,398688518,327327888,428427,10.99,0,-11.01,1.5999999,4.7122145
174568000,398688518,327327625,428101,10.969999,0.01,-10.99,1.5999999,4.7132616
174772000,398688519,327327356,427762,10.96,0.03,-10.95,1.5899999,4.715705
174976000,398688519,327327099,427439,10.94,0.03,-10.95,1.5999999,4.715705
175180000,398688520,327326832,427114,10.929999,0.01,-10.929999,1.62,4.7139597
175384000,398688521,327326570,426794,10.91,0.04,-10.9,1.5899999,4.716752
175588000,398688522,327326313,426475,10.9,0.04,-10.88,1.5899999,4.716054
175792000,398688523,327326047,426137,10.88,0.03,-10.9,1.56,4.7151814
175996000,398688524,327325786,425815,10.87,0.02,-10.889999,1.5999999,4.7148323
176200000,398688525,327325531,425496,10.86,0.03,-10.84,1.55,4.7155304
176404000,398688525,327325266,425174,10.84,0.04,-10.849999,1.64,4.716054
176608000,398688526,327325006,424849,10.83,0.02,-10.83,1.5799999,4.7148323
176812000,398688527,327324751,424529,10.82,0.03,-10.84,1.61,4.715007
177016000,398688527,327324487,424204,10.809999,0.02,-10.79,1.5999999,4.715007
177220000,398688528,327324228,423880,10.8,0.03,-10.809999,1.64,4.715356
177424000,398688528,327323973,423557,10.8,0.03,-10.8,1.62,4.715356
177628000,398688528,327323709,423218,10.79,0,-10.809999,1.5799999,4.7116904
177832000,398688528,327323451,422894,10.79,0,-10.76,1.64,4.712563
178036000,398688528,327323197,422564,10.79,0,-10.8,1.64,4.712389
178240000,398688527,327322933,422223,10.78,-0.03,-10.79,1.65,4.708724
178444000,398688527,327322679,421886,10.78,-0.06,-10.78,1.65,4.7064548
178648000,398688526,327322421,421555,10.78,-0.07,-10.79,1.62,4.7054076
178852000,398688524,327322158,421218,10.78,-0.089999996,-10.76,1.5999999,4.703313
179056000,398688522,327321904,420886,10.78,-0.11,-10.76,1.64,4.701742
179260000,398688520,327321646,420551,10.78,-0.12,-10.79,1.62,4.700695
179464000,398688518,327321382,420217,10.78,-0.099999994,-10.78,1.68,4.7022657
179668000,398688516,327321129,419886,10.78,-0.11,-10.7699995,1.68,4.701568
179872000,398688514,327320871,419541,10.79,-0.12,-10.7699995,1.65,4.700346
180076000,398688512,327320607,419199,10.79,-0.099999994,-10.78,1.63,4.7024403
180280000,398688510,327320353,418866,10.79,-0.099999994,-10.8,1.68,4.7026153
180484000,398688508,327320093,418521,10.8,-0.11,-10.8,1.68,4.701742
180688000,398688506,327319830,418176,10.8,-0.08,-10.76,1.68,4.7047095
180892000,398688505,327319576,417849,10.8,-0.099999994,-10.79,1.68,4.7027893
181096000,398688503,327319317,417507,10.8,-0.089999996,-10.78,1.61,4.703139
181300000,398688502,327319053,417169,10.8,-0.07,-10.79,1.63,4.705233
181504000,398688501,327318799,416840,10.8,-0.06,-10.83,1.66,4.7061057
181708000,398688499,327318535,416496,10.8,-0.07,-10.809999,1.66,4.7054076
181912000,398688498,327318276,416155,10.8,-0.07,-10.809999,1.61,4.705233
182116000,398688496,327318022,415825,10.79,-0.07,-10.809999,1.63,4.705233
182320000,398688495,327317758,415499,10.79,-0.049999997,-10.8,1.63,4.707502
182524000,398688493,327317500,415156,10.79,-0.07,-10.8,1.5999999,4.7057567
182728000,398688492,327317246,414829,10.79,-0.049999997,-10.78,1.64,4.7073274
182932000,398688491,327316982,414486,10.78,-0.06,-10.79,1.5999999,4.7061057
183136000,398688489,327316724,414156,10.78,-0.07,-10.78,1.5899999,4.7057567
183340000,398688488,327316470,413837,10.78,-0.089999996,-10.79,1.62,4.7038364
183544000,398688487,327316207,413485,10.78,-0.07,-10.79,1.62,4.705058
183748000,398688485,327315948,413138,10.78,-0.07,-10.7699995,1.6999999,4.7057567
183952000,398688484,327315695,412822,10.78,-0.07,-10.7699995,1.61,4.705582
184156000,398688483,327315431,412478,10.78,-0.08,-10.79,1.61,4.7045345
184360000,398688481,327315173,412141,10.78,-0.06,-10.7699995,1.63,4.7064548
184564000,398688480,327314919,411810,10.78,-0.049999997,-10.7699995,1.68,4.707502
184768000,398688479,327314655,411468,10.79,-0.02,-10.809999,1.67,4.7101197
184972000,398688478,327314401,411125,10.79,-0.02,-10.78,1.67,4.7102947
185176000,398688478,327314142,410792,10.79,0,-10.79,1.65,4.7118654
185380000,398688500,327313908,410359,9.67,1.1899999,-9.599999,2.22,4.8363075
185584000,398688521,327313681,409888,9.849999,1.16,-9.79,2.48,4.8307223
185788000,398688543,327313444,409352,10.059999,1.24,-9.99,2.75,4.835958
185992000,398688567,327313196,408755,10.33,1.25,-10.25,2.9199998,4.833689
186196000,398688589,327312952,408190,10.61,1.14,-10.54,2.79,4.82025
186400000,398688608,327312695,407622,10.86,0.91999996,-10.809999,2.77,4.797735
186604000,398688623,327312428,407050,11.08,0.68,-11.05,2.71,4.7741737
186808000,398688634,327312165,406528,11.259999,0.5,-11.24,2.58,4.757418
187012000,398688641,327311894,406027,11.4,0.31,-11.41,2.28,4.7403145
187216000,398688645,327311614,405572,11.5,0.08,-11.53,2.01,4.7193704
187420000,398688644,327311343,405204,11.5199995,-0.14,-11.509999,1.68,4.7001715
187624000,398688640,327311061,404876,11.49,-0.31,-11.48,1.43,4.6848125
187828000,398688633,327310787,404610,11.42,-0.48,-11.42,1.2099999,4.6698027
188032000,398688623,327310520,404386,11.32,-0.61,-11.29,1.01,4.6581087
188236000,398688611,327310245,404188,11.179999,-0.65,-11.16,0.85999995,4.6533966
188440000,398688598,327309979,404013,11.03,-0.7,-11,0.79999995,4.6486845
188644000,398688584,327309722,403859,10.9,-0.72999996,-10.88,0.78,4.6451936
188848000,398688570,327309458,403690,10.7699995,-0.76,-10.73,0.84999996,4.641354
189052000,398688556,327309202,403495,10.66,-0.71,-10.65,0.89,4.6451936
189256000,398688543,327308953,403310,10.58,-0.69,-10.57,0.96,4.6465898
189460000,398688531,327308696,403108,10.51,-0.65999997,-10.5,1.0799999,4.649557
189664000,398688520,327308445,402882,10.44,-0.59,-10.41,1.1999999,4.6553164
189868000,398688509,327308200,402605,10.4,-0.56,-10.37,1.5,4.65776
190072000,398688500,327307946,402247,10.42,-0.48999998,-10.38,1.91,4.6650906
190276000,398688491,327307696,401839,10.49,-0.41,-10.45,2.09,4.672246
190480000,398688483,327307449,401400,10.58,-0.38,-10.58,2.18,4.676086
190684000,398688476,327307188,400931,10.69,-0.31,-10.7,2.22,4.6830673
190888000,398688471,327306936,400478,10.8,-0.26999998,-10.79,2.21,4.6872563
191092000,398688466,327306690,400133,8.179999,-0.17,-8.19,-0.07,4.6909213
191296000,398688465,327306511,400128,6.35,0,-6.3599997,-0.01,4.7122145
191500000,398688465,327306384,400126,4.45,0,-4.45,0,4.7144833
191704000,398688465,327306301,400126,2.48,0,-2.49,0,4.7136106
191908000,398688465,327306266,400127,0.44,0,-0.44,-0.04,4.7233844
192112000,398688465,327306265,400123,0,0,0,-0.02,1.7235126
192316000,398688464,327306265,400136,0,0,0,0.01,5.573883
192520000,398688465,327306266,400128,0,0.02,0,-0.01,6.069906
192724000,398688465,327306266,400123,0,0.01,0,0,6.1959186
192928000,398688465,327306265,400130,0,0,0,0.01,0.86481065
193132000,398688465,327306266,400130,0,0,0,-0.03,5.60303
193336000,398688465,327306266,400120,0,0,-0.02,-0.01,4.412716
193540000,398688465,327306265,400117,0,0,-0.01,0,4.758989
193744000,398688465,327306265,400122,0,0,0,-0.01,4.964938
193948000,398688465,327306265,400134,0,0,0.01,0.04,1.0292206
194152000,398688465,327306265,400120,0,0.01,0,0.01,5.6257195
194356000,398688465,327306265,400119,0,0,0,0,4.2898445
194560000,398688466,327306265,400120,0,-0.01,0,0.02,3.4342842
194764000,398688465,327306265,400126,0,0,-0.02,0,4.821472
194968000,398688465,327306266,400122,0,0.02,0,0.02,0.10279989
195172000,398688465,327306265,400121,0,0.02,0,0.03,6.118775
195376000,398688465,327306265,400126,0,0,0,-0.02,0.6414085
