timestamp,lat,lon,alt,vel_m_s,vel_n_m_s,vel_e_m_s,vel_d_m_s,cog_rad
10044000,398714137,327364372,400119,0,0.01,0.01,-0.01,0.8457865
10248000,398714138,327364372,400123,0,0,0.01,0.01,1.1402236
10452000,398714138,327364373,400122,0.63,0,0.63,0,1.5660839
10656000,398714138,327364503,400124,9.69,0.01,9.679999,0.02,1.569051
10860000,398714138,327364819,400118,15.639999,0.049999997,15.62,0,1.5669565
11064000,398714138,327365234,400140,19.27,-0.049999997,19.279999,-0.049999997,1.5735887
11268000,398714136,327365736,400151,21.529999,-0.26999998,21.51,-0.04,1.5833627
11472000,398714129,327366259,400167,22.769999,-0.45999998,22.769999,-0.19,1.5912167
11676000,398714116,327366824,400283,23.38,-0.91999996,23.359999,-1.03,1.6104152
11880000,398714094,327367376,400581,23.6,-1.4499999,23.56,-1.86,1.6322318
12084000,398714061,327367952,401043,23.64,-1.9699999,23.55,-2.49,1.6542231
12288000,398714021,327368504,401621,23.55,-2.45,23.42,-3.22,1.6749924
12492000,398713970,327369074,402351,23.38,-2.9399998,23.18,-3.8799999,1.6971581
12696000,398713912,327369616,403189,23.17,-3.4099998,22.91,-4.47,1.7186257
12900000,398713844,327370172,404194,22.89,-3.84,22.609999,-5.13,1.7392206
13104000,398713771,327370698,405300,22.59,-4.25,22.17,-5.85,1.7601645
13308000,398713689,327371226,406533,22.35,-4.71,21.85,-6.23,1.7833774
13511999,398713594,327371756,407869,22.18,-5.41,21.51,-6.47,1.8172367
13716000,398713486,327372268,409209,22.06,-6.2,21.13,-6.58,1.8565066
13920000,398713364,327372771,410547,21.89,-7.1,20.699999,-6.5299997,1.9010125
14124000,398713228,327373245,411839,21.24,-8.01,19.67,-6.37,1.9575613
14328000,398713071,327373707,413091,20.96,-9.05,18.92,-5.93,2.017077
14532000,398712890,327374162,414266,20.98,-10.13,18.359999,-5.33,2.0751963
14740000,398712692,327374594,415296,21.039999,-11.429999,17.68,-4.87,2.144486
14940000,398712473,327374999,416240,21.08,-12.82,16.73,-4.54,2.2245967
15144000,398712223,327375384,417135,21.08,-14.34,15.46,-4.2799997,2.3186698
15348000,398711938,327375742,418003,21.07,-15.9,13.78,-4.08,2.427404
15552000,398711631,327376051,418825,21.07,-17.44,11.83,-3.97,2.545388
15756000,398711304,327376303,419617,21.09,-18.81,9.58,-3.8799999,2.6703537
15960000,398710947,327376502,420418,21.14,-19.93,7.0299997,-3.78,2.8023007
16164000,398710565,327376641,421206,21.25,-20.789999,4.4,-3.72,2.932851
16368000,398710176,327376714,421961,21.38,-21.31,1.8399999,-3.58,3.055199
16572000,398709790,327376729,422646,21.529999,-21.5,-0.44,-3.34,3.162362
16776000,398709393,327376692,423311,21.68,-21.52,-2.59,-3.08,3.2613223
16980000,398708991,327376604,423922,21.8,-21.3,-4.5899997,-2.81,3.3539991
17184000,398708603,327376470,424462,21.9,-20.939999,-6.45,-2.49,3.440393
17388000,398708230,327376298,424926,21.949999,-20.369999,-8.16,-2.25,3.5224233
17592000,398707861,327376082,425379,21.97,-19.6,-9.889999,-2.12,3.608817
17796000,398707502,327375818,425813,21.939999,-18.57,-11.66,-2.06,3.7021923
18000000,398707172,327375517,426240,21.869999,-17.279999,-13.42,-2.1599998,3.801676
18204000,398706876,327375180,426691,21.76,-15.509999,-15.23,-2.3999999,3.9177406
18412000,398706612,327374792,427218,21.6,-13.16,-17.1,-2.77,4.056145
18612000,398706393,327374351,427856,21.41,-10.05,-18.9,-3.47,4.223522
18816000,398706241,327373880,428628,21.23,-6.3799996,-20.24,-4.0899997,4.406956
19020000,398706162,327373394,429512,21.06,-2.53,-20.92,-4.73,4.591612
19224000,398706150,327372892,430527,20.91,1.17,-20.89,-5.14,4.768239
19428000,398706205,327372388,431626,20.75,4.5099998,-20.24,-5.46,4.931777
19636000,398706315,327371915,432764,20.58,7.31,-19.22,-5.6,5.0757666
19836000,398706468,327371477,433899,20.359999,9.65,-17.949999,-5.73,5.2057934
20040000,398706665,327371066,435097,20.05,11.66,-16.32,-6.1099997,5.3325043
20244000,398706899,327370689,436421,19.619999,13.29,-14.42,-6.6099997,5.456772
20448000,398707155,327370367,437847,19.09,14.44,-12.48,-7.2599998,5.570218
20652000,398707422,327370096,439389,18.449999,15.11,-10.62,-8.09,5.6705747
20856000,398707703,327369863,441125,17.76,15.28,-9.01,-8.8,5.750336
21060000,398707990,327369658,443016,17.23,15.299999,-7.89,-9.29,5.806885
21264000,398708273,327369477,444906,17.029999,15.42,-7.24,-9.26,5.8440604
21468000,398708553,327369311,446714,17.06,15.63,-6.8399997,-8.86,5.8705893
21672000,398708843,327369151,448470,17.24,15.929999,-6.6299996,-8.3,5.888392
21876000,398709145,327368991,450128,17.5,16.279999,-6.45,-7.6299996,5.9056706
22080000,398709447,327368838,451636,17.56,16.39,-6.3399997,-6.94,5.9135246
22284000,398709741,327368690,452917,17.369999,16.23,-6.2599998,-5.89,5.914921
22488000,398710037,327368542,454000,17.199999,16.06,-6.12,-4.7,5.918586
22692000,398710338,327368393,454841,17.08,15.98,-6.0299997,-3.3999999,5.921727
22896000,398710631,327368248,455401,16.949999,15.839999,-6.0299997,-2.21,5.919284
23100000,398710916,327368106,455741,16.85,15.69,-6.1099997,-1.23,5.91143
23304000,398711203,327367957,455919,16.779999,15.54,-6.3399997,-0.45,5.8955474
23508000,398711494,327367799,455926,16.76,15.4,-6.6099997,0.26,5.87757
23712000,398711775,327367635,455800,16.789999,15.23,-7.1,0.89,5.846853
23916000,398712048,327367461,455582,16.859999,15.03,-7.64,1.3,5.812644
24120000,398712322,327367269,455262,16.96,14.74,-8.389999,1.73,5.7655206
24324000,398712595,327367053,454878,17.08,14.36,-9.28,1.9799999,5.7094955
24528000,398712855,327366819,454453,17.19,13.79,-10.219999,2.11,5.645267
24732000,398713098,327366566,454017,17.289999,13.12,-11.28,2.27,5.5731854
24936000,398713331,327366282,453542,17.38,12.19,-12.36,2.33,5.49098
25140000,398713549,327365966,453053,17.47,11.08,-13.5,2.3799999,5.3998737
25344000,398713741,327365630,452559,17.56,9.809999,-14.57,2.35,5.304754
25548000,398713906,327365275,452098,17.65,8.429999,-15.5,2.28,5.210506
25752000,398714046,327364893,451650,17.76,6.85,-16.39,2.1299999,5.108578
25956000,398714159,327364483,451225,17.859999,5.22,-17.08,1.9799999,5.0090947
26160000,398714240,327364067,450871,17.949999,3.6499999,-17.59,1.65,4.91729
26364000,398714293,327363650,450563,18.01,2.1699998,-17.88,1.37,4.83334
26568000,398714321,327363219,450310,18.039999,0.84999996,-18.02,1.06,4.759862
26772000,398714325,327362778,450129,18.039999,-0.29,-18.06,0.74,4.695983
26976000,398714311,327362346,450014,17.97,-1.17,-17.94,0.45,4.6467643
27180000,398714283,327361927,449971,17.869999,-1.88,-17.77,0.099999994,4.606622
27384000,398714244,327361504,449958,17.73,-2.3899999,-17.59,-0.099999994,4.5773
27588000,398714195,327361076,450015,17.56,-2.72,-17.34,-0.32,4.556182
27792000,398714143,327360663,450112,17.4,-2.9199998,-17.16,-0.48999998,4.5432663
27996000,398714090,327360262,450213,17.25,-2.96,-16.99,-0.55,4.539427
28200000,398714035,327359856,450325,17.119999,-2.95,-16.859999,-0.56,4.5390778
28404000,398713981,327359445,450437,17.01,-2.81,-16.76,-0.51,4.546059
28608000,398713931,327359044,450542,16.91,-2.61,-16.71,-0.48,4.557229
28812000,398713886,327358651,450637,16.83,-2.4099998,-16.67,-0.39999998,4.568748
29016000,398713843,327358252,450709,16.76,-2.18,-16.6,-0.32999998,4.5816636
29219999,398713805,327357847,450781,16.69,-1.87,-16.609999,-0.25,4.59999
29423999,398713774,327357457,450821,16.64,-1.61,-16.57,-0.16,4.6149993
29627999,398713747,327357060,450851,16.59,-1.3199999,-16.55,-0.16,4.632104
29832000,398713725,327356656,450884,16.539999,-1.01,-16.51,-0.099999994,4.650953
30036000,398713710,327356269,450911,16.5,-0.72999996,-16.46,-0.07,4.667534
30240000,398713699,327355866,450924,16.449999,-0.48,-16.449999,-0.04,4.682893
30444000,398713692,327355472,450936,16.41,-0.25,-16.39,-0.03,4.696681
30648000,398713689,327355086,450934,16.369999,-0.03,-16.38,-0.04,4.709945
30852000,398713691,327354687,450935,16.34,0.16,-16.32,-0.04,4.722512
31056000,398713695,327354303,450954,16.3,0.32999998,-16.3,0,4.7329836
31260000,398713702,327353913,450949,16.26,0.45999998,-16.27,0.03,4.741012
31464000,398713713,327353516,450929,16.22,0.58,-16.18,0.01,4.7483425
31668000,398713724,327353135,450903,16.18,0.66999996,-16.17,0.07,4.7539277
31872000,398713738,327352741,450892,16.15,0.72999996,-16.13,0.06,4.7575927
32076000,398713751,327352354,450885,16.119999,0.78,-16.08,0.07,4.7610836
32280000,398713765,327351976,450864,16.09,0.78,-16.06,0.04,4.7610836
32484000,398713780,327351583,450841,16.07,0.78999996,-16.029999,0.13,4.761956
32688000,398713794,327351206,450826,16.039999,0.76,-16.02,0.11,4.760036
32892000,398713808,327350822,450809,16.02,0.74,-16.01,0.12,4.758815
33096000,398713822,327350431,450787,16,0.7,-16.01,0.11,4.7561965
33300000,398713834,327350056,450753,15.98,0.65,-15.969999,0.049999997,4.753055
33504000,398713846,327349666,450726,15.96,0.59,-15.92,0.13,4.7497387
33708000,398713856,327349283,450705,15.94,0.53999996,-15.92,0.11,4.7465973
33912000,398713866,327348909,450681,15.92,0.51,-15.92,0.14999999,4.744503
34116000,398713876,327348521,450657,15.9,0.45,-15.9,0.16,4.741012
34320000,398713883,327348147,450635,15.88,0.39999998,-15.849999,0.07,4.7378707
34524000,398713891,327347767,450619,15.849999,0.35,-15.86,0.06,4.734904
34728000,398713897,327347380,450600,15.82,0.29999998,-15.79,0.03,4.731588
34932000,398713902,327347008,450590,15.799999,0.28,-15.809999,0.02,4.730191
35136000,398713907,327346623,450573,15.7699995,0.24,-15.78,0.099999994,4.727922
35340000,398713911,327346244,450549,15.75,0.19999999,-15.759999,0.03,4.725479
35544000,398713914,327345875,450543,15.73,0.16,-15.73,0.089999996,4.722861
35748000,398713917,327345490,450535,15.71,0.16,-15.73,0.14,4.7226863
35952000,398713919,327345121,450516,15.69,0.12,-15.69,0.049999997,4.7204175
36156000,398713922,327344745,450502,15.67,0.12,-15.66,0.01,4.7200685
36360000,398713924,327344362,450489,15.66,0.12,-15.639999,0.08,4.720592
36564000,398713927,327343994,450483,15.639999,0.11,-15.65,0.02,4.719894
36768000,398713929,327343612,450474,15.62,0.14999999,-15.639999,0.03,4.7221627
36976000,398713931,327343237,450472,15.599999,0.13,-15.58,0.03,4.7212896
37176000,398713934,327342871,450461,15.57,0.14999999,-15.549999,0.06,4.7221627
37380000,398713936,327342491,450461,15.54,0.17,-15.53,-0.04,4.7237334
37584000,398713939,327342126,450455,15.5199995,0.16,-15.5,0,4.7230353
37788000,398713942,327341754,450455,15.5,0.16,-15.49,-0.01,4.7230353
37992000,398713945,327341376,450456,15.48,0.14999999,-15.469999,-0.01,4.721988
38196000,398713947,327341012,450463,15.46,0.17,-15.429999,-0.03,4.7233844
38400000,398713951,327340634,450466,15.44,0.14,-15.429999,-0.04,4.721639
38608000,398713953,327340264,450488,15.41,0.14,-15.389999,-0.02,4.721639
38808000,398713956,327339902,450489,15.389999,0.16,-15.38,-0.02,4.72321
39012000,398713959,327339526,450494,15.37,0.14,-15.36,-0.06,4.721988
39216000,398713962,327339165,450499,15.339999,0.19,-15.349999,0,4.725304
39420000,398713965,327338798,450498,15.309999,0.17,-15.32,-0.04,4.7237334
39624000,398713969,327338423,450521,15.29,0.19,-15.29,-0.049999997,4.725304
39828000,398713973,327338064,450533,15.259999,0.19,-15.259999,-0.07,4.7251296
40032000,398713977,327337692,450541,15.24,0.19999999,-15.24,-0.099999994,4.725653
40236000,398713980,327337334,450537,15.21,0.19,-15.23,-0.04,4.7247806
40440000,398713983,327336969,450546,15.19,0.19,-15.179999,-0.08,4.7251296
40644000,398713986,327336598,450558,15.16,0.16,-15.17,-0.06,4.7230353
40848000,398713990,327336242,450564,15.139999,0.19,-15.12,-0.02,4.7249556
41052000,398713993,327335872,450575,15.11,0.17999999,-15.11,-0.049999997,4.724432
41256000,398713996,327335510,450584,15.089999,0.14999999,-15.089999,-0.07,4.7223372
41460000,398713999,327335155,450591,15.07,0.16,-15.07,0,4.7230353
41664000,398714002,327334787,450596,15.07,0.17,-15.089999,-0.03,4.7237334
41868000,398714005,327334425,450600,15.839999,0.17,-15.83,-0.17,4.72321
42072000,398714009,327334032,450685,16.92,0.22,-16.9,-0.84,4.725479
42276000,398714014,327333608,450983,17.64,0.29,-17.609999,-2.02,4.728969
42480000,398714020,327333190,451508,17.859999,0.39,-17.85,-3.1799998,4.7342057
42684000,398714028,327332754,452297,17.789999,0.48,-17.789999,-4.27,4.739616
42888000,398714038,327332330,453264,17.56,0.53999996,-17.56,-5.1,4.743456
43092000,398714048,327331921,454363,17.279999,0.64,-17.27,-5.75,4.7493896
43296000,398714060,327331502,455626,17,0.63,-16.96,-6.33,4.7497387
43500000,398714071,327331106,456939,16.75,0.59,-16.74,-6.75,4.747819
43704000,398714082,327330708,458347,16.529999,0.58,-16.52,-7.0099998,4.7476444
43908000,398714092,327330306,459838,16.32,0.55,-16.32,-7.21,4.7462482
44112000,398714101,327329925,461304,16.14,0.5,-16.119999,-7.3799996,4.7438045
44316000,398714111,327329533,462860,15.969999,0.47,-15.95,-7.46,4.7422338
44520000,398714118,327329152,464388,15.82,0.38,-15.799999,-7.3999996,4.7366486
44724000,398714125,327328782,465881,15.7,0.35,-15.679999,-7.43,4.735078
44928000,398714132,327328400,467416,15.589999,0.28,-15.589999,-7.37,4.7303658
45132000,398714136,327328034,468863,15.509999,0.22,-15.5199995,-7.21,4.72705
45336000,398714139,327327663,470311,15.46,0.14999999,-15.469999,-7.0499997,4.7226863
45540000,398714143,327327285,471757,15.42,0.089999996,-15.429999,-6.8399997,4.718323
45744000,398714144,327326923,473111,15.4,0.07,-15.4,-6.68,4.7172756
45948000,398714145,327326547,474483,15.389999,0,-15.36,-6.44,4.7120395
46152000,398714144,327326178,475783,15.389999,-0.04,-15.389999,-6.27,4.709771
46356000,398714143,327325816,477010,15.4,-0.089999996,-15.41,-6.02,4.7061057
46560000,398714141,327325440,478244,15.42,-0.16,-15.429999,-5.79,4.701393
46764000,398714137,327325077,479406,15.45,-0.19999999,-15.46,-5.62,4.699299
46968000,398714133,327324705,480530,15.48,-0.25,-15.509999,-5.49,4.695634
47172000,398714128,327324326,481658,15.5199995,-0.29,-15.5199995,-5.3399997,4.693539
47376000,398714122,327323961,482704,15.559999,-0.35999998,-15.54,-5.15,4.6890016
47580000,398714115,327323580,483759,15.599999,-0.39999998,-15.589999,-5.0499997,4.686558
47784000,398714108,327323206,484770,15.63,-0.42999998,-15.62,-4.95,4.6844635
47988000,398714100,327322838,485749,15.67,-0.48,-15.67,-4.79,4.681322
48192000,398714090,327322455,486743,15.7,-0.53,-15.7,-4.71,4.6785297
48396000,398714081,327322086,487686,15.719999,-0.53,-15.719999,-4.66,4.6783547
48600000,398714071,327321709,488637,15.75,-0.53999996,-15.74,-4.62,4.677482
48804000,398714060,327321324,489599,15.7699995,-0.57,-15.78,-4.5499997,4.6755624
49008000,398714050,327320953,490505,15.79,-0.58,-15.7699995,-4.56,4.675039
49212000,398714039,327320567,491450,15.809999,-0.56,-15.809999,-4.52,4.676435
49416000,398714028,327320187,492378,15.83,-0.61,-15.799999,-4.5,4.6736426
49620000,398714017,327319815,493270,15.839999,-0.59,-15.83,-4.52,4.6748643
49824000,398714006,327319428,494206,15.849999,-0.58,-15.849999,-4.49,4.675388
50028000,398713996,327319055,495119,15.86,-0.57,-15.849999,-4.45,4.6759114
50232000,398713985,327318675,496032,15.87,-0.58,-15.839999,-4.46,4.675388
50436000,398713975,327318288,496963,15.87,-0.52,-15.86,-4.5699997,4.6790533
50640000,398713965,327317915,497867,15.87,-0.51,-15.86,-4.5099998,4.679577
50844000,398713955,327317527,498809,15.87,-0.5,-15.86,-4.5099998,4.680624
51048000,398713946,327317146,499736,15.87,-0.51,-15.87,-4.56,4.6801004
51252000,398713938,327316773,500648,15.87,-0.48,-15.849999,-4.56,4.6818457
51456000,398713929,327316387,501592,15.86,-0.44,-15.87,-4.56,4.684115
51660000,398713920,327316014,502500,15.849999,-0.45,-15.849999,-4.5899997,4.6834164
51864000,398713912,327315638,503424,15.46,-0.44,-15.46,-4.43,4.683242
52068000,398713905,327315267,504291,14.9,-0.42999998,-14.889999,-3.84,4.683242
52272000,398713897,327314922,504990,14.46,-0.42,-14.42,-3.06,4.6825438
52476000,398713888,327314574,505530,14.11,-0.45,-14.12,-2.07,4.680449
52680000,398713880,327314239,505840,13.83,-0.48,-13.82,-1.0699999,4.6773076
52884000,398713871,327313917,505963,13.61,-0.53,-13.599999,-0.24,4.673293
53088000,398713861,327313586,505923,13.46,-0.57,-13.44,0.62,4.6698027
53292000,398713851,327313270,505721,13.389999,-0.61,-13.389999,1.3299999,4.6666613
53496000,398713839,327312949,505397,13.389999,-0.65999997,-13.38,1.91,4.662822
53700000,398713826,327312622,504941,13.46,-0.7,-13.44,2.3899999,4.6595054
53904000,398713812,327312304,504417,13.59,-0.78999996,-13.58,2.72,4.6537457
54108000,398713797,327311971,503824,13.7699995,-0.83,-13.759999,2.95,4.6514764
54312000,398713781,327311639,503201,13.98,-0.87,-13.94,3.01,4.6497316
54516000,398713766,327311309,502601,14.2,-0.90999997,-14.16,3,4.6478114
54720000,398713748,327310959,501993,14.429999,-0.90999997,-14.389999,2.9299998,4.6488585
54924000,398713732,327310618,501419,14.65,-0.91999996,-14.63,2.73,4.6490335
55128000,398713715,327310265,500888,14.849999,-0.87,-14.83,2.5,4.6533966
55332000,398713698,327309900,500395,15.04,-0.84999996,-15.009999,2.21,4.6551423
55536000,398713683,327309545,499981,15.2,-0.83,-15.16,1.9599999,4.657411
55740000,398713668,327309172,499608,15.33,-0.77,-15.309999,1.65,4.6617746
55944000,398713655,327308804,499298,15.42,-0.71999997,-15.389999,1.31,4.6654396
56148000,398713643,327308441,499050,15.469999,-0.63,-15.44,1.0799999,4.6713734
56352000,398713631,327308063,498854,15.509999,-0.56,-15.5,0.83,4.675737
56556000,398713622,327307698,498708,15.509999,-0.48,-15.509999,0.63,4.6807985
56760000,398713613,327307326,498596,15.509999,-0.39999998,-15.5199995,0.45,4.686034
56964000,398713606,327306947,498541,15.49,-0.35999998,-15.5,0.28,4.6890016
57168000,398713600,327306583,498497,15.469999,-0.29,-15.46,0.16,4.693365
57372000,398713595,327306205,498481,15.429999,-0.22999999,-15.42,0.04,4.6972046
57576000,398713591,327305836,498486,15.4,-0.19999999,-15.389999,-0.06,4.698601
57780000,398713588,327305475,498501,15.36,-0.16,-15.36,-0.13,4.701742
57984000,398713584,327305099,498535,15.33,-0.14999999,-15.33,-0.17,4.7024403
58188000,398713582,327304740,498569,15.29,-0.13,-15.29,-0.19999999,4.7038364
58392000,398713580,327304373,498603,15.259999,-0.12,-15.24,-0.22999999,4.704011
58596000,398713578,327304001,498654,15.219999,-0.089999996,-15.2,-0.25,4.7061057
58800000,398713577,327303643,498690,15.19,-0.04,-15.19,-0.22,4.7094216
59004000,398713575,327303272,498741,15.16,-0.049999997,-15.139999,-0.21,4.708898
59208000,398713574,327302909,498785,15.139999,-0.06,-15.11,-0.22,4.7083745
59412000,398713573,327302553,498824,15.13,-0.049999997,-15.15,-0.17,4.708898
59616000,398713572,327302183,498859,15.12,-0.03,-15.13,-0.17,4.709771
59820000,398713571,327301827,498896,15.11,-0.06,-15.089999,-0.14,4.707851
60024000,398713570,327301465,498927,15.099999,-0.04,-15.099999,-0.099999994,4.709596
60228000,398713571,327301096,498959,15.099999,0.099999994,-15.11,-0.099999994,4.7190213
60432000,398713576,327300741,498984,15.11,0.53,-15.089999,-0.089999996,4.7476444
60636000,398713592,327300372,498973,15.13,1.2099999,-15.089999,0.099999994,4.792674
60840000,398713623,327300011,498953,15.17,2.1499999,-15.0199995,0.11,4.8546333
61043999,398713672,327299660,498932,15.19,3.25,-14.83,0.07,4.9284606
61248000,398713744,327299308,498911,15.19,4.5699997,-14.509999,0.02,5.0174723
61451999,398713843,327298961,498907,15.16,6.02,-13.92,-0.01,5.120621
61656000,398713965,327298642,498920,15.099999,7.47,-13.11,-0.22,5.2300534
61860000,398714117,327298340,498986,14.99,8.97,-12,-0.39999998,5.35467
62064000,398714299,327298064,499094,14.849999,10.389999,-10.62,-0.63,5.4867916
62268000,398714502,327297829,499245,14.679999,11.62,-9.01,-0.91999996,5.6234503
62472000,398714721,327297638,499454,14.49,12.54,-7.2599998,-1.17,5.75819
62676000,398714963,327297484,499720,14.299999,13.23,-5.46,-1.37,5.8915334
62879999,398715210,327297373,500026,14.13,13.61,-3.84,-1.53,6.0079465
63084000,398715457,327297299,500325,14,13.78,-2.48,-1.56,6.104638
63287999,398715717,327297254,500640,13.91,13.849999,-1.29,-1.4399999,6.1898103
63492000,398715972,327297234,500911,13.86,13.84,-0.37,-1.1999999,6.256307
63695999,398716221,327297234,501134,13.84,13.83,0.32999998,-1,0.02443461
63900000,398716476,327297249,501301,13.87,13.849999,0.91999996,-0.71,0.06649704
64104000,398716735,327297277,501425,13.92,13.86,1.3,-0.41,0.09354964
64308000,398716986,327297312,501480,13.99,13.91,1.5999999,-0.11,0.11484266
64512000,398717243,327297353,501468,14.09,14.0199995,1.81,0.14,0.12897983
64716000,398717506,327297398,501414,14.23,14.09,1.91,0.42,0.13526301
64920000,398717766,327297444,501319,14.37,14.24,1.9,0.59999996,0.13316861
65124000,398718025,327297489,501185,14.53,14.42,1.88,0.71999997,0.13002703
65328000,398718297,327297533,501013,14.679999,14.57,1.73,0.76,0.11833332
65532000,398718567,327297573,500839,14.83,14.75,1.56,0.83,0.10576695
65736000,398718834,327297607,500658,14.969999,14.92,1.3299999,0.83,0.08918632
65940000,398719115,327297636,500490,15.089999,15.07,1.09,0.82,0.07260569
66144000,398719394,327297659,500322,15.2,15.179999,0.79999995,0.81,0.052883476
66348000,398719670,327297674,500177,15.29,15.29,0.51,0.65999997,0.033335786
66552000,398719952,327297683,500037,15.37,15.37,0.24,0.62,0.016057028
66756000,398720241,327297685,499924,15.429999,15.44,-0.03,0.55,6.280567
66960000,398720519,327297682,499827,15.48,15.469999,-0.26999998,0.39,6.2655573
67164000,398720804,327297673,499752,15.509999,15.5,-0.45,0.35999998,6.2535143
67368000,398721095,327297659,499688,15.53,15.509999,-0.65,0.22999999,6.240773
67572000,398721375,327297643,499657,15.54,15.5199995,-0.76,0.11,6.2341413
67776000,398721661,327297623,499651,15.53,15.5,-0.89,0.04,6.225764
67980000,398721951,327297600,499660,15.509999,15.469999,-0.96,-0.08,6.2210517
68184000,398722236,327297576,499671,15.48,15.429999,-0.98999995,-0.13,6.218957
68388000,398722514,327297552,499706,15.45,15.42,-1.04,-0.19999999,6.2152915
68592000,398722804,327297527,499759,15.41,15.38,-1,-0.21,6.2177353
68796000,398723086,327297503,499804,15.37,15.32,-0.98999995,-0.34,6.2180843
69000000,398723362,327297480,499863,15.33,15.309999,-0.93,-0.32,6.2217493
69204000,398723649,327297457,499928,15.29,15.2699995,-0.90999997,-0.35,6.22332
69408000,398723930,327297437,499995,15.259999,15.23,-0.82,-0.32,6.2292547
69612000,398724205,327297417,500058,15.219999,15.2,-0.81,-0.32,6.2296033
69816000,398724483,327297399,500134,15.19,15.179999,-0.69,-0.29999998,6.237632
70020000,398724768,327297382,500192,15.16,15.16,-0.65,-0.34,6.2400756
70224000,398725041,327297368,500238,15.139999,15.12,-0.59,-0.22999999,6.243566
70428000,398725320,327297355,500294,15.12,15.12,-0.52,-0.28,6.2484527
70632000,398725603,327297342,500344,15.099999,15.089999,-0.47,-0.22999999,6.251595
70836000,398725876,327297332,500375,15.089999,15.08,-0.42,-0.19,6.25526
71040000,398726153,327297323,500406,15.07,15.08,-0.39,-0.14999999,6.257005
71244000,398726436,327297313,500428,15.059999,15.059999,-0.35,-0.11,6.259798
71448000,398726713,327297305,500455,15.049999,15.049999,-0.31,-0.07,6.262416
71652000,398726984,327297298,500481,15.049999,15.049999,-0.29999998,-0.03,6.26259
71856000,398727267,327297291,500493,15.049999,15.059999,-0.26,-0.049999997,6.265383
72060000,398727544,327297284,500500,15.059999,15.059999,-0.26,-0.04,6.265732
72264000,398727815,327297278,500502,15.059999,15.059999,-0.25,0,6.266081
72468000,398728098,327297272,500511,15.059999,15.059999,-0.26,-0.01,6.265383
72672000,398728375,327297267,500501,15.07,15.049999,-0.24,-0.01,6.2666044
72876000,398728647,327297261,500505,15.07,15.08,-0.25,0,6.26643
73080000,398728924,327297255,500499,15.07,15.04,-0.26,-0.02,6.265383
73284000,398729207,327297248,500502,15.07,15.07,-0.26,0.049999997,6.265383
73488000,398729479,327297242,500497,15.059999,15.07,-0.29999998,0,6.263114
73692000,398729756,327297235,500496,15.04,15.04,-0.26,0.03,6.265383
73896000,398730035,327297228,500492,14.71,14.719999,-0.25,0.12,6.265732
74100000,398730302,327297224,500438,15.059999,15.07,-0.07,0.38,6.278124
74304000,398730584,327297228,500368,15.5199995,15.5,0.5,0.21,0.032463126
74508000,398730878,327297252,500368,15.79,15.73,1.4399999,-0.19999999,0.09162979
74712000,398731167,327297300,500446,15.87,15.639999,2.6299999,-0.5,0.16685347
74916000,398731447,327297378,500576,15.799999,15.25,4.0299997,-0.78,0.2583087
75120000,398731728,327297497,500768,15.66,14.599999,5.6099997,-0.96,0.36686823
75324000,398731988,327297650,500989,15.299999,13.59,7.0099998,-1.11,0.47647488
75528000,398732223,327297829,501209,14.91,12.429999,8.24,-1.0699999,0.5852089
75732000,398732444,327298044,501421,14.5,11.12,9.309999,-0.85999995,0.69690996
75936000,398732637,327298278,501571,14.16,9.929999,10.139999,-0.59999996,0.7958701
76140000,398732805,327298526,501653,13.99,8.79,10.88,-0.26999998,0.89099056
76344000,398732957,327298792,501666,13.759999,7.7599998,11.36,0.16,0.97145027
76548000,398733094,327299076,501567,13.62,6.8599997,11.75,0.81,1.0419616
76752000,398733210,327299357,501363,13.549999,6.02,12.139999,1.31,1.1100293
76956000,398733313,327299652,501056,13.53,5.23,12.49,1.76,1.1742575
77160000,398733404,327299962,500628,13.61,4.49,12.849999,2.1399999,1.2341223
77364000,398733479,327300269,500158,13.7,3.8,13.179999,2.54,1.2899728
77568000,398733543,327300588,499586,13.84,3.1999998,13.48,2.9299998,1.3374457
77772000,398733598,327300921,498943,14.03,2.6,13.79,3.1799998,1.384046
77976000,398733641,327301255,498291,14.24,2.1,14.08,3.35,1.4226178
78180000,398733674,327301590,497625,14.469999,1.5699999,14.38,3.32,1.4618877
78384000,398733699,327301945,496925,14.7,1.12,14.639999,3.4399998,1.4938272
78588000,398733716,327302299,496223,14.929999,0.74,14.889999,3.47,1.5210545
78792000,398733727,327302652,495520,15.16,0.42,15.16,3.4299998,1.5423473
78996000,398733732,327303026,494809,15.389999,0.13,15.38,3.35,1.5618951
79200000,398733733,327303398,494139,15.599999,-0.08,15.599999,3.1799998,1.5758578
79404000,398733730,327303767,493532,15.78,-0.24,15.78,3.05,1.5863297
79608000,398733724,327304147,492898,15.929999,-0.32,15.929999,3.1799998,1.5913912
79812000,398733717,327304539,492249,16.109999,-0.41,16.109999,3.12,1.5964527
80016000,398733709,327304919,491648,16.26,-0.42,16.23,2.96,1.5969763
80220000,398733701,327305310,491059,16.39,-0.47,16.38,2.75,1.5997688
80424000,398733693,327305712,490511,16.5,-0.45,16.49,2.6299999,1.598547
80628000,398733686,327306101,489965,16.59,-0.41,16.57,2.77,1.5957545
80832000,398733678,327306500,489407,16.69,-0.34,16.67,2.72,1.5913912
81036000,398733673,327306909,488848,16.789999,-0.29999998,16.789999,2.6299999,1.5887731
81240000,398733668,327307313,488321,16.869999,-0.19999999,16.85,2.46,1.5826646
81444000,398733665,327307710,487836,16.93,-0.12,16.949999,2.37,1.5783012
81648000,398733664,327308125,487325,16.99,-0.049999997,16.99,2.49,1.5737634
81852000,398733663,327308533,486806,17.06,-0.01,17.06,2.52,1.5714945
82056000,398733663,327308936,486297,17.13,0.07,17.14,2.5,1.5666075
82260000,398733665,327309355,485791,17.19,0.11,17.21,2.35,1.5639895
82464000,398733668,327309768,485331,17.23,0.16,17.22,2.31,1.5611969
82668000,398733671,327310173,484844,17.279999,0.19,17.289999,2.4299998,1.559277
82872000,398733675,327310588,484326,17.34,0.21,17.34,2.58,1.5582299
83076000,398733680,327311013,483797,17.41,0.26,17.42,2.57,1.5552629
83280000,398733685,327311423,483303,17.47,0.29,17.449999,2.35,1.5535175
83484000,398733691,327311842,482830,17.5,0.32999998,17.5,2.26,1.5517721
83688000,398733697,327312271,482320,17.55,0.34,17.57,2.47,1.5512486
83892000,398733703,327312683,481803,17.609999,0.31,17.6,2.6499999,1.5526448
84096000,398733709,327313107,481261,17.69,0.32999998,17.66,2.6799998,1.5515977
84300000,398733715,327313541,480712,17.76,0.32999998,17.77,2.5,1.5521213
84504000,398733721,327313967,480212,17.8,0.32,17.779999,2.45,1.5522957
84708000,398733727,327314386,479705,17.85,0.31,17.83,2.61,1.5528195
84912000,398733733,327314823,479145,17.92,0.29,17.92,2.78,1.5545647
85116000,398733739,327315254,478572,18,0.29,18,2.87,1.5543902
85320000,398733744,327315678,478014,18.08,0.26999998,18.08,2.62,1.5554373
85524000,398733750,327316121,477482,18.14,0.26,18.14,2.57,1.5561355
85728000,398733754,327316557,476943,18.199999,0.26999998,18.199999,2.7,1.5557865
85932000,398733759,327316985,476393,18.27,0.26,18.26,2.83,1.5561355
86136000,398733764,327317424,475796,18.35,0.26,18.34,2.9399998,1.55631
86340000,398733769,327317874,475191,18.43,0.22999999,18.43,2.74,1.5578808
86544000,398733773,327318308,474650,18.49,0.24,18.47,2.6599998,1.5575318
86748000,398733777,327318752,474086,18.55,0.22,18.52,2.78,1.558579
86952000,398733782,327319206,473497,18.619999,0.25,18.619999,2.9399998,1.5568336
87156000,398733788,327319645,472898,18.699999,0.42999998,18.68,3,1.5472344
87360000,398733798,327320094,472303,18.779999,0.78999996,18.76,2.87,1.5285593
87564000,398733818,327320553,471725,18.83,1.3,18.81,2.82,1.5013322
87768000,398733847,327321003,471138,18.88,1.9399999,18.789999,2.8999999,1.4678218
87972000,398733889,327321444,470537,18.93,2.71,18.74,3.04,1.4268067
88176000,398733949,327321901,469878,18.98,3.6999998,18.609999,3.1799998,1.3744467
88380000,398734029,327322344,469227,19.01,4.91,18.369999,3.04,1.3091716
88584000,398734129,327322773,468598,19.029999,6.17,18,3.1599998,1.2400564
88788000,398734257,327323207,467920,19.039999,7.47,17.49,3.34,1.1671016
88992000,398734407,327323619,467230,19.06,8.72,16.949999,3.53,1.0953686
89196000,398734573,327324011,466498,19.1,9.69,16.42,3.78,1.0374237
89400000,398734760,327324400,465701,19.189999,10.5,16.06,3.8899999,0.9915215
89604000,398734963,327324789,464930,19.31,11.09,15.809999,3.51,0.9588839
89808000,398735165,327325161,464297,19.369999,11.179999,15.799999,2.76,0.9548696
90012000,398735368,327325544,463818,19.33,10.69,16.1,2.03,0.98436564
90216000,398735559,327325943,463454,19.21,9.63,16.6,1.4599999,1.044754
90420000,398735723,327326348,463214,18.98,8.2,17.13,0.97999996,1.124341
90624000,398735857,327326755,463030,18.75,6.6499996,17.51,0.84,1.2077677
90828000,398735965,327327187,462870,18.5,4.8399997,17.85,0.77,1.3060299
91032000,398736037,327327618,462720,18.27,2.99,18.029999,0.71999997,1.4060372
91236000,398736075,327328044,462573,18.22,1.17,18.199999,0.82,1.506219
91440000,398736080,327328486,462391,18.01,-0.55,17.99,0.95,1.6016886
91644000,398736058,327328915,462158,17.869999,-1.87,17.76,1.3299999,1.6756905
91848000,398736013,327329330,461848,17.789999,-3.06,17.52,1.67,1.7437583
92052000,398735945,327329747,461478,17.74,-4.12,17.24,2,1.805194
92256000,398735858,327330167,461029,17.84,-5.16,17.05,2.23,1.8645351
92460000,398735755,327330564,460573,17.8,-6.21,16.67,2.4299998,1.9273671
92664000,398735631,327330959,460051,17.789999,-7.35,16.22,2.7,1.9959586
92868000,398735481,327331348,459459,17.83,-8.62,15.62,2.9199998,2.075022
93072000,398735315,327331707,458849,17.9,-9.74,15.009999,3.1799998,2.1465805
93276000,398735128,327332062,458159,17.99,-10.61,14.549999,3.6,2.200511
93480000,398734922,327332412,457387,18.1,-11.29,14.15,3.6499999,2.2441444
93684000,398734710,327332748,456684,18.22,-11.7,13.969999,3.22,2.2682297
93888000,398734498,327333077,456088,18.279999,-11.66,14.099999,2.79,2.2615976
94092000,398734284,327333428,455568,18.279999,-11.08,14.549999,2.25,2.221455
94296000,398734089,327333784,455152,18.23,-10.03,15.219999,1.88,2.153387
94500000,398733922,327334151,454807,18.16,-8.59,15.98,1.56,2.0642009
94704000,398733777,327334551,454519,18.109999,-6.8199997,16.77,1.27,1.956863
94908000,398733669,327334961,454289,18.06,-4.8399997,17.41,1.0699999,1.8421949
95112000,398733602,327335376,454093,18.029999,-2.71,17.82,0.93,1.7219417
95316000,398733572,327335806,453896,18.02,-0.56,18,0.91999996,1.6022122
95520000,398733581,327336247,453700,18.02,1.56,17.94,0.95,1.4835298
95724000,398733627,327336666,453500,18.029999,3.56,17.64,1.03,1.3716542
95928000,398733711,327337084,453273,18.029999,5.46,17.19,1.18,1.2630947
96132000,398733832,327337495,453012,18.029999,7.3199997,16.48,1.3299999,1.1522663
96336000,398733980,327337873,452740,18.029999,8.98,15.639999,1.42,1.049292
96540000,398734160,327338236,452430,18.029999,10.59,14.62,1.5899999,0.943874
96744000,398734374,327338578,452083,18.039999,12.11,13.37,1.7199999,0.8346164
96948000,398734610,327338882,451728,18.05,13.5,11.969999,1.87,0.72553337
97152000,398734864,327339146,451352,18.08,14.74,10.469999,1.9499999,0.617672
97356000,398735152,327339380,450940,18.13,15.889999,8.71,1.9599999,0.50125855
97560000,398735454,327339567,450533,18.199999,16.84,6.8999996,2,0.3892084
97764000,398735765,327339707,450130,18.279999,17.58,5.02,2.03,0.27803093
97968000,398736100,327339806,449698,18.38,18.109999,3.1,2.08,0.16947147
98172000,398736437,327339858,449274,18.48,18.44,1.31,2.11,0.07120943
98376000,398736772,327339868,448856,18.57,18.57,-0.34,2.08,6.2646847
98580000,398737113,327339840,448442,18.65,18.56,-1.93,1.9699999,6.179338
98784000,398737460,327339775,448035,18.71,18.42,-3.34,1.8399999,6.103242
98988000,398737791,327339682,447679,18.75,18.19,-4.5299997,1.66,6.0386643
99192000,398738122,327339560,447364,18.75,17.89,-5.6,1.4499999,5.979847
99396000,398738454,327339411,447083,18.72,17.529999,-6.5099998,1.16,5.9273124
99600000,398738768,327339249,446879,18.65,17.199999,-7.22,0.84999996,5.8854246
99804000,398739081,327339068,446739,18.55,16.83,-7.7799997,0.48,5.849994
100008000,398739394,327338872,446666,18.43,16.5,-8.19,0.21,5.8222437
100212000,398739695,327338672,446648,18.279999,16.22,-8.47,-0.089999996,5.801649
100416000,398739985,327338471,446706,18.13,15.96,-8.61,-0.35999998,5.7883844
100620000,398740282,327338260,446792,17.96,15.719999,-8.66,-0.58,5.779309
100824000,398740570,327338052,446932,17.779999,15.54,-8.65,-0.78999996,5.7747707
101028000,398740848,327337849,447099,17.619999,15.389999,-8.59,-0.88,5.773549
101232000,398741136,327337640,447282,17.46,15.259999,-8.47,-0.93,5.7765164
101436000,398741416,327337438,447481,17.31,15.16,-8.349999,-0.97999996,5.779658
101640000,398741688,327337243,447673,17.19,15.07,-8.21,-0.93,5.784021
101844000,398741965,327337047,447868,17.07,15.03,-8.099999,-0.90999997,5.788733
102048000,398742247,327336851,448049,16.97,14.99,-7.98,-0.79999995,5.793446
102252000,398742517,327336665,448213,16.9,14.94,-7.85,-0.74,5.7992053
102456000,398742792,327336478,448355,16.83,14.95,-7.75,-0.66999996,5.8047905
102660000,398743072,327336289,448484,16.77,14.91,-7.69,-0.57,5.8067102
102864000,398743341,327336110,448583,16.74,14.9,-7.6299996,-0.47,5.8095026
103068000,398743615,327335927,448670,16.71,14.88,-7.62,-0.35,5.809677
103272000,398743894,327335741,448732,16.69,14.839999,-7.6299996,-0.22999999,5.808281
103476000,398744168,327335559,448772,16.67,14.82,-7.62,-0.19,5.807932
103680000,398744435,327335379,448804,16.66,14.82,-7.66,-0.099999994,5.806012
103884000,398744712,327335191,448809,16.66,14.78,-7.74,-0.01,5.800427
104088000,398744984,327335004,448815,16.67,14.71,-7.8399997,0.049999997,5.793271
104292000,398745249,327334819,448801,16.67,14.67,-7.91,0.13,5.788559
104496000,398745523,327334623,448774,16.67,14.57,-8.07,0.13,5.7775636
104700000,398745790,327334427,448741,16.68,14.5,-8.24,0.13,5.7662187
104904000,398746051,327334232,448717,16.69,14.42,-8.37,0.14999999,5.7569685
105108000,398746316,327334029,448674,16.69,14.32,-8.57,0.16,5.743879
105312000,398746584,327333817,448637,16.699999,14.2,-8.7699995,0.19999999,5.729741
105516000,398746839,327333608,448584,16.699999,14.07,-8.98,0.17,5.714906
105720000,398747097,327333390,448543,16.699999,14,-9.13,0.19999999,5.7049575
105924000,398747358,327333166,448505,16.68,13.929999,-9.15,0.099999994,5.70199
106128000,398747610,327332951,448502,16.64,13.95,-9.05,0.01,5.707401
106332000,398747868,327332737,448530,16.57,14.049999,-8.8,-0.29999998,5.723458
106536000,398748133,327332527,448607,16.48,14.15,-8.44,-0.48,5.744751
106740000,398748394,327332330,448716,16.38,14.33,-7.96,-0.63,5.775818
106944000,398748654,327332149,448866,16.27,14.48,-7.3999996,-0.81,5.8103757
107148000,398748928,327331978,449047,16.14,14.719999,-6.6299996,-0.95,5.8595934
107352000,398749201,327331830,449256,16.01,14.96,-5.7,-1.12,5.918586
107556000,398749474,327331708,449486,15.889999,15.21,-4.6,-1.26,5.989446
107760000,398749761,327331613,449771,15.7699995,15.46,-3.1699998,-1.38,6.080552
107964000,398750047,327331556,450055,15.65,15.58,-1.51,-1.48,6.186145
108168000,398750328,327331542,450362,15.549999,15.549999,0.26999998,-1.56,0.017453292
108372000,398750612,327331571,450687,15.45,15.299999,2.19,-1.55,0.14241886
108576000,398750896,327331648,450996,15.37,14.839999,3.97,-1.5,0.26127577
108780000,398751159,327331758,451285,15.32,14.33,5.43,-1.29,0.3625049
108984000,398751416,327331907,451525,15.2699995,13.65,6.8799996,-1.14,0.4670501
109188000,398751664,327332093,451745,15.219999,12.79,8.24,-0.94,0.5721189
109392000,398751886,327332301,451925,15.19,11.87,9.48,-0.82,0.67387164
109596000,398752095,327332542,452082,15.17,10.78,10.67,-0.71,0.7803367
109800000,398752286,327332818,452210,15.19,9.51,11.82,-0.52,0.8929104
110004000,398752448,327333115,452307,15.23,8.11,12.889999,-0.42,1.0089748
110208000,398752579,327333430,452367,15.309999,6.5499997,13.849999,-0.19999999,1.1287044
110412000,398752685,327333779,452397,15.429999,4.72,14.679999,-0.04,1.2594295
110616000,398752755,327334139,452379,15.589999,2.85,15.33,0.13,1.386315
110820000,398752789,327334505,452312,15.7699995,0.96999997,15.75,0.44,1.5088371
111024000,398752789,327334893,452192,15.99,-1,15.969999,0.81,1.6336281
111228000,398752752,327335276,451994,16.22,-2.8799999,15.94,1.12,1.7500416
111432000,398752684,327335650,451727,16.449999,-4.67,15.75,1.55,1.8594738
111636000,398752581,327336023,451374,16.68,-6.41,15.4,1.9399999,1.9652407
111840000,398752444,327336393,450937,16.91,-8.13,14.809999,2.34,2.0729275
112044000,398752282,327336732,450435,17.13,-9.76,14.07,2.6599998,2.1774726
112248000,398752087,327337058,449867,17.35,-11.389999,13.099999,2.97,2.2865558
112452000,398751858,327337364,449224,17.57,-12.98,11.83,3.22,2.4022713
112656000,398751609,327337625,448560,17.789999,-14.48,10.389999,3.35,2.5186846
112860000,398751331,327337853,447869,18.02,-15.799999,8.65,3.4499998,2.6406832
113064000,398751022,327338039,447150,18.26,-17.029999,6.64,3.47,2.769663
113268000,398750700,327338173,446436,18.51,-17.949999,4.48,3.4399998,2.896723
113472000,398750370,327338253,445751,18.75,-18.59,2.32,3.3999999,3.0171506
113676000,398750016,327338282,445044,18.99,-19,0.049999997,3.3899999,3.1386256
113880000,398749665,327338256,444369,19.199999,-19.1,-2.11,3.3899999,3.2518973
114084000,398749322,327338182,443691,19.39,-18.949999,-4.0499997,3.36,3.3522537
114288000,398748969,327338058,442986,19.55,-18.609999,-6.02,3.3999999,3.4548793
114492000,398748632,327337891,442315,19.68,-18.07,-7.8199997,3.24,3.5499995
114696000,398748312,327337688,441690,19.779999,-17.39,-9.469999,3.05,3.640233
114900000,398748000,327337442,441097,19.83,-16.5,-10.99,2.71,3.7290702
115104000,398747700,327337156,440582,19.84,-15.5,-12.36,2.22,3.8149407
115308000,398747430,327336850,440189,19.81,-14.429999,-13.58,1.67,3.8967965
115512000,398747175,327336512,439916,19.71,-13.23,-14.599999,1.05,3.9760344
115716000,398746939,327336145,439786,19.539999,-12.0199995,-15.4,0.28,4.0493383
115920000,398746728,327335768,439822,19.32,-10.84,-15.99,-0.48999998,4.1163588
116124000,398746543,327335387,439992,19.039999,-9.74,-16.359999,-1.24,4.1751766
116328000,398746370,327334985,440326,18.72,-8.74,-16.56,-1.88,4.2266636
116532000,398746217,327334587,440761,18.39,-7.87,-16.609999,-2.4199998,4.269948
116736000,398746083,327334196,441276,18.06,-7.1299996,-16.57,-2.8,4.3060765
116940000,398745955,327333791,441893,17.74,-6.45,-16.5,-3.04,4.3392377
117144000,398745841,327333396,442530,17.44,-5.8799996,-16.4,-3.1799998,4.367861
117348000,398745740,327333011,443178,17.18,-5.35,-16.31,-3.27,4.3950877
117552000,398745646,327332621,443843,16.94,-4.8399997,-16.23,-3.27,4.422664
117756000,398745560,327332226,444508,16.73,-4.3399997,-16.14,-3.1,4.4493675
117960000,398745486,327331846,445128,16.55,-3.85,-16.1,-3.03,4.4771185
118164000,398745420,327331461,445725,16.41,-3.33,-16.05,-2.81,4.507662
118368000,398745363,327331068,446299,16.279999,-2.8,-16.05,-2.61,4.539427
118572000,398745318,327330691,446805,16.18,-2.2,-16.05,-2.37,4.5757294
118776000,398745285,327330307,447269,16.09,-1.55,-16.029999,-2.2,4.615523
118980000,398745262,327329916,447708,16.02,-0.84999996,-16.01,-1.9499999,4.6588073
119184000,398745253,327329532,448091,15.96,-0.11,-15.98,-1.77,4.704884
119388000,398745259,327329157,448424,15.91,0.66999996,-15.87,-1.61,4.754975
119592000,398745280,327328770,448741,15.849999,1.56,-15.78,-1.4499999,4.8108253
119796000,398745316,327328394,449016,15.799999,2.45,-15.589999,-1.31,4.86877
120000000,398745368,327328029,449259,15.75,3.3799999,-15.389999,-1.15,4.9284606
120204000,398745441,327327657,449496,15.679999,4.3199997,-15.07,-1.09,4.991467
120408000,398745530,327327301,449715,15.599999,5.3399997,-14.66,-1.01,5.061629
120612000,398745635,327326962,449910,15.5199995,6.29,-14.17,-0.96999997,5.130395
120816000,398745761,327326629,450103,15.41,7.2999997,-13.57,-0.93,5.205619
121020000,398745907,327326306,450302,15.299999,8.29,-12.849999,-0.96,5.2853804
121224000,398746065,327326014,450497,15.17,9.22,-12.03,-1,5.366189
121428000,398746244,327325736,450702,15.03,10.11,-11.08,-1.06,5.4520597
121632000,398746442,327325477,450935,14.87,10.969999,-10.04,-1.15,5.541944
121836000,398746647,327325254,451175,14.73,11.67,-8.98,-1.1999999,5.627465
122040000,398746867,327325053,451426,14.589999,12.3,-7.85,-1.28,5.715255
122244000,398747103,327324875,451701,14.45,12.809999,-6.69,-1.3399999,5.801823
122448000,398747343,327324727,451981,14.34,13.17,-5.6299996,-1.28,5.879142
122652000,398747584,327324606,452235,14.2699995,13.509999,-4.65,-1.22,5.9512234
122856000,398747839,327324504,452466,14.2,13.719999,-3.6999998,-1.11,6.019466
123060000,398748093,327324426,452684,14.16,13.87,-2.85,-0.96999997,6.0800285
123264000,398748345,327324368,452842,14.12,13.96,-2.11,-0.76,6.132912
123468000,398748607,327324325,452993,14.11,14.0199995,-1.37,-0.52,6.1854467
123672000,398748866,327324301,453088,14.12,14.09,-0.71999997,-0.34,6.2318726
123876000,398749121,327324292,453140,14.139999,14.16,-0.08,-0.22999999,6.2769017
124080000,398749381,327324297,453164,14.17,14.15,0.55,-0.01,0.03874631
124284000,398749647,327324318,453152,14.219999,14.179999,1.16,0.06,0.082205005
124488000,398749903,327324353,453126,14.28,14.16,1.78,0.14,0.12548918
124692000,398750163,327324404,453091,14.33,14.12,2.44,0.17999999,0.17121679
124896000,398750427,327324472,453050,14.38,14.03,3.12,0.26,0.21903883
125099999,398750684,327324556,452999,14.429999,13.929999,3.82,0.25,0.26790804
125304000,398750934,327324654,452943,14.469999,13.74,4.49,0.22999999,0.3160791
125508000,398751190,327324773,452904,14.509999,13.5199995,5.27,0.22999999,0.37175512
125711999,398751432,327324906,452851,14.549999,13.23,6.06,0.19999999,0.429351
125916000,398751672,327325061,452825,14.589999,12.91,6.81,0.17999999,0.48537606
126120000,398751910,327325237,452780,14.62,12.46,7.6,0.089999996,0.54785883
126324000,398752131,327325426,452759,14.65,12.0199995,8.4,0.13,0.6101671
126527999,398752346,327325638,452731,14.69,11.469999,9.2,0.07,0.675966
126732000,398752555,327325872,452708,14.719999,10.79,9.98,0.07,0.7466518
126936000,398752744,327326116,452706,14.75,10.12,10.71,0.06,0.81349796
127140000,398752924,327326382,452692,14.79,9.389999,11.45,0.03,0.88400924
127343999,398753092,327326670,452698,14.83,8.54,12.12,0,0.9566149
127548000,398753238,327326963,452685,14.88,7.7,12.71,0.02,1.02573
127752000,398753371,327327275,452668,14.929999,6.83,13.28,0.049999997,1.0951941
127955999,398753491,327327606,452655,15.009999,5.89,13.799999,0.099999994,1.1674507
128160000,398753589,327327936,452632,15.089999,5,14.23,0.14999999,1.2323769
128364000,398753672,327328282,452595,15.179999,4.0899997,14.639999,0.17999999,1.2980013
128568000,398753741,327328643,452542,15.29,3.1899998,14.95,0.28,1.3604841
128771999,398753790,327328999,452475,15.389999,2.28,15.219999,0.37,1.4217452
128976000,398753824,327329374,452384,15.5199995,1.38,15.45,0.5,1.4812609
129180000,398753840,327329747,452280,15.639999,0.45,15.65,0.61,1.5419984
129384000,398753840,327330116,452162,15.7699995,-0.42999998,15.78,0.66999996,1.5983725
129587999,398753822,327330503,452017,15.9,-1.4,15.83,0.71999997,1.65911
129792000,398753788,327330883,451848,16.029999,-2.31,15.849999,0.87,1.7158332
129996000,398753738,327331255,451666,16.16,-3.24,15.839999,0.93,1.7729053
130199999,398753668,327331641,451453,16.289999,-4.21,15.719999,1.04,1.8325957
130404000,398753582,327332017,451227,16.41,-5.16,15.58,1.18,1.8907151
130608000,398753480,327332381,450984,16.529999,-6.1299996,15.37,1.29,1.9505799
130812000,398753356,327332753,450724,16.65,-7.1,15.08,1.37,2.0107937
131015999,398753215,327333109,450428,16.77,-8.12,14.67,1.4599999,2.0762436
131220000,398753061,327333449,450131,16.869999,-9.07,14.23,1.54,2.1383774
131424000,398752880,327333791,449800,16.98,-10.07,13.67,1.5799999,2.2055724
131628000,398752686,327334110,449467,17.08,-11.09,13.009999,1.65,2.2766075
131832000,398752477,327334407,449133,17.17,-12.07,12.23,1.6999999,2.3495622
132036000,398752242,327334696,448790,17.27,-12.99,11.349999,1.6999999,2.4235642
132240000,398751999,327334951,448456,17.35,-13.929999,10.37,1.7199999,2.5014057
132444000,398751734,327335186,448104,17.44,-14.79,9.22,1.67,2.5841343
132648000,398751449,327335396,447780,17.529999,-15.599999,7.99,1.5699999,2.6682591
132852000,398751161,327335569,447468,17.609999,-16.279999,6.69,1.53,2.7515113
133056000,398750855,327335713,447164,17.699999,-16.88,5.35,1.4699999,2.8344145
133260000,398750534,327335826,446863,17.789999,-17.34,3.9399998,1.3299999,2.9178412
133464000,398750218,327335903,446621,17.869999,-17.69,2.59,1.26,2.9958575
133668000,398749890,327335949,446358,17.949999,-17.93,1.26,1.24,3.071256
133872000,398749553,327335962,446107,18.029999,-18.029999,-0.089999996,1.1899999,3.146654
134076000,398749227,327335944,445866,18.1,-18.05,-1.3399999,1.12,3.215769
134280000,398748896,327335897,445627,18.15,-17.97,-2.58,1.09,3.2843604
134484000,398748560,327335818,445397,18.199999,-17.779999,-3.8,1.04,3.3520794
134688000,398748241,327335715,445194,18.22,-17.539999,-4.91,1.04,3.4145622
134892000,398747921,327335583,445000,18.24,-17.19,-6.0499997,1.0699999,3.480012
135096000,398747603,327335421,444797,18.23,-16.77,-7.1499996,0.9,3.5449383
135300000,398747305,327335240,444614,18.21,-16.26,-8.23,0.84999996,3.610039
135504000,398747006,327335025,444441,18.18,-15.599999,-9.32,0.77,3.6802013
135708000,398746725,327334789,444294,18.119999,-14.88,-10.36,0.62,3.7501888
135912000,398746465,327334533,444182,18.05,-13.98,-11.38,0.48999998,3.8247144
136116000,398746212,327334241,444107,17.949999,-12.969999,-12.4,0.28,3.9046507
136320000,398745984,327333932,444078,17.83,-11.79,-13.37,0.01,3.9894736
136524000,398745783,327333607,444103,17.699999,-10.5199995,-14.24,-0.26,4.0760417
136728000,398745600,327333249,444207,17.539999,-9.05,-15.009999,-0.59999996,4.1695914
136932000,398745447,327332881,444370,17.359999,-7.52,-15.639999,-0.95,4.264014
137136000,398745325,327332508,444599,17.17,-6.0299997,-16.07,-1.29,4.352851
137340000,398745227,327332111,444924,16.949999,-4.5099998,-16.33,-1.6899999,4.442735
137544000,398745156,327331718,445290,16.73,-3.1299999,-16.44,-1.9699999,4.523893
137748000,398745112,327331332,445695,16.5,-1.89,-16.39,-2.1699998,4.597197
137952000,398745088,327330932,446158,16.26,-0.72999996,-16.26,-2.3,4.667185
138156000,398745083,327330545,446645,16.029999,0.21,-16.02,-2.4099998,4.725479
138360000,398745094,327330171,447131,15.809999,1.03,-15.79,-2.4299998,4.777489
138564000,398745121,327329789,447643,15.599999,1.78,-15.49,-2.44,4.8270574
138768000,398745159,327329428,448135,15.4,2.44,-15.21,-2.4299998,4.8717375
138972000,398745210,327329067,448619,15.21,3.05,-14.9,-2.31,4.9146724
139176000,398745274,327328707,449088,15.0199995,3.6299999,-14.58,-2.19,4.956735
139380000,398745344,327328368,449506,14.86,4.18,-14.23,-2.07,4.998448
139584000,398745426,327328030,449929,14.7,4.72,-13.92,-1.91,5.039289
139788000,398745520,327327694,450317,14.549999,5.2799997,-13.53,-1.77,5.084493
139992000,398745620,327327380,450654,14.42,5.79,-13.17,-1.64,5.1269045
140196000,398745733,327327068,450964,14.29,6.3999996,-12.809999,-1.51,5.1757736
140400000,398745858,327326761,451265,14.17,6.96,-12.34,-1.39,5.226214
140604000,398745990,327326478,451531,14.049999,7.6099997,-11.84,-1.27,5.2836347
140808000,398746136,327326200,451786,13.94,8.19,-11.29,-1.1899999,5.3398347
141012000,398746295,327325933,452015,13.82,8.82,-10.63,-1.1,5.4049354
141216000,398746459,327325690,452239,13.71,9.41,-9.95,-1.0799999,5.4700365
141420000,398746642,327325456,452459,13.599999,10.04,-9.179999,-1.0799999,5.5424676
141624000,398746832,327325246,452666,13.49,10.58,-8.38,-1.02,5.612979
141828000,398747028,327325059,452864,13.4,11.09,-7.54,-0.96999997,5.685759
142032000,398747240,327324886,453081,13.32,11.5199995,-6.6299996,-1,5.7609825
142236000,398747457,327324738,453271,13.24,11.929999,-5.75,-0.91999996,5.833937
142440000,398747675,327324613,453440,13.179999,12.23,-4.88,-0.77,5.9034014
142644000,398747907,327324505,453602,13.12,12.5,-4.04,-0.76,5.970597
142848000,398748138,327324418,453737,13.09,12.679999,-3.25,-0.58,6.032032
143052000,398748369,327324351,453837,13.07,12.849999,-2.51,-0.45,6.090152
143256000,398748611,327324298,453908,13.08,12.95,-1.8,-0.26,6.1447806
143460000,398748850,327324263,453955,13.099999,13.049999,-1.13,-0.089999996,6.1962676
143664000,398749086,327324244,453958,13.139999,13.12,-0.47,0,6.246708
143868000,398749334,327324240,453937,13.19,13.179999,0.12,0.14,0.009075712
144072000,398749577,327324250,453904,13.25,13.219999,0.71999997,0.25,0.054977868
144276000,398749816,327324275,453860,13.32,13.2699995,1.3,0.28,0.09773844
144480000,398750065,327324315,453790,13.38,13.24,1.93,0.35,0.14521138
144684000,398750303,327324368,453720,13.45,13.219999,2.54,0.35999998,0.19006634
144888000,398750545,327324436,453644,13.5199995,13.16,3.1799998,0.35,0.2375393
145092000,398750791,327324522,453572,13.59,13.03,3.82,0.35,0.28571036
145296000,398751025,327324621,453507,13.65,12.91,4.5,0.35999998,0.3356268
145500000,398751261,327324737,453432,13.7,12.67,5.17,0.32,0.38746306
145704000,398751496,327324872,453367,13.75,12.46,5.89,0.29999998,0.4417428
145908000,398751718,327325018,453313,13.799999,12.12,6.5899997,0.26,0.49776787
146112000,398751938,327325185,453265,13.84,11.75,7.29,0.21,0.5553638
146316000,398752155,327325372,453228,13.88,11.33,7.99,0.13,0.61418134
146520000,398752356,327325568,453186,13.91,10.87,8.67,0.14999999,0.6731735
146724000,398752550,327325785,453167,13.96,10.309999,9.389999,0.14,0.73844874
146928000,398752740,327326028,453142,14.549999,9.99,10.559999,0.01,0.8133234
147132000,398752917,327326295,453204,15.48,9.5,12.23,-0.62,0.9100146
147336000,398753081,327326611,453429,16.22,8.179999,13.99,-1.67,1.0416125
147540000,398753215,327326968,453870,16.18,6.1099997,14.96,-2.48,1.1829841
147744000,398753308,327327324,454382,15.83,4.3199997,15.23,-2.51,1.293987
147948000,398753374,327327697,454877,15.53,2.86,15.25,-2.19,1.3847442
148152000,398753416,327328062,455286,15.33,1.75,15.24,-1.74,1.4559536
148356000,398753439,327328420,455582,15.24,0.85999995,15.21,-1.27,1.5142475
148560000,398753448,327328792,455786,15.219999,0.099999994,15.23,-0.79999995,1.5639895
148764000,398753444,327329157,455894,15.25,-0.53,15.259999,-0.35999998,1.6055284
148968000,398753429,327329516,455934,15.28,-1.04,15.259999,0,1.6388642
149172000,398753406,327329889,455918,15.33,-1.43,15.24,0.26,1.6648695
149376000,398753377,327330255,455855,15.37,-1.75,15.28,0.42,1.6851153
149580000,398753343,327330614,455756,15.41,-1.9699999,15.29,0.53,1.699078
149784000,398753304,327330988,455631,15.45,-2.1299999,15.29,0.56,1.7095499
149988000,398753264,327331355,455511,15.48,-2.18,15.339999,0.61,1.7119933
150192000,398753224,327331715,455386,15.5,-2.24,15.33,0.59,1.7158332
150396000,398753182,327332091,455276,15.5199995,-2.23,15.36,0.57,1.7149605
150600000,398753141,327332459,455167,15.54,-2.19,15.4,0.53,1.7123425
150804000,398753102,327332821,455066,15.549999,-2.12,15.42,0.48999998,1.7078047
151008000,398753063,327333198,454969,15.57,-2.04,15.429999,0.42999998,1.7027432
151212000,398753027,327333562,454885,15.58,-1.9399999,15.469999,0.38,1.6959364
151416000,398752991,327333932,454810,15.589999,-1.91,15.44,0.35,1.6938419
151620000,398752956,327334311,454735,15.599999,-1.8199999,15.48,0.39,1.6882569
151824000,398752924,327334675,454671,15.599999,-1.76,15.5,0.26,1.6840682
152028000,398752892,327335047,454611,15.61,-1.6899999,15.5,0.26999998,1.6793559
152232000,398752860,327335427,454563,15.61,-1.65,15.509999,0.24,1.6770868
152436000,398752830,327335792,454510,15.62,-1.65,15.559999,0.22,1.6763886
152640000,398752800,327336164,454463,15.62,-1.61,15.53,0.14999999,1.6744688
152844000,398752770,327336544,454417,15.63,-1.56,15.549999,0.16,1.6708035
153048000,398752742,327336909,454392,15.63,-1.56,15.54,0.17,1.6713272
153252000,398752713,327337282,454354,15.63,-1.5699999,15.54,0.17999999,1.6713272
153456000,398752683,327337663,454328,15.63,-1.5899999,15.559999,0.14,1.6725489
153660000,398752655,327338029,454306,15.62,-1.5699999,15.54,0.14,1.6715018
153864000,398752626,327338401,454276,15.61,-1.56,15.53,0.089999996,1.6708035
154068000,398752596,327338781,454258,15.61,-1.56,15.5199995,0.08,1.6715018
154272000,398752568,327339146,454237,15.599999,-1.5799999,15.5199995,0.099999994,1.6721998
154476000,398752539,327339525,454217,15.599999,-1.5799999,15.509999,0.099999994,1.672898
154680000,398752509,327339897,454211,15.599999,-1.5899999,15.509999,0.06,1.6730726
154884000,398752480,327340262,454187,15.599999,-1.5799999,15.53,0.08,1.6723745
155088000,398752450,327340642,454172,15.589999,-1.5999999,15.48,0.099999994,1.6737708
155292000,398752421,327341013,454156,15.589999,-1.5799999,15.5,0.049999997,1.672898
155496000,398752393,327341378,454148,15.589999,-1.5999999,15.5199995,0.03,1.6734216
155700000,398752363,327341757,454147,15.58,-1.5899999,15.509999,0.01,1.6732471
155904000,398752333,327342129,454132,15.58,-1.5899999,15.5,0.04,1.6734216
156108000,398752304,327342493,454127,15.57,-1.5999999,15.48,0.049999997,1.6737708
156312000,398752274,327342871,454118,15.559999,-1.61,15.48,0,1.6744688
156516000,398752244,327343242,454106,15.549999,-1.5899999,15.46,0,1.6730726
156720000,398752215,327343606,454101,15.549999,-1.5999999,15.49,0.03,1.6737708
156924000,398752185,327343984,454097,15.54,-1.61,15.46,0.04,1.6746434
157128000,398752156,327344354,454087,15.54,-1.5799999,15.44,0.049999997,1.6727235
157332000,398752126,327344718,454084,15.53,-1.61,15.44,0,1.675167
157536000,398752097,327345095,454082,15.5199995,-1.64,15.46,0,1.6765633
157740000,398752067,327345458,454074,15.509999,-1.5999999,15.429999,0,1.6741198
157944000,398752038,327345828,454067,15.5,-1.61,15.42,0.02,1.6753415
158148000,398752008,327346205,454062,15.49,-1.5899999,15.41,0.06,1.6737708
158352000,398751979,327346567,454059,15.49,-1.5899999,15.389999,0.049999997,1.6741198
158556000,398751949,327346936,454057,15.48,-1.62,15.389999,0.08,1.675865
158760000,398751919,327347313,454050,15.469999,-1.5999999,15.4,0.01,1.6746434
158964000,398751890,327347674,454035,15.46,-1.5899999,15.389999,0.02,1.6741198
159168000,398751861,327348043,454027,15.45,-1.61,15.37,0.04,1.675167
159372000,398751830,327348419,454024,15.45,-1.5999999,15.36,0.02,1.6748179
159576000,398751801,327348780,454010,15.44,-1.62,15.349999,0,1.6760397
159780000,398751772,327349148,454011,15.44,-1.5999999,15.339999,0.04,1.675167
159984000,398751741,327349524,454003,15.429999,-1.5999999,15.36,0.07,1.6749924
160188000,398751712,327349885,453991,15.42,-1.65,15.33,0.049999997,1.6779596
160392000,398751682,327350252,453986,15.41,-1.65,15.32,0.049999997,1.6779596
160596000,398751651,327350626,453976,15.41,-1.66,15.32,0.01,1.6790067
160800000,398751622,327350987,453967,15.4,-1.63,15.33,0.04,1.6769122
161004000,398751591,327351361,453961,15.4,-1.65,15.32,0.02,1.6779596
161208000,398751561,327351728,453955,15.389999,-1.63,15.309999,0.04,1.6769122
161412000,398751531,327352088,453947,15.389999,-1.64,15.29,0.06,1.6781341
161616000,398751500,327352462,453929,15.38,-1.65,15.299999,0.03,1.6781341
161820000,398751470,327352829,453927,15.38,-1.66,15.28,0.06,1.6790067
162024000,398751440,327353188,453914,15.38,-1.66,15.28,0.089999996,1.6790067
162228000,398751408,327353562,453909,15.37,-1.67,15.2699995,0.02,1.6802284
162432000,398751377,327353928,453896,15.36,-1.65,15.2699995,0.07,1.6786577
162636000,398751346,327354287,453879,15.36,-1.68,15.259999,0.04,1.6809266
162840000,398751315,327354660,453877,15.36,-1.73,15.2699995,0.07,1.6835445
163044000,398751284,327355026,453860,15.349999,-1.66,15.25,0.04,1.6793559
163248000,398751253,327355385,453855,15.349999,-1.6999999,15.259999,0.03,1.6823229
163452000,398751221,327355758,453841,15.349999,-1.7199999,15.23,0.049999997,1.6831955
163656000,398751189,327356124,453835,15.339999,-1.74,15.24,0.049999997,1.6845918
163860000,398751158,327356482,453825,15.339999,-1.7199999,15.23,0.01,1.6831955
164064000,398751125,327356854,453812,15.33,-1.7199999,15.23,0.049999997,1.6831955
164268000,398751094,327357212,453797,15.33,-1.75,15.25,0.049999997,1.6849408
164472000,398751062,327357578,453797,15.33,-1.76,15.219999,0.01,1.686337
164676000,398751029,327357950,453788,15.33,-1.76,15.25,0,1.6858134
164880000,398750997,327358309,453780,15.33,-1.75,15.21,0.049999997,1.6858134
165084000,398750964,327358674,453772,15.33,-1.77,15.23,0.03,1.6868607
165288000,398750931,327359045,453766,15.32,-1.8,15.219999,0.02,1.6889551
165492000,398750898,327359403,453771,15.32,-1.79,15.219999,-0.02,1.6877333
165696000,398750865,327359768,453766,15.309999,-1.81,15.2,0.06,1.6898278
165900000,398750831,327360139,453751,15.309999,-1.8199999,15.19,0,1.6903514
166104000,398750798,327360497,453752,15.309999,-1.8299999,15.19,0.04,1.6907003
166308000,398750764,327360861,453745,15.24,-1.8499999,15.13,0.06,1.6924458
166512000,398750730,327361228,453734,15.04,-1.8499999,14.9,0.12,1.6943655
166716000,398750695,327361578,453669,14.9,-1.9799999,14.78,0.53999996,1.7039648
166920000,398750656,327361937,453486,14.839999,-2.23,14.67,1.17,1.7217673
167124000,398750610,327362288,453183,14.809999,-2.69,14.559999,1.62,1.7537067
167328000,398750555,327362629,452845,14.87,-3.4499998,14.469999,1.7099999,1.805194
167532000,398750481,327362983,452499,15.17,-4.47,14.509999,1.54,1.8695966
167736000,398750389,327363332,452203,15.559999,-5.5,14.549999,1.4499999,1.932254
167940000,398750280,327363673,451927,15.91,-6.52,14.5199995,1.3,1.9929913
168144000,398750148,327364026,451663,16.17,-7.52,14.33,1.1999999,2.0539033
168348000,398750002,327364366,451441,16.33,-8.389999,14.03,0.98999995,2.1097538
168552000,398749843,327364690,451257,16.41,-9.139999,13.63,0.76,2.1615903
168756000,398749665,327365019,451105,16.42,-9.75,13.23,0.56,2.2059216
168960000,398749481,327365330,451018,16.4,-10.23,12.79,0.38,2.2455406
169164000,398749293,327365628,450968,16.33,-10.54,12.46,0.17999999,2.272593
169368000,398749092,327365928,450945,16.24,-10.78,12.13,0,2.2970278
169572000,398748893,327366216,450960,16.13,-10.889999,11.9,-0.14,2.3116884
169776000,398748695,327366494,451006,16.02,-10.94,11.7,-0.26999998,2.3226843
169980000,398748490,327366778,451082,15.9,-10.91,11.53,-0.41,2.3286183
170184000,398748294,327367048,451154,15.78,-10.84,11.45,-0.42999998,2.3287926
170388000,398748095,327367322,451254,15.66,-10.75,11.38,-0.48999998,2.3275712
170592000,398747894,327367599,451360,15.54,-10.62,11.34,-0.47,2.3232079
170796000,398747704,327367866,451458,15.429999,-10.469999,11.33,-0.48999998,2.3169246
171000000,398747512,327368137,451558,15.32,-10.349999,11.29,-0.48999998,2.3127358
171204000,398747319,327368413,451648,15.219999,-10.2,11.28,-0.42,2.305929
171408000,398747137,327368679,451725,15.139999,-10.07,11.309999,-0.35999998,2.298424
171612000,398746953,327368950,451795,15.059999,-9.94,11.3,-0.32999998,2.2923152
171816000,398746767,327369227,451842,14.98,-9.8,11.32,-0.17,2.2844615
172020000,398746591,327369492,451870,14.92,-9.71,11.32,-0.16,2.2799234
172224000,398746413,327369764,451902,14.86,-9.63,11.32,-0.06,2.2755601
172428000,398746233,327370042,451912,14.809999,-9.559999,11.34,-0.01,2.2710223
172632000,398746061,327370308,451901,14.7699995,-9.5,11.309999,0.08,2.2696261
172836000,398745887,327370579,451885,14.73,-9.429999,11.309999,0.089999996,2.265612
173040000,398745710,327370855,451860,14.7,-9.41,11.29,0.14999999,2.265612
173244000,398745541,327371121,451821,14.679999,-9.36,11.32,0.17,2.2615976
173448000,398745366,327371397,451781,14.65,-9.3,11.32,0.16,2.258456
173652000,398745195,327371669,451731,14.63,-9.21,11.36,0.16,2.2519982
173856000,398745030,327371937,451691,14.589999,-9.04,11.46,0.13,2.2389083
174060000,398744863,327372218,451676,14.549999,-8.8,11.58,0.08,2.2207568
174264000,398744704,327372499,451667,14.5,-8.48,11.73,0.02,2.1968458
174468000,398744553,327372777,451671,14.45,-8.13,11.929999,-0.03,2.1689205
174672000,398744406,327373072,451686,14.389999,-7.6499996,12.179999,-0.11,2.1315706
174876000,398744269,327373367,451704,14.34,-7.16,12.42,-0.14999999,2.0935223
175080000,398744145,327373662,451737,14.29,-6.64,12.639999,-0.17999999,2.0546014
175284000,398744025,327373974,451788,14.23,-6.1,12.87,-0.19,2.0135863
175488000,398743919,327374285,451842,14.179999,-5.5099998,13.07,-0.24,1.9697785
175692000,398743825,327374594,451892,14.13,-4.97,13.24,-0.24,1.9303341
175896000,398743737,327374919,451937,14.07,-4.44,13.34,-0.26999998,1.8921113
176100000,398743660,327375241,451989,14.03,-3.9299998,13.45,-0.21,1.8554595
176304000,398743593,327375559,452033,13.98,-3.46,13.559999,-0.25,1.8210765
176508000,398743533,327375891,452086,13.94,-3.02,13.599999,-0.14999999,1.7891369
176712000,398743482,327376212,452125,13.9,-2.6599998,13.63,-0.19999999,1.7636551
176916000,398743437,327376539,452160,13.849999,-2.29,13.639999,-0.14999999,1.7374752
177120000,398743397,327376873,452202,13.809999,-1.9799999,13.69,-0.14,1.7147859
177324000,398743364,327377195,452235,13.7699995,-1.73,13.65,-0.07,1.6971581
177528000,398743333,327377522,452262,13.73,-1.49,13.639999,-0.11,1.6797048
177732000,398743307,327377855,452285,13.69,-1.3299999,13.599999,-0.14,1.6685348
177936000,398743284,327378175,452312,13.639999,-1.16,13.57,-0.089999996,1.6563175
178140000,398743264,327378500,452327,13.59,-1.02,13.54,-0.06,1.6460199
178344000,398743246,327378831,452340,13.54,-0.93,13.5,-0.04,1.6400859
178548000,398743230,327379148,452341,13.5,-0.84999996,13.469999,-0.02,1.6343263
178752000,398743215,327379471,452351,13.46,-0.78,13.429999,-0.04,1.6289157
178956000,398743201,327379799,452359,13.42,-0.71999997,13.41,-0.04,1.625076
179160000,398743188,327380114,452355,13.38,-0.69,13.37,0,1.6222835
179364000,398743176,327380434,452353,13.34,-0.65999997,13.309999,0,1.6203636
179568000,398743164,327380759,452356,13.309999,-0.61,13.29,0.06,1.616873
179772000,398743153,327381072,452347,13.37,-0.59999996,13.38,0.07,1.6156512
179976000,398743142,327381407,452348,14.12,-0.62,14.099999,-0.14999999,1.6151277
180180000,398743130,327381753,452451,14.58,-0.62,14.58,-0.87,1.6133822
180384000,398743119,327382092,452674,14.219999,-0.63,14.2,-1.24,1.6151277
180588000,398743108,327382434,452926,13.84,-0.63,13.84,-1.12,1.616873
180792000,398743096,327382762,453121,13.559999,-0.59999996,13.59,-0.71,1.6154767
180996000,398743085,327383078,453233,13.34,-0.59999996,13.34,-0.31,1.6163495
181200000,398743074,327383401,453257,13.15,-0.55,13.139999,0.049999997,1.6132078
181404000,398743065,327383715,453220,13,-0.51,13,0.35,1.6100662
181608000,398743056,327384019,453118,12.9,-0.45999998,12.87,0.65999997,1.607099
181812000,398743047,327384334,452952,12.83,-0.42999998,12.809999,0.93,1.6046556
182016000,398743039,327384640,452737,12.78,-0.39999998,12.7699995,1.1,1.6020377
182220000,398743032,327384940,452494,12.759999,-0.35999998,12.75,1.26,1.5992452
182424000,398743026,327385252,452230,12.759999,-0.29999998,12.75,1.39,1.5943582
182628000,398743020,327385559,451926,12.78,-0.28,12.7699995,1.4399999,1.5933111
182832000,398743015,327385859,451624,12.799999,-0.24,12.799999,1.54,1.5896457
183036000,398743011,327386172,451298,12.83,-0.22999999,12.83,1.52,1.5887731
183240000,398743006,327386475,450989,12.86,-0.22999999,12.849999,1.56,1.5889478
183444000,398743003,327386783,450673,12.889999,-0.22,12.88,1.56,1.5879005
183648000,398742999,327387099,450335,12.92,-0.19,12.92,1.55,1.5861552
183852000,398742995,327387403,450008,12.95,-0.17999999,12.969999,1.5799999,1.5852824
184056000,398742992,327387714,449706,12.98,-0.17,12.98,1.5,1.5840607
184260000,398742989,327388032,449386,13,-0.17,12.98,1.49,1.5845845
184464000,398742986,327388338,449082,13.0199995,-0.17,13.0199995,1.51,1.5838863
184668000,398742983,327388649,448778,13.03,-0.14999999,13.04,1.51,1.5826646
184872000,398742980,327388968,448472,13.049999,-0.14,13.0199995,1.49,1.5816172
185076000,398742977,327389275,448166,13.059999,-0.14999999,13.059999,1.48,1.5826646
185280000,398742973,327389588,447874,13.07,-0.14999999,13.07,1.4499999,1.582839
185484000,398742970,327389908,447575,13.08,-0.16,13.07,1.43,1.5833627
185688000,398742967,327390216,447280,13.09,-0.19,13.07,1.49,1.5859805
185892000,398742963,327390529,446979,13.09,-0.17999999,13.09,1.4599999,1.585108
186096000,398742960,327390850,446670,13.099999,-0.19999999,13.099999,1.5,1.5866787
186300000,398742956,327391158,446387,13.11,-0.21,13.11,1.41,1.5873768
186504000,398742952,327391478,446087,13.12,-0.21,13.11,1.4599999,1.5875515
186708000,398742948,327391793,445791,13.12,-0.24,13.12,1.4399999,1.5894713
186912000,398742944,327392101,445508,13.13,-0.22,13.13,1.4699999,1.5875515
187116000,398742939,327392423,445201,13.139999,-0.21,13.13,1.4699999,1.5870279
187320000,398742935,327392738,444894,13.15,-0.22,13.11,1.48,1.588075
187524000,398742931,327393047,444604,13.16,-0.22999999,13.17,1.42,1.5884241
187728000,398742927,327393369,444300,13.17,-0.21,13.17,1.4499999,1.5866787
187932000,398742923,327393685,444005,13.179999,-0.22999999,13.17,1.4699999,1.5882496
188136000,398742919,327393995,443708,13.19,-0.25,13.2,1.4699999,1.5899949
188340000,398742914,327394317,443397,13.2,-0.22,13.19,1.4599999,1.5875515
188544000,398742910,327394634,443090,13.21,-0.21,13.21,1.4699999,1.5866787
188748000,398742906,327394944,442800,13.219999,-0.21,13.2,1.4599999,1.5866787
188952000,398742901,327395268,442492,13.23,-0.24,13.24,1.5,1.5887731
189156000,398742897,327395585,442171,13.24,-0.19999999,13.23,1.4699999,1.5865043
189360000,398742893,327395897,441876,13.25,-0.21,13.23,1.4699999,1.5872023
189564000,398742889,327396221,441578,13.259999,-0.22,13.25,1.5,1.5879005
189768000,398742885,327396533,441281,13.2699995,-0.21,13.259999,1.49,1.5866787
189972000,398742881,327396851,440966,13.29,-0.22999999,13.299999,1.48,1.5882496
190176000,398742877,327397176,440654,13.299999,-0.21,13.32,1.52,1.5865043
190380000,398742873,327397489,440355,13.309999,-0.22,13.309999,1.48,1.5872023
190584000,398742869,327397809,440043,13.33,-0.19999999,13.33,1.48,1.5865043
190788000,398742865,327398135,439724,13.34,-0.19,13.33,1.48,1.5849334
190992000,398742862,327398449,439418,13.349999,-0.19,13.36,1.48,1.585457
191196000,398742858,327398769,439105,13.37,-0.19,13.349999,1.51,1.585457
191400000,398742854,327399096,438787,13.38,-0.17999999,13.37,1.52,1.5847589
191604000,398742851,327399410,438478,13.389999,-0.17,13.389999,1.54,1.5837117
191808000,398742848,327399731,438163,13.41,-0.17,13.4,1.55,1.5840607
192012000,398742844,327400060,437842,13.429999,-0.17,13.42,1.5,1.5838863
192216000,398742840,327400375,437527,13.44,-0.17999999,13.45,1.52,1.5844098
192420000,398742837,327400704,437218,13.46,-0.17,13.44,1.53,1.5840607
192624000,398742834,327401028,436897,13.469999,-0.14999999,13.46,1.52,1.5817919
192828000,398742831,327401344,436583,13.48,-0.14,13.48,1.55,1.5817919
193032000,398742828,327401674,436268,13.5,-0.16,13.509999,1.56,1.5831882
193236000,398742825,327401998,435950,13.5199995,-0.14,13.509999,1.52,1.5816172
193440000,398742822,327402317,435628,13.53,-0.14999999,13.509999,1.54,1.5821409
193644000,398742820,327402647,435300,13.549999,-0.14,13.549999,1.5799999,1.5810937
193848000,398742817,327402972,434985,13.559999,-0.14,13.549999,1.55,1.5812683
194052000,398742814,327403291,434682,13.58,-0.13,13.59,1.61,1.5809191
194256000,398742812,327403623,434341,13.599999,-0.14,13.59,1.5899999,1.5810937
194460000,398742809,327403949,434018,13.61,-0.16,13.61,1.5899999,1.58249
194664000,398742806,327404270,433701,13.63,-0.17999999,13.62,1.5999999,1.5842353
194868000,398742803,327404603,433378,13.65,-0.17,13.62,1.5899999,1.5831882
195072000,398742799,327404931,433047,13.67,-0.14999999,13.67,1.63,1.5819664
195276000,398742796,327405252,432723,13.69,-0.14999999,13.679999,1.64,1.5817919
195480000,398742793,327405587,432394,13.71,-0.16,13.71,1.5799999,1.5830135
195684000,398742789,327405910,432081,13.73,-0.14,13.71,1.5999999,1.5816172
195888000,398742786,327406240,431749,13.74,-0.16,13.75,1.56,1.58249
196092000,398742783,327406576,431412,13.759999,-0.14999999,13.7699995,1.5999999,1.5817919
196296000,398742780,327406900,431086,13.78,-0.14999999,13.75,1.5899999,1.5816172
196500000,398742777,327407230,430763,13.799999,-0.14999999,13.79,1.66,1.5823154
196704000,398742773,327407568,430422,13.82,-0.17999999,13.809999,1.65,1.5838863
196908000,398742770,327407893,430094,13.84,-0.17999999,13.82,1.64,1.5842353
197112000,398742767,327408225,429755,13.86,-0.14999999,13.87,1.65,1.5817919
197316000,398742763,327408564,429419,13.88,-0.19,13.86,1.66,1.5847589
197520000,398742760,327408891,429090,13.9,-0.17999999,13.9,1.63,1.5842353
197724000,398742756,327409224,428761,13.92,-0.19,13.92,1.61,1.5847589
197928000,398742752,327409565,428412,13.94,-0.17999999,13.95,1.65,1.5840607
198132000,398742748,327409893,428079,13.969999,-0.19,13.969999,1.67,1.5847589
198336000,398742745,327410228,427732,13.99,-0.21,13.969999,1.62,1.5858061
198540000,398742741,327410571,427382,14.009999,-0.19,14.009999,1.64,1.5844098
198744000,398742738,327410900,427052,14.03,-0.19,14.0199995,1.63,1.5844098
198948000,398742734,327411243,426700,14.049999,-0.19999999,14.07,1.66,1.5852824
199152000,398742731,327411581,426367,14.07,-0.17999999,14.049999,1.65,1.5840607
199356000,398742727,327411912,426029,14.099999,-0.17,14.08,1.6899999,1.5830135
199560000,398742724,327412257,425690,14.12,-0.19999999,14.13,1.6999999,1.585457
199764000,398742720,327412595,425340,14.139999,-0.19,14.16,1.6999999,1.5842353
199968000,398742717,327412928,424992,14.16,-0.19,14.17,1.74,1.5847589
200172000,398742714,327413275,424646,14.179999,-0.17,14.179999,1.7199999,1.5831882
200376000,398742711,327413615,424303,14.21,-0.14,14.21,1.73,1.5810937
200580000,398742708,327413950,423952,14.23,-0.16,14.24,1.7099999,1.58249
200784000,398742705,327414298,423595,14.259999,-0.14,14.2699995,1.7199999,1.5809191
200988000,398742702,327414640,423245,14.28,-0.13,14.28,1.74,1.580221
201192000,398742699,327414976,422903,14.299999,-0.16,14.299999,1.75,1.5819664
201396000,398742697,327415326,422556,14.33,-0.14,14.34,1.7199999,1.5807447
201600000,398742694,327415669,422197,14.349999,-0.14999999,14.349999,1.75,1.5817919
201804000,398742691,327416007,421842,14.38,-0.16,14.389999,1.74,1.5819664
202008000,398742688,327416360,421490,14.4,-0.16,14.42,1.74,1.5821409
202212000,398742685,327416698,421137,14.429999,-0.14999999,14.42,1.73,1.5814428
202416000,398742682,327417045,420774,14.46,-0.14999999,14.48,1.75,1.5814428
202620000,398742679,327417398,420395,14.48,-0.13,14.469999,1.76,1.579872
202824000,398742676,327417739,420043,14.509999,-0.16,14.5199995,1.75,1.5823154
203028000,398742674,327418087,419684,14.53,-0.14,14.54,1.8,1.5809191
203232000,398742671,327418442,419325,14.559999,-0.17,14.54,1.8199999,1.5826646
203436000,398742667,327418785,418966,14.589999,-0.14,14.599999,1.78,1.5803956
203640000,398742664,327419135,418602,14.61,-0.16,14.62,1.81,1.5823154
203844000,398742661,327419492,418219,14.639999,-0.17,14.62,1.8,1.5830135
204048000,398742658,327419838,417869,14.66,-0.17999999,14.65,1.77,1.5833627
204252000,398742654,327420189,417504,14.69,-0.21,14.67,1.79,1.5856316
204456000,398742650,327420549,417126,14.719999,-0.19,14.719999,1.81,1.5840607
204660000,398742647,327420895,416764,14.74,-0.19,14.759999,1.81,1.5837117
204864000,398742643,327421249,416396,14.7699995,-0.21,14.759999,1.8299999,1.5852824
205068000,398742639,327421611,416016,14.799999,-0.17,14.799999,1.8499999,1.582839
205272000,398742636,327421959,415646,14.83,-0.19,14.82,1.8199999,1.5837117
205476000,398742631,327422322,415261,14.849999,-0.19,14.87,1.79,1.5840607
205680000,398742627,327422679,414883,14.88,-0.21,14.889999,1.8,1.585108
205884000,398742624,327423029,414524,14.91,-0.19,14.889999,1.8199999,1.5837117
206088000,398742619,327423393,414142,14.94,-0.21,14.929999,1.8299999,1.5849334
206292000,398742615,327423752,413767,14.969999,-0.21,14.98,1.89,1.5849334
206496000,398742612,327424104,413400,15,-0.22,15,1.8499999,1.585457
206700000,398742607,327424471,413013,15.03,-0.22999999,15.0199995,1.9,1.5861552
206904000,398742603,327424832,412627,15.059999,-0.22,15.04,1.8499999,1.585457
207108000,398742600,327425187,412249,15.08,-0.19999999,15.08,1.8399999,1.5840607
207312000,398742596,327425555,411899,15.08,-0.19,15.07,1.4699999,1.5838863
207516000,398742592,327425916,411608,15.03,-0.21,15.03,1.22,1.5849334
207720000,398742588,327426268,411372,14.969999,-0.19,14.98,1.12,1.5840607
207924000,398742585,327426634,411146,14.889999,-0.19,14.9,1.0699999,1.5835371
208128000,398742581,327426990,410942,14.799999,-0.16,14.809999,1,1.5816172
208332000,398742578,327427337,410747,14.719999,-0.16,14.719999,0.97999996,1.5821409
208536000,398742574,327427695,410538,14.63,-0.17999999,14.63,1.01,1.5831882
208740000,398742571,327428038,410336,14.549999,-0.17999999,14.54,1.01,1.5830135
208944000,398742568,327428387,410123,14.48,-0.17999999,14.48,1.05,1.5835371
209148000,398742565,327428740,409898,14.41,-0.16,14.4,1.1,1.58249
209352000,398742562,327429079,409672,14.36,-0.17,14.36,1.14,1.5831882
209556000,398742559,327429422,409435,14.299999,-0.16,14.28,1.18,1.58249
209760000,398742555,327429771,409182,14.259999,-0.14999999,14.24,1.22,1.5816172
209964000,398742553,327430106,408939,14.21,-0.14999999,14.2,1.31,1.5816172
210168000,398742549,327430446,408683,14.179999,-0.19,14.17,1.26,1.5842353
210372000,398742546,327430792,408425,14.139999,-0.16,14.13,1.26,1.5823154
210576000,398742544,327431125,408159,14.11,-0.14999999,14.099999,1.27,1.5817919
210780000,398742541,327431463,407891,14.09,-0.12,14.09,1.31,1.579523
210984000,398742538,327431807,407614,14.059999,-0.17,14.07,1.3299999,1.5833627
211188000,398742535,327432137,407350,14.04,-0.16,14.049999,1.31,1.582839
211392000,398742532,327432473,407085,14.0199995,-0.14,14.04,1.3199999,1.5812683
211596000,398742529,327432815,406810,14,-0.14999999,13.98,1.3199999,1.5819664
211800000,398742526,327433145,406551,13.98,-0.13,13.96,1.28,1.580221
212004000,398742524,327433487,406278,13.969999,-0.16,13.99,1.26,1.58249
212208000,398742521,327433821,406024,13.95,-0.14,13.95,1.24,1.5812683
212412000,398742518,327434149,405770,13.94,-0.13,13.94,1.24,1.5805701
212616000,398742515,327434490,405509,13.929999,-0.14999999,13.92,1.25,1.5821409
212820000,398742512,327434824,405260,13.929999,-0.14999999,13.92,1.18,1.5821409
213024000,398742510,327435151,405028,13.92,-0.13,13.9,1.1899999,1.5800465
213228000,398742506,327435492,404780,13.92,-0.14999999,13.9,1.15,1.5817919
213432000,398742503,327435825,404544,13.92,-0.14999999,13.9,1.15,1.5821409
213636000,398742500,327436153,404322,13.91,-0.14,13.9,1.11,1.5814428
213840000,398742497,327436493,404089,13.91,-0.14999999,13.9,1.0799999,1.5814428
214044000,398742494,327436826,403868,13.91,-0.14,13.889999,1.09,1.5812683
214248000,398742492,327437153,403665,13.91,-0.16,13.92,0.98999995,1.5823154
214452000,398742488,327437493,403457,13.9,-0.14999999,13.9,0.97999996,1.5816172
214656000,398742485,327437826,403258,13.9,-0.14999999,13.889999,1,1.5821409
214860000,398742482,327438153,403067,13.849999,-0.14999999,13.849999,0.93,1.5821409
215064000,398742479,327438491,402870,13.78,-0.17,13.7699995,1,1.5830135
215268000,398742477,327438814,402651,13.73,-0.14999999,13.74,1.14,1.5817919
215472000,398742473,327439142,402409,13.69,-0.16,13.7,1.1899999,1.5831882
215676000,398742471,327439476,402154,13.65,-0.14999999,13.65,1.16,1.5823154
215880000,398742468,327439797,401919,13.61,-0.13,13.59,1.22,1.580221
216084000,398742465,327440122,401658,13.58,-0.14,13.59,1.22,1.5812683
216288000,398742462,327440454,401405,13.54,-0.11,13.559999,1.25,1.5789994
216492000,398742460,327440772,401150,13.509999,-0.12,13.509999,1.27,1.579872
216696000,398742457,327441096,400898,13.48,-0.12,13.49,1.25,1.580221
216900000,398742455,327441425,400643,13.45,-0.13,13.45,1.2099999,1.5807447
217104000,398742453,327441741,400403,13.42,-0.099999994,13.42,1.23,1.5784757
217308000,398742451,327442063,400156,13.38,-0.099999994,13.389999,1.22,1.5783012
217512000,398742451,327442350,400120,10.849999,0.01,10.86,0,1.5694001
217716000,398742451,327442587,400117,9.2699995,0,9.26,-0.04,1.569749
217920000,398742451,327442793,400121,7.54,0,7.54,-0.02,1.5695746
218124000,398742451,327442952,400121,5.7599998,0.01,5.74,0,1.5683528
218328000,398742451,327443065,400124,3.9599998,-0.01,3.9599998,-0.01,1.5741123
218532000,398742451,327443138,400125,2.04,0,2.05,-0.01,1.5699236
218736000,398742451,327443164,400118,0.14,0,0.14,-0.01,1.5011576
218940000,398742451,327443165,400118,0,-0.01,0,-0.01,3.583859
219144000,398742451,327443165,400116,0,0,-0.01,0,4.2373104
219348000,398742451,327443165,400128,0,0,0,-0.04,6.0880575
219552000,398742451,327443165,400123,0,-0.01,0.01,0,2.4633577
219756000,398742451,327443164,400127,0,-0.02,0.01,0.02,2.7066567
219960000,398742451,327443165,400125,0,-0.02,-0.01,0.02,3.6594317
220164000,398742451,327443164,400123,0,0.01,0,0,0.3005457
220368000,398742451,327443164,400120,0,-0.03,0.01,-0.01,2.8314476
220572000,398742451,327443164,400125,0,0.01,-0.01,0,5.2895694
220776000,398742451,327443165,400128,0,-0.02,0.01,-0.04,2.4823816
220980000,398742451,327443165,400127,0,0,0,0,4.103618
221184000,398742451,327443165,400125,0,-0.01,0,0,3.4927528
221388000,398742451,327443165,400132,0,0,0,0,5.405459
221592000,398742451,327443165,400128,0,0,0,0.03,4.626344
221796000,398742451,327443165,400122,0,0,0,0.01,2.499137
222000000,398742451,327443165,400122,0,0,-0.01,-0.04,4.784645
222204000,398742451,327443165,400124,0,0,-0.02,0,4.851666
