timestamp,pressure,temperature
11092000,966.16614,12.404602
11188000,966.15796,12.404602
11284000,966.1605,12.404602
11380000,966.1685,12.404602
11476000,966.1596,12.404602
11596000,966.1635,12.404602
11692000,966.15356,12.404602
11788000,966.1781,12.404602
11884000,966.1738,12.404602
11980000,966.15344,12.404572
12100000,966.1649,12.4045105
12196000,966.1634,12.404449
12292000,966.16156,12.404419
12388000,966.17035,12.404388
12484000,966.17255,12.404327
12580000,966.15247,12.404175
12700000,966.1504,12.403595
12796000,966.14813,12.402832
12896000,966.1263,12.401855
12988000,966.10034,12.400696
13088000,966.069,12.399292
13204000,966.01794,12.397247
13300000,965.9867,12.395355
13396000,965.97614,12.3932495
13492000,965.92694,12.3909
13588000,965.8826,12.388367
13708000,965.80634,12.384918
13804000,965.76373,12.381897
13900000,965.7067,12.378662
13996000,965.6388,12.375183
14092000,965.57245,12.3714905
14188000,965.5064,12.367584
14308000,965.42975,12.362427
14404000,965.3453,12.358093
14500000,965.2563,12.353607
14596000,965.1724,12.34906
14692000,965.1328,12.344421
14788000,965.0123,12.339722
14908000,964.91016,12.333771
15004000,964.83514,12.3289795
15104000,964.74506,12.324188
15196000,964.66833,12.319397
15292000,964.54785,12.314697
15388000,964.4747,12.310181
15508000,964.3901,12.304749
15604000,964.3244,12.300598
15700000,964.2512,12.2966
15796000,964.18066,12.292664
15892000,964.1229,12.288849
15988000,964.0377,12.285095
16108000,963.95514,12.280487
16204000,963.89795,12.276886
16300000,963.855,12.273346
16396000,963.75684,12.269836
16492000,963.71326,12.266388
16588000,963.66,12.26297
16708000,963.58276,12.258728
16804000,963.533,12.255371
16900000,963.43933,12.252014
16996000,963.39624,12.248718
17092000,963.3308,12.245422
17188000,963.2775,12.242157
17308000,963.24097,12.238098
17408000,963.1686,12.234863
17500000,963.10114,12.231628
17600000,963.0382,12.228424
17696000,962.9739,12.22525
17788000,962.9122,12.222076
17884000,962.8788,12.218903
18008000,962.7961,12.214966
18100000,962.74054,12.2118225
18196000,962.694,12.208679
18292000,962.6267,12.205566
18388000,962.5818,12.202423
18508000,962.5093,12.198547
18604000,962.44727,12.195435
18700000,962.3977,12.192352
18796000,962.3352,12.1892395
18892000,962.2743,12.186157
18988000,962.2399,12.183105
19108000,962.158,12.17926
19204000,962.1005,12.1762085
19300000,962.05176,12.173187
19396000,961.99084,12.1701355
19492000,961.9401,12.167114
19588000,961.89343,12.164093
19684000,961.8298,12.161072
19804000,961.7743,12.157349
19900000,961.72754,12.154358
19996000,961.65796,12.151398
20092000,961.6206,12.1484375
20188000,961.5519,12.145477
20308000,961.4951,12.141785
20404000,961.45386,12.1388855
20500000,961.4083,12.135956
20596000,961.3513,12.133057
20692000,961.2878,12.130157
20788000,961.22253,12.127258
20908000,961.19257,12.123688
21004000,961.1342,12.120819
21100000,961.0824,12.11795
21200000,961.02545,12.115112
21292000,960.9792,12.112274
21388000,960.92694,12.109436
21508000,960.8521,12.105896
21604000,960.8335,12.103088
21700000,960.7565,12.10025
21796000,960.7249,12.097443
21892000,960.69073,12.094635
21992000,960.61304,12.091827
22108000,960.55426,12.088318
22204000,960.49066,12.085541
22300000,960.4644,12.082733
22396000,960.3985,12.079926
22496000,960.35614,12.077148
22588000,960.2987,12.074341
22708000,960.2542,12.070862
22804000,960.19543,12.068054
22900000,960.14954,12.065277
22996000,960.0939,12.0625
23092000,960.0455,12.059784
23188000,959.9981,12.057159
23308000,959.9501,12.054108
23404000,959.91016,12.05188
23500000,959.8806,12.049835
23596000,959.8365,12.048065
23692000,959.8154,12.046509
23788000,959.7852,12.045166
23888000,959.7727,12.044037
24004000,959.7667,12.042938
24100000,959.74036,12.042236
24196000,959.70905,12.041718
24296000,959.71136,12.04129
24388000,959.70764,12.040924
24484000,959.7038,12.040466
24604000,959.70184,12.039703
24700000,959.66974,12.03894
24796000,959.6733,12.038025
24892000,959.64465,12.036987
24992000,959.6271,12.035828
25108000,959.6041,12.03421
25204000,959.5784,12.032806
25300000,959.52167,12.031311
25396000,959.5118,12.029724
25492000,959.4821,12.028076
25588000,959.44476,12.026337
25708000,959.41644,12.024078
25804000,959.3586,12.022186
25900000,959.3583,12.020264
25996000,959.30756,12.0182495
26092000,959.2749,12.016205
26188000,959.2269,12.014099
26308000,959.20795,12.011383
26404000,959.1528,12.009125
26500000,959.11554,12.006775
26596000,959.05676,12.004364
26692000,959.01544,12.001892
26788000,958.99347,11.999329
26908000,958.91656,11.996094
27008000,958.8806,11.993439
27100000,958.83575,11.990753
27196000,958.7722,11.988007
27292000,958.70984,11.9852295
27388000,958.67285,11.982422
27484000,958.62506,11.979584
27604000,958.54816,11.976013
27700000,958.5126,11.973145
27796000,958.4515,11.970215
27892000,958.41974,11.967285
27988000,958.3583,11.964325
28108000,958.2963,11.960571
28204000,958.251,11.95755
28300000,958.1971,11.954498
28396000,958.11786,11.951416
28492000,958.06335,11.948273
28588000,958.0167,11.945129
28708000,957.93555,11.941101
28804000,957.89764,11.937866
28900000,957.8491,11.934601
28996000,957.7736,11.931274
29092000,957.7077,11.927948
29212000,957.63684,11.923706
29308000,957.5855,11.920319
29408000,957.50543,11.916901
29500000,957.44037,11.913452
29624000,957.3736,11.909149
29716000,957.3033,11.90567
29811999,957.2592,11.902222
29932000,957.1828,11.897888
30028000,957.12695,11.894409
30124000,957.06415,11.890961
30220000,957.0037,11.887512
30339999,956.9374,11.883209
30436000,956.87,11.879761
30532000,956.7803,11.876343
30628000,956.76355,11.872955
30724000,956.6946,11.869598
30844000,956.6056,11.865448
30940000,956.5599,11.862152
31036000,956.4851,11.858887
31132000,956.44196,11.855652
31228000,956.38654,11.8524475
31324000,956.32587,11.849274
31444000,956.27295,11.845367
31540000,956.2192,11.842285
31636000,956.1468,11.839203
31732000,956.0904,11.836182
31828000,956.05597,11.83316
31924000,955.967,11.8302
32020000,955.9212,11.82724
32140000,955.89264,11.823608
32236000,955.8271,11.820709
32332000,955.76483,11.817841
32428000,955.71356,11.814972
32524000,955.6865,11.812134
32644000,955.6081,11.808594
32740000,955.5568,11.805756
32836000,955.5068,11.8029785
32932000,955.4611,11.80011
33028000,955.39435,11.797211
33124000,955.356,11.794189
33220000,955.3037,11.791077
33340000,955.23114,11.787079
33436000,955.18097,11.7838745
33536000,955.12195,11.780609
33628000,955.0549,11.777313
33724000,955.016,11.773987
33844000,954.92596,11.769775
33940000,954.8432,11.766388
34036000,954.7983,11.762939
34132000,954.7746,11.7595215
34228000,954.6926,11.756134
34324000,954.6328,11.752869
34444000,954.55225,11.748993
34540000,954.50867,11.746094
34636000,954.43335,11.743378
34732000,954.40546,11.740906
34828000,954.3658,11.738617
34924000,954.329,11.736572
35044000,954.31006,11.734314
35140000,954.2919,11.732727
35236000,954.2467,11.731384
35332000,954.21765,11.730225
35428000,954.2037,11.729248
35524000,954.20917,11.728485
35644000,954.184,11.727783
35740000,954.16974,11.7274475
35836000,954.1928,11.727264
35932000,954.18677,11.727264
36028000,954.17456,11.727417
36124000,954.19366,11.727692
36220000,954.19476,11.728119
36340000,954.19653,11.72879
36436000,954.2188,11.729462
36532000,954.23615,11.730225
36628000,954.23505,11.731049
36724000,954.26794,11.731964
36820000,954.27405,11.73291
36944000,954.30054,11.734192
37036000,954.3279,11.73526
37132000,954.3319,11.736359
37228000,954.35583,11.737457
37324000,954.3817,11.738586
37444000,954.3926,11.740021
37540000,954.42804,11.74118
37636000,954.4328,11.742371
37732000,954.4671,11.74353
37828000,954.4705,11.74469
37924000,954.4899,11.745819
38020000,954.53516,11.746948
38140000,954.5498,11.748322
38236000,954.5514,11.74939
38332000,954.5702,11.750427
38428000,954.5992,11.751404
38528000,954.59863,11.752319
38644000,954.6354,11.753418
38740000,954.666,11.754211
38840000,954.67004,11.754944
38932000,954.6824,11.755615
39028000,954.69336,11.756226
39124000,954.7052,11.756744
39244000,954.7177,11.757294
39340000,954.7104,11.75769
39436000,954.7149,11.758057
39532000,954.7255,11.758362
39628000,954.7344,11.758606
39724000,954.74255,11.75885
39820000,954.74664,11.759064
39940000,954.7337,11.759277
40036000,954.7461,11.759399
40132000,954.73175,11.7595215
40228000,954.7599,11.759613
40324000,954.77496,11.759705
40444000,954.7674,11.759766
40540000,954.7501,11.759827
40636000,954.736,11.759857
40732000,954.75116,11.759857
40828000,954.7659,11.759888
40924000,954.7587,11.759857
41044000,954.7621,11.759857
41140000,954.7634,11.759827
41236000,954.7715,11.759796
41332000,954.72327,11.759766
41432000,954.74133,11.759735
41524000,954.7442,11.759705
41644000,954.74286,11.759644
41740000,954.73724,11.7595825
41836000,954.74677,11.759552
41932000,954.7465,11.759491
42028000,954.7338,11.75946
42124000,954.7403,11.759399
42220000,954.7598,11.759338
42340000,954.7322,11.759277
42436000,954.74054,11.759216
42532000,954.76715,11.759155
42628000,954.7291,11.759094
42724000,954.73914,11.759033
42844000,954.72925,11.758972
42940000,954.7316,11.758911
43036000,954.75854,11.75885
43132000,954.73956,11.758789
43228000,954.7338,11.758728
43324000,954.7302,11.758667
43444000,954.7231,11.758575
43540000,954.7375,11.758514
43636000,954.716,11.758453
43732000,954.717,11.758392
43828000,954.7186,11.758331
43924000,954.7178,11.75827
44044000,954.7314,11.758209
44140000,954.7348,11.758148
44240000,954.72943,11.758087
44332000,954.72577,11.758057
44428000,954.7245,11.757996
44528000,954.70087,11.757965
44644000,954.70935,11.757904
44740000,954.69977,11.757843
44836000,954.7297,11.7578125
44932000,954.7207,11.757782
45028000,954.7165,11.757721
45124000,954.706,11.75769
45244000,954.68866,11.757629
45340000,954.7024,11.757599
45436000,954.70795,11.757568
45532000,954.70465,11.757538
45628000,954.71893,11.757507
45724000,954.70013,11.757477
45820000,954.726,11.757446
45940000,954.6976,11.757416
46036000,954.69574,11.757385
46132000,954.711,11.757355
46228000,954.7052,11.757324
46324000,954.70325,11.757294
46444000,954.69653,11.757233
46540000,954.6898,11.757202
46636000,954.6811,11.757172
46732000,954.71155,11.757141
46828000,954.69867,11.757111
46924000,954.7088,11.75708
47044000,954.70776,11.75705
47140000,954.7027,11.757019
47236000,954.69794,11.756989
47332000,954.68726,11.756958
47432000,954.71185,11.7569275
47524000,954.7023,11.756897
47644000,954.71277,11.756866
47740000,954.70123,11.756836
47836000,954.68677,11.756805
47932000,954.7102,11.756775
48028000,954.6948,11.756744
48124000,954.6978,11.756714
48244000,954.6865,11.756683
48340000,954.6779,11.756653
48436000,954.6912,11.756592
48532000,954.69586,11.756561
48632000,954.6907,11.756531
48724000,954.7004,11.7565
48844000,954.67474,11.756439
48940000,954.6909,11.756409
49036000,954.69214,11.756378
49132000,954.663,11.756348
49228000,954.69073,11.756287
49324000,954.68176,11.756256
49444000,954.6843,11.756226
49540000,954.6775,11.756165
49636000,954.68085,11.756134
49732000,954.67395,11.7561035
49828000,954.6878,11.756073
49924000,954.6828,11.7560425
50020000,954.66046,11.755981
50140000,954.6921,11.755951
50236000,954.6835,11.75592
50332000,954.6702,11.75589
50428000,954.6831,11.755859
50524000,954.6744,11.755798
50620000,954.68726,11.755768
50740000,954.6705,11.755737
50836000,954.66815,11.755768
50932000,954.6845,11.755859
51028000,954.6823,11.755981
51124000,954.69305,11.756073
51220000,954.6769,11.756073
51340000,954.68024,11.755859
51436000,954.67944,11.755615
51532000,954.6714,11.75528
51628000,954.6606,11.754883
51724000,954.6572,11.754456
51844000,954.622,11.753815
51940000,954.65247,11.753296
52036000,954.6405,11.752716
52132000,954.6298,11.752167
52228000,954.6046,11.751587
52324000,954.58514,11.751068
52444000,954.59937,11.750427
52540000,954.5755,11.75
52636000,954.5567,11.749573
52732000,954.5783,11.749237
52828000,954.54395,11.748962
52924000,954.55005,11.74881
53020000,954.57495,11.748718
53140000,954.5756,11.748779
53236000,954.5584,11.748962
53332000,954.56323,11.749268
53428000,954.5713,11.749695
53524000,954.5798,11.750275
53644000,954.598,11.75116
53740000,954.59436,11.752014
53836000,954.63855,11.752991
53932000,954.63794,11.754089
54028000,954.6606,11.75531
54124000,954.6837,11.756683
54220000,954.73505,11.758118
54340000,954.74005,11.760101
54436000,954.8025,11.761749
54532000,954.8001,11.763519
54628000,954.8493,11.76535
54724000,954.86346,11.767242
54844000,954.93,11.769714
54940000,954.95966,11.7717285
55036000,954.9986,11.773804
55132000,955.0473,11.775909
55228000,955.0743,11.778015
55324000,955.1243,11.780151
55444000,955.16974,11.782837
55540000,955.17664,11.785004
55636000,955.20825,11.78717
55732000,955.2651,11.789307
55828000,955.3128,11.791443
55924000,955.33765,11.793579
56044000,955.38403,11.796204
56140000,955.41437,11.798279
56236000,955.4736,11.8003235
56332000,955.49304,11.802338
56428000,955.5341,11.804352
56524000,955.5675,11.806335
56620000,955.58746,11.808289
56740000,955.6469,11.810699
56836000,955.6973,11.812622
56932000,955.7302,11.814514
57028000,955.7398,11.816376
57128000,955.7861,11.818207
57244000,955.8239,11.820496
57340000,955.8509,11.822296
57440000,955.8863,11.824097
57532000,955.9074,11.825867
57628000,955.9446,11.827637
57724000,955.97,11.829407
57844000,956.00714,11.8315735
57940000,956.0364,11.833313
58040000,956.07574,11.835022
58132000,956.1045,11.836731
58228000,956.12256,11.83847
58324000,956.15826,11.840179
58444000,956.19934,11.842285
58540000,956.2275,11.843994
58636000,956.2602,11.845703
58732000,956.2821,11.847412
58828000,956.33386,11.849121
58924000,956.3497,11.85083
59044000,956.3882,11.852966
59140000,956.4349,11.854675
59236000,956.4697,11.856384
59332000,956.48065,11.858124
59428000,956.51605,11.859833
59524000,956.5378,11.861572
59644000,956.5753,11.863739
59740000,956.6181,11.865448
59836000,956.64386,11.867218
59932000,956.6631,11.8689575
60028000,956.7194,11.870697
60124000,956.73065,11.872467
60244000,956.773,11.874664
60340000,956.8088,11.876434
60436000,956.8421,11.878204
60532000,956.87164,11.879974
60628000,956.90106,11.881744
60724000,956.91974,11.883514
60844000,956.9495,11.885742
60940000,956.99805,11.887512
61035999,957.03906,11.889313
61156000,957.07544,11.891541
61252000,957.09235,11.893341
61348000,957.1326,11.895142
61448000,957.1471,11.896942
61564000,957.21124,11.89917
61660000,957.2609,11.901001
61755999,957.2615,11.9028015
61876000,957.31006,11.90506
61972000,957.3458,11.906891
62068000,957.39453,11.908722
62163999,957.4274,11.910553
62284000,957.45135,11.912842
62380000,957.4937,11.914673
62476000,957.51465,11.916504
62571999,957.53723,11.918335
62692000,957.59094,11.920624
62788000,957.6212,11.922485
62883999,957.6424,11.924316
62980000,957.6857,11.926178
63100000,957.7227,11.928497
63196000,957.7565,11.930328
63291999,957.7894,11.93219
63388000,957.8251,11.9340515
63508000,957.8558,11.936371
63604000,957.8853,11.938232
63699999,957.9295,11.940094
63820000,957.9596,11.942413
63916000,957.9929,11.944275
64012000,958.03577,11.946167
64108000,958.08453,11.948029
64204000,958.1086,11.94989
64300000,958.1479,11.951782
64420000,958.1797,11.954132
64516000,958.2157,11.956024
64616000,958.2431,11.957916
64708000,958.2682,11.959808
64808000,958.3104,11.9617
64900000,958.34125,11.963593
65020000,958.3779,11.965973
65116000,958.41473,11.9678955
65212000,958.4665,11.969788
65308000,958.4849,11.97171
65404000,958.524,11.973633
65500000,958.56146,11.975555
65620000,958.61475,11.977966
65716000,958.63715,11.979889
65812000,958.6696,11.981842
65908000,958.7057,11.983765
66004000,958.7287,11.985718
66100000,958.77295,11.987671
66220000,958.8167,11.990112
66320000,958.85803,11.992065
66416000,958.88684,11.994049
66508000,958.91656,11.996002
66604000,958.9585,11.997955
66700000,958.98474,11.999939
66796000,959.00946,12.001892
66916000,959.08356,12.004364
67012000,959.12085,12.006348
67108000,959.12823,12.008331
67208000,959.1744,12.010315
67300000,959.20593,12.012299
67420000,959.24866,12.0147705
67516000,959.2927,12.016754
67616000,959.3083,12.018707
67708000,959.37415,12.020538
67804000,959.3926,12.022217
67900000,959.4389,12.023773
68020000,959.4413,12.025543
68116000,959.4599,12.026855
68212000,959.5101,12.028076
68308000,959.50946,12.029205
68404000,959.5199,12.030273
68500000,959.55835,12.0312805
68620000,959.5556,12.032501
68716000,959.5755,12.033417
68812000,959.58295,12.034271
68908000,959.6122,12.035126
69004000,959.62427,12.03595
69100000,959.6326,12.036713
69220000,959.6648,12.037689
69316000,959.6634,12.038422
69412000,959.6694,12.039185
69508000,959.69995,12.039917
69604000,959.7186,12.040649
69700000,959.72833,12.041351
69796000,959.74786,12.042084
69916000,959.758,12.042938
70012000,959.7738,12.04361
70112000,959.7907,12.044281
70204000,959.77704,12.044922
70300000,959.8062,12.045563
70420000,959.805,12.046326
70516000,959.83453,12.0469055
70612000,959.80554,12.047485
70708000,959.8709,12.048065
70804000,959.836,12.0486145
70900000,959.8807,12.049133
71020000,959.8774,12.049774
71116000,959.88403,12.050293
71212000,959.8862,12.050781
71312000,959.91003,12.0513
71404000,959.903,12.051788
71500000,959.915,12.052246
71620000,959.92426,12.052826
71716000,959.9304,12.053314
71812000,959.9389,12.053772
71912000,959.93256,12.05423
72008000,959.9668,12.0546875
72100000,959.9572,12.055145
72220000,959.9683,12.055695
72316000,959.98364,12.056152
72412000,959.97687,12.05661
72508000,959.9911,12.057068
72604000,960.00256,12.057495
72700000,959.9979,12.057953
72796000,960.0124,12.05838
72916000,960.02686,12.05896
73012000,960.0472,12.059387
73108000,960.05133,12.059814
73208000,960.0412,12.060242
73304000,960.05786,12.060699
73420000,960.0773,12.061218
73516000,960.0914,12.0616455
73612000,960.10394,12.062073
73708000,960.1097,12.0624695
73804000,960.12036,12.062866
73900000,960.10425,12.063263
74020000,960.1293,12.063751
74116000,960.13794,12.064148
74212000,960.15137,12.064514
74308000,960.15656,12.06488
74404000,960.1423,12.065247
74500000,960.1631,12.065613
74620000,960.1713,12.06604
74716000,960.16675,12.066376
74812000,960.17554,12.066711
74908000,960.17145,12.067017
75004000,960.1808,12.067352
75100000,960.1951,12.067657
75220000,960.18976,12.068024
75316000,960.1946,12.068298
75412000,960.22186,12.068573
75508000,960.2058,12.068848
75604000,960.2062,12.069122
75700000,960.2219,12.069397
75820000,960.2322,12.069702
75916000,960.2224,12.069946
76012000,960.2327,12.07016
76108000,960.2288,12.070374
76204000,960.2504,12.070587
76300000,960.23956,12.070801
76420000,960.2256,12.071045
76516000,960.2681,12.071228
76616000,960.2552,12.071411
76708000,960.25464,12.071594
76804000,960.27466,12.071777
76900000,960.2546,12.07193
77020000,960.2644,12.072113
77116000,960.2585,12.072266
77212000,960.2617,12.072418
77308000,960.2719,12.07254
77408000,960.2955,12.072662
77500000,960.27747,12.072815
77620000,960.28156,12.072968
77716000,960.2743,12.07309
77812000,960.30176,12.073181
77912000,960.28296,12.073303
78004000,960.2846,12.073395
78100000,960.28107,12.073517
78220000,960.2817,12.073639
78316000,960.29333,12.07373
78412000,960.30804,12.073822
78508000,960.3039,12.073914
78604000,960.3101,12.074005
78700000,960.2924,12.074097
78820000,960.30536,12.074219
78916000,960.315,12.07431
79012000,960.31305,12.074402
79108000,960.309,12.074493
79204000,960.31433,12.074585
79300000,960.3223,12.074646
79420000,960.31726,12.074738
79516000,960.3221,12.074799
79612000,960.30804,12.07486
79708000,960.30396,12.07489
79804000,960.31476,12.074921
79900000,960.3065,12.074951
80020000,960.3215,12.074951
80116000,960.319,12.074951
80212000,960.3166,12.074921
80308000,960.312,12.07489
80404000,960.31445,12.07486
80500000,960.32117,12.07486
80620000,960.3068,12.07486
80716000,960.324,12.07489
80812000,960.3056,12.074921
80908000,960.31805,12.074951
81004000,960.3218,12.075012
81100000,960.3095,12.075043
81220000,960.3204,12.075043
81316000,960.3076,12.074982
81412000,960.30927,12.07486
81508000,960.30164,12.074738
81604000,960.314,12.074585
81700000,960.3064,12.074432
81820000,960.30457,12.074249
81916000,960.2933,12.074097
82012000,960.307,12.073944
82108000,960.2973,12.073822
82204000,960.3042,12.073669
82300000,960.29614,12.073547
82420000,960.3037,12.073395
82516000,960.28906,12.073303
82612000,960.2872,12.073212
82708000,960.2919,12.07312
82804000,960.2752,12.073059
82900000,960.2667,12.072998
83020000,960.2673,12.072968
83116000,960.2814,12.072937
83212000,960.2822,12.072937
83308000,960.2928,12.072998
83404000,960.3056,12.073029
83500000,960.29156,12.07312
83620000,960.26544,12.073242
83716000,960.2875,12.073395
83812000,960.28046,12.073547
83908000,960.30927,12.07373
84004000,960.29474,12.073914
84100000,960.2972,12.074127
84220000,960.3022,12.074432
84316000,960.32245,12.0746765
84412000,960.3166,12.074921
84508000,960.3308,12.075165
84608000,960.331,12.075439
84700000,960.3132,12.075684
84820000,960.34247,12.075989
84916000,960.32623,12.076202
85012000,960.3318,12.076416
85108000,960.36053,12.076599
85204000,960.34686,12.076752
85300000,960.347,12.076904
85420000,960.3439,12.077026
85516000,960.3654,12.077087
85616000,960.34247,12.077118
85708000,960.36414,12.077148
85804000,960.3461,12.077148
85900000,960.3609,12.077118
86020000,960.3785,12.077087
86116000,960.36,12.077026
86212000,960.36865,12.076996
86308000,960.3603,12.076935
86404000,960.3379,12.076874
86500000,960.36005,12.076843
86620000,960.35565,12.076782
86716000,960.36816,12.076752
86812000,960.3463,12.076721
86908000,960.33417,12.076691
87004000,960.32623,12.076691
87100000,960.3394,12.076691
87220000,960.33905,12.076721
87316000,960.35864,12.076752
87412000,960.35077,12.076813
87508000,960.34406,12.076874
87604000,960.3432,12.076935
87700000,960.36426,12.077026
87820000,960.35394,12.077148
87916000,960.35474,12.0772705
88016000,960.3753,12.077423
88108000,960.352,12.077576
88208000,960.3846,12.077728
88300000,960.35675,12.077911
88420000,960.3773,12.0781555
88516000,960.3776,12.078339
88612000,960.39294,12.078552
88708000,960.38794,12.078766
88804000,960.3821,12.0789795
88900000,960.38104,12.079193
89020000,960.40894,12.079468
89116000,960.3814,12.079681
89212000,960.40796,12.0798645
89308000,960.4117,12.080078
89404000,960.41766,12.080231
89500000,960.3902,12.080383
89596000,960.411,12.080536
89716000,960.43445,12.080688
89812000,960.42566,12.08078
89908000,960.4338,12.080841
90004000,960.43555,12.080872
90100000,960.4239,12.080902
90196000,960.42755,12.080902
90316000,960.4248,12.080872
90412000,960.42426,12.080841
90508000,960.41864,12.08078
90604000,960.4084,12.080719
90700000,960.4269,12.080627
90820000,960.42175,12.080536
90916000,960.4092,12.080444
91012000,960.40857,12.080353
91108000,960.4122,12.080261
91204000,960.4061,12.0802
91300000,960.40594,12.080109
91396000,960.3982,12.080078
91516000,960.405,12.080017
91612000,960.4022,12.079987
91708000,960.41516,12.079956
91804000,960.39905,12.079956
91900000,960.39105,12.079987
92020000,960.4091,12.080017
92116000,960.4049,12.080078
92212000,960.3976,12.080139
92308000,960.40607,12.080231
92408000,960.43506,12.080322
92500000,960.4122,12.080444
92596000,960.4175,12.080597
92716000,960.43536,12.08078
92812000,960.4066,12.080933
92908000,960.43146,12.081116
93004000,960.461,12.081329
93100000,960.43585,12.081512
93220000,960.4495,12.081787
93316000,960.43,12.082001
93412000,960.45123,12.082214
93512000,960.4544,12.082428
93604000,960.44434,12.082642
93700000,960.4703,12.082855
93820000,960.47894,12.08313
93916000,960.46075,12.083313
94012000,960.4736,12.083466
94108000,960.4563,12.083618
94204000,960.46875,12.08374
94300000,960.4756,12.083862
94420000,960.477,12.083954
94516000,960.4664,12.084015
94616000,960.4852,12.084045
94708000,960.47,12.084045
94804000,960.4732,12.084015
94904000,960.46246,12.083954
95020000,960.4643,12.083862
95116000,960.4719,12.083771
95216000,960.47925,12.083649
95308000,960.4557,12.083496
95404000,960.4663,12.083374
95500000,960.4784,12.083221
95620000,960.4702,12.083038
95716000,960.44324,12.082886
95816000,960.4605,12.082733
95908000,960.4457,12.082611
96004000,960.45715,12.082489
96104000,960.45825,12.082367
96220000,960.4479,12.082214
96320000,960.4434,12.082123
96412000,960.4428,12.082062
96508000,960.45135,12.082001
96604000,960.4465,12.08197
96704000,960.43555,12.08194
96820000,960.44324,12.081909
96916000,960.43207,12.08194
97012000,960.44324,12.08197
97108000,960.4185,12.082001
97204000,960.4364,12.082062
97300000,960.43896,12.082153
97420000,960.4365,12.082275
97516000,960.43134,12.082397
97612000,960.445,12.08252
97712000,960.4736,12.082672
97804000,960.46875,12.082825
97900000,960.44995,12.082977
97996000,960.45874,12.08316
98116000,960.4572,12.083374
98212000,960.46826,12.083557
98308000,960.47015,12.08371
98404000,960.48505,12.083893
98500000,960.4706,12.084076
98620000,960.48083,12.084259
98716000,960.48474,12.084381
98812000,960.4954,12.084503
98908000,960.50336,12.084595
99004000,960.48456,12.084686
99100000,960.502,12.084717
99220000,960.51953,12.084778
99316000,960.4999,12.084778
99412000,960.482,12.084747
99508000,960.4878,12.084686
99604000,960.4794,12.084625
99700000,960.482,12.084534
99820000,960.4933,12.084381
99916000,960.4899,12.084259
100012000,960.48334,12.084106
100108000,960.4719,12.083954
100208000,960.4705,12.083801
100300000,960.47125,12.083618
100420000,960.488,12.083435
100516000,960.4663,12.083252
100612000,960.45874,12.083099
100712000,960.46295,12.082977
100804000,960.45105,12.082825
100900000,960.44354,12.082703
101020000,960.4556,12.082581
101116000,960.45087,12.0824585
101216000,960.4526,12.082397
101308000,960.4524,12.082336
101404000,960.45917,12.082275
101500000,960.4407,12.082245
101620000,960.44446,12.082214
101716000,960.4577,12.082214
101816000,960.43915,12.082245
101908000,960.4601,12.082275
102004000,960.44073,12.082336
102100000,960.4414,12.082397
102220000,960.4412,12.08252
102316000,960.446,12.082611
102412000,960.4669,12.082733
102508000,960.44354,12.082855
102604000,960.4488,12.082977
102700000,960.46344,12.08313
102820000,960.4694,12.083313
102916000,960.45953,12.083466
103012000,960.4504,12.083588
103108000,960.46454,12.08374
103204000,960.4714,12.083893
103300000,960.48724,12.084015
103420000,960.48926,12.0841675
103516000,960.4719,12.084259
103612000,960.47974,12.084351
103708000,960.4675,12.084412
103804000,960.4861,12.084442
103900000,960.48315,12.084473
104020000,960.4953,12.084473
104120000,960.47925,12.084412
104212000,960.4753,12.084351
104308000,960.49176,12.08429
104404000,960.47516,12.0841675
104500000,960.46686,12.084045
104620000,960.4826,12.083832
104716000,960.4502,12.083679
104812000,960.46234,12.083496
104908000,960.4758,12.083313
105004000,960.4487,12.083099
105100000,960.4579,12.082916
105220000,960.44867,12.082672
105316000,960.46277,12.0824585
105412000,960.4524,12.082275
105508000,960.4619,12.082092
105604000,960.43945,12.081909
105700000,960.444,12.081757
105820000,960.4183,12.0815735
105916000,960.4245,12.081451
106012000,960.441,12.081329
106108000,960.4265,12.081238
106208000,960.42285,12.081146
106300000,960.4372,12.081085
106420000,960.40967,12.081055
106516000,960.4131,12.081024
106612000,960.4141,12.081024
106712000,960.42194,12.081024
106804000,960.42957,12.081055
106900000,960.42413,12.081085
107020000,960.4139,12.081177
107116000,960.4184,12.081238
107212000,960.4416,12.08136
107312000,960.4236,12.081451
107404000,960.4448,12.0815735
107500000,960.43835,12.081696
107620000,960.4213,12.081848
107716000,960.4421,12.082001
107812000,960.44403,12.082153
107908000,960.445,12.082275
108004000,960.4459,12.082428
108100000,960.44086,12.08255
108220000,960.4568,12.082703
108316000,960.4562,12.082825
108412000,960.47144,12.082916
108508000,960.4538,12.083008
108604000,960.4492,12.083069
108700000,960.4426,12.083099
108820000,960.4588,12.083099
108916000,960.47296,12.083099
109016000,960.4755,12.083069
109108000,960.4519,12.083008
109204000,960.4473,12.082916
109300000,960.44855,12.082825
109420000,960.4446,12.082672
109516000,960.45074,12.08252
109612000,960.44073,12.082367
109708000,960.4513,12.082214
109804000,960.4415,12.082031
109904000,960.44086,12.081848
110020000,960.42615,12.081604
110120000,960.42535,12.081451
110212000,960.44037,12.08136
110308000,960.4244,12.08139
110404000,960.4242,12.081482
110504000,960.44196,12.081604
110620000,960.449,12.081726
110716000,960.4441,12.081818
110812000,960.4517,12.081879
110908000,960.4423,12.08197
111004000,960.4396,12.082092
111104000,960.4501,12.082245
111220000,960.45715,12.082489
111316000,960.4342,12.082703
111412000,960.4542,12.082916
111512000,960.4457,12.08316
111604000,960.45825,12.083435
111704000,960.45575,12.08371
111820000,960.47546,12.084045
111920000,960.49695,12.08432
112012000,960.5032,12.084625
112108000,960.4956,12.08493
112204000,960.5155,12.085205
112304000,960.4899,12.08551
112420000,960.51953,12.085876
112520000,960.5119,12.086182
112612000,960.5221,12.086456
112708000,960.51294,12.086731
112804000,960.53143,12.086975
112900000,960.5329,12.087219
113020000,960.5278,12.087494
113116000,960.5548,12.0877075
113212000,960.5549,12.087891
113308000,960.55817,12.088104
113404000,960.54364,12.088287
113500000,960.5652,12.08847
113620000,960.5508,12.088684
113716000,960.5484,12.088867
113816000,960.583,12.08902
113908000,960.57086,12.089142
114004000,960.5732,12.089264
114100000,960.5668,12.089355
114220000,960.55444,12.089447
114316000,960.57007,12.089478
114412000,960.5767,12.089478
114508000,960.5835,12.089447
114604000,960.56323,12.089386
114700000,960.5627,12.089294
114820000,960.5666,12.089111
114916000,960.57214,12.088928
115012000,960.5446,12.088715
115108000,960.5712,12.08847
115204000,960.56305,12.088196
115300000,960.53766,12.087921
115396000,960.5419,12.087585
115516000,960.5682,12.087189
115616000,960.55347,12.086853
115708000,960.5129,12.086487
115804000,960.51904,12.086151
115900000,960.4975,12.085785
116020000,960.4844,12.085327
116116000,960.4842,12.084961
116212000,960.4837,12.084625
116308000,960.4769,12.08429
116404000,960.4786,12.083954
116504000,960.4678,12.083649
116620000,960.4678,12.083252
116716000,960.4587,12.082977
116812000,960.4666,12.082672
116908000,960.4471,12.082428
117004000,960.4519,12.082153
117100000,960.43646,12.08194
117220000,960.4133,12.081665
117316000,960.42755,12.081451
117412000,960.41266,12.081238
117508000,960.44403,12.081085
117608000,960.4142,12.080902
117700000,960.43134,12.0807495
117820000,960.41223,12.080566
117916000,960.41034,12.080444
118016000,960.4055,12.080322
118112000,960.4067,12.080231
118204000,960.39325,12.080139
118300000,960.40216,12.080048
118420000,960.39795,12.079956
118516000,960.41534,12.079895
118612000,960.40216,12.079834
118708000,960.40466,12.079773
118804000,960.4049,12.079742
118900000,960.3907,12.079681
119020000,960.3952,12.079651
119116000,960.3909,12.079651
119212000,960.3919,12.07962
119308000,960.40234,12.07962
119404000,960.416,12.07959
119500000,960.39386,12.07959
119596000,960.3907,12.07959
119716000,960.4071,12.07959
119812000,960.38745,12.07959
119908000,960.3827,12.07959
120004000,960.3888,12.07959
120100000,960.3867,12.07959
120196000,960.38214,12.07962
120320000,960.39325,12.07962
120412000,960.3891,12.07962
120508000,960.4064,12.07962
120604000,960.4063,12.07962
120700000,960.3846,12.07962
120820000,960.3991,12.07962
120916000,960.3993,12.079651
121012000,960.4045,12.079651
121108000,960.4175,12.079651
121208000,960.40436,12.079651
121300000,960.39484,12.079651
121396000,960.39874,12.079651
121516000,960.39746,12.079651
121612000,960.3943,12.079651
121708000,960.40857,12.079681
121804000,960.3813,12.079681
121900000,960.39154,12.079681
122020000,960.4031,12.079681
122116000,960.39886,12.079681
122212000,960.3773,12.079681
122308000,960.3946,12.079681
122404000,960.40546,12.079681
122500000,960.41327,12.079681
122596000,960.3817,12.079681
122716000,960.4156,12.079681
122812000,960.396,12.079681
122908000,960.3831,12.079681
123008000,960.391,12.079681
123100000,960.3865,12.079681
123220000,960.4107,12.079651
123316000,960.40686,12.079651
123412000,960.40076,12.079651
123508000,960.3974,12.079651
123604000,960.3905,12.079651
123700000,960.3715,12.079651
123820000,960.3937,12.079651
123916000,960.4061,12.079651
124012000,960.3888,12.079651
124108000,960.40967,12.079651
124204000,960.4021,12.079651
124300000,960.3855,12.079651
124420000,960.3965,12.079651
124516000,960.4188,12.07962
124616000,960.40826,12.07962
124708000,960.4029,12.07962
124808000,960.3877,12.07962
124900000,960.3905,12.07962
125019999,960.3963,12.07962
125116000,960.40656,12.079651
125212000,960.39624,12.079651
125311999,960.396,12.079651
125404000,960.40137,12.079681
125524000,960.4135,12.079712
125620000,960.41406,12.079742
125715999,960.39276,12.079773
125811999,960.3845,12.079803
125932000,960.4191,12.079834
126028000,960.4084,12.079895
126124000,960.3955,12.079956
126224000,960.4238,12.080017
126340000,960.3957,12.080078
126435999,960.3927,12.080078
126531999,960.4191,12.080048
126628000,960.3887,12.079956
126724000,960.39264,12.079895
126844000,960.38873,12.079834
126940000,960.4079,12.079803
127036000,960.42255,12.079834
127132000,960.3991,12.079895
127227999,960.39575,12.079987
127347999,960.38464,12.080139
127444000,960.4156,12.080292
127540000,960.41327,12.080505
127636000,960.43445,12.080719
127756000,960.41583,12.081055
127852000,960.42316,12.081329
127947999,960.43115,12.0816345
128043999,960.43036,12.08194
128144000,960.45953,12.082275
128260000,960.4521,12.082703
128356000,960.4642,12.083038
128456000,960.44904,12.083405
128548000,960.47186,12.08374
128648000,960.49396,12.084106
128763999,960.4845,12.084534
128859999,960.48083,12.0849
128956000,960.50055,12.085236
129052000,960.497,12.085602
129172000,960.51965,12.085999
129268000,960.5229,12.086334
129364000,960.52515,12.086639
129459999,960.5561,12.086945
129555999,960.5304,12.08728
129676000,960.5436,12.087677
129775999,960.56366,12.087982
129868000,960.5544,12.088318
129964000,960.55066,12.088623
130060000,960.5692,12.088959
130180000,960.5586,12.089355
130275999,960.57184,12.089691
130376000,960.58765,12.089996
130471999,960.61707,12.090332
130588000,960.6047,12.090729
130684000,960.59937,12.091034
130780000,960.61536,12.091339
130876000,960.6013,12.091614
130971999,960.6128,12.091888
131092000,960.615,12.092255
131192000,960.64825,12.092499
131284000,960.64685,12.092773
131384000,960.6556,12.092987
131476000,960.62427,12.093231
131572000,960.6496,12.093445
131692000,960.6525,12.093689
131788000,960.65375,12.093903
131884000,960.6745,12.094086
131980000,960.66693,12.094238
132076000,960.67145,12.094391
132172000,960.66754,12.094543
132292000,960.6602,12.094727
132388000,960.6831,12.094818
132484000,960.6772,12.09494
132580000,960.6913,12.095032
132676000,960.6579,12.095093
132772000,960.69446,12.095184
132892000,960.68335,12.095245
132988000,960.68085,12.095276
133088000,960.6797,12.095306
133180000,960.6862,12.095306
133276000,960.68164,12.095337
133372000,960.6722,12.095337
133492000,960.69257,12.095306
133588000,960.695,12.095276
133684000,960.66504,12.095245
133780000,960.67395,12.095215
133876000,960.68134,12.095184
133972000,960.6678,12.095123
134092000,960.672,12.095062
134188000,960.6591,12.095001
134284000,960.6722,12.09494
134380000,960.6605,12.094879
134476000,960.6756,12.094788
134572000,960.64905,12.094727
134692000,960.6617,12.094635
134792000,960.6492,12.094543
134888000,960.6574,12.094482
134980000,960.65656,12.094421
135076000,960.6564,12.09433
135172000,960.65405,12.094269
135292000,960.65607,12.094177
135388000,960.65466,12.094086
135484000,960.6603,12.094025
135580000,960.65576,12.093933
135680000,960.6483,12.093872
135772000,960.65594,12.093811
135872000,960.6298,12.09375
135988000,960.65137,12.093658
136084000,960.65186,12.093597
136184000,960.65735,12.093536
136280000,960.65546,12.093475
136376000,960.65125,12.093414
136472000,960.6462,12.093353
136588000,960.6245,12.093262
136684000,960.6566,12.093201
136780000,960.6437,12.09314
136876000,960.64386,12.093079
136972000,960.6231,12.093018
137068000,960.6508,12.092957
137188000,960.6454,12.0928955
137284000,960.6211,12.092834
137380000,960.6309,12.092773
137476000,960.634,12.092712
137572000,960.62555,12.092651
137668000,960.6296,12.09259
137792000,960.62286,12.092499
137884000,960.64655,12.092438
137980000,960.61865,12.092377
138076000,960.60425,12.092316
138172000,960.6369,12.092255
138292000,960.6246,12.092163
138388000,960.6088,12.092102
138484000,960.60474,12.0920105
138584000,960.62,12.091949
138680000,960.6232,12.091888
138772000,960.608,12.091797
138868000,960.6059,12.091736
138988000,960.6102,12.091644
139084000,960.60583,12.091553
139180000,960.62195,12.091492
139276000,960.6003,12.0914
139372000,960.593,12.091339
139468000,960.60657,12.091248
139588000,960.61444,12.091156
139688000,960.59784,12.091064
139780000,960.5861,12.090973
139880000,960.5986,12.090912
139976000,960.5915,12.09082
140092000,960.5791,12.090698
140192000,960.5883,12.090607
140284000,960.6019,12.090546
140380000,960.5967,12.090454
140476000,960.5812,12.090363
140572000,960.59894,12.090271
140692000,960.5651,12.090149
140792000,960.5773,12.090057
140884000,960.5634,12.089966
140980000,960.57623,12.089905
141080000,960.5906,12.089813
141172000,960.569,12.089722
141292000,960.5728,12.0896
141388000,960.5706,12.089508
141484000,960.5621,12.0894165
141580000,960.5791,12.089355
141676000,960.57544,12.089264
141772000,960.57465,12.089172
141892000,960.5575,12.08905
141988000,960.57623,12.088959
142084000,960.56903,12.088898
142180000,960.56165,12.088806
142280000,960.55347,12.088715
142372000,960.5598,12.088623
142492000,960.5458,12.0885315
142588000,960.5494,12.08844
142684000,960.55115,12.088379
142784000,960.5481,12.088287
142876000,960.56476,12.088226
142976000,960.55927,12.088135
143092000,960.54047,12.088043
143188000,960.5542,12.087982
143284000,960.53973,12.087921
143380000,960.54553,12.08783
143476000,960.5475,12.087769
143576000,960.54266,12.0877075
143692000,960.5336,12.087616
143792000,960.5342,12.087555
143884000,960.53796,12.087494
143980000,960.54553,12.087433
144080000,960.53534,12.087341
144176000,960.5451,12.08728
144292000,960.5529,12.087219
144388000,960.5156,12.087158
144484000,960.52106,12.087097
144580000,960.5381,12.087036
144676000,960.53394,12.086975
144776000,960.5346,12.086914
144868000,960.53107,12.086853
144988000,960.5333,12.086761
145088000,960.5232,12.086731
145180000,960.5272,12.08667
145276000,960.5181,12.086609
145372000,960.5358,12.086548
145492000,960.53613,12.086487
145588000,960.5148,12.086426
145688000,960.5206,12.086365
145780000,960.49615,12.086334
145876000,960.5212,12.086273
145972000,960.5137,12.086212
146092000,960.5196,12.086151
146188000,960.4967,12.08609
146288000,960.5215,12.08606
146380000,960.5024,12.085999
146480000,960.49976,12.0859375
146572000,960.50507,12.085907
146692000,960.5135,12.085846
146788000,960.50696,12.085785
146884000,960.52356,12.085754
146980000,960.51733,12.085693
147080000,960.5182,12.085663
147176000,960.51874,12.085602
147292000,960.51117,12.085571
147388000,960.50305,12.08551
147484000,960.4999,12.08548
147580000,960.49567,12.085449
147676000,960.51074,12.085388
147772000,960.5113,12.085358
147868000,960.5154,12.085327
147988000,960.4839,12.085266
148088000,960.5015,12.085236
148180000,960.49695,12.085175
148276000,960.4943,12.085144
148372000,960.49615,12.085114
148492000,960.501,12.085083
148592000,960.49585,12.0850525
148688000,960.49023,12.085022
148780000,960.4813,12.084991
148876000,960.49255,12.084961
148972000,960.4949,12.08493
149092000,960.4933,12.0849
149192000,960.49677,12.084869
149284000,960.4915,12.084839
149380000,960.5,12.084808
149476000,960.4811,12.084778
149572000,960.48706,12.084747
149672000,960.4787,12.084717
149788000,960.4685,12.084686
149884000,960.48816,12.084656
149984000,960.4922,12.084595
150076000,960.4757,12.084564
150172000,960.4895,12.084534
150292000,960.4964,12.084503
150388000,960.4699,12.084473
150488000,960.46075,12.084442
150584000,960.4911,12.084412
150676000,960.4855,12.084381
150772000,960.47284,12.084351
150892000,960.48,12.08432
150988000,960.4975,12.08429
151088000,960.4821,12.084259
151180000,960.4894,12.0842285
151276000,960.4875,12.084198
151376000,960.47125,12.0841675
151492000,960.46515,12.084106
151592000,960.4742,12.084076
151684000,960.4537,12.084045
151780000,960.5031,12.084015
151876000,960.49097,12.083984
151972000,960.47076,12.083954
152068000,960.46155,12.083954
152192000,960.4607,12.083984
152284000,960.49176,12.084137
152380000,960.48724,12.084412
152476000,960.5046,12.084808
152572000,960.4996,12.085327
152692000,960.5068,12.086121
152788000,960.52216,12.0868225
152884000,960.5416,12.087585
152980000,960.5481,12.088379
153076000,960.56757,12.089203
153172000,960.5751,12.090088
153292000,960.6073,12.091217
153388000,960.6162,12.092133
153488000,960.639,12.093079
153580000,960.63837,12.094055
153676000,960.65576,12.095001
153772000,960.6965,12.095978
153892000,960.7099,12.097168
153992000,960.73334,12.098114
154088000,960.74194,12.09906
154180000,960.7433,12.100006
154276000,960.7662,12.100922
154376000,960.767,12.101837
154492000,960.8249,12.102966
154588000,960.84827,12.103851
154688000,960.8455,12.104736
154780000,960.83417,12.105621
154880000,960.8774,12.106476
154972000,960.8778,12.10733
155092000,960.9253,12.108398
155188000,960.92426,12.109222
155284000,960.9411,12.110077
155380000,960.95886,12.110901
155476000,960.96344,12.111755
155572000,960.97534,12.112579
155692000,961.0241,12.113617
155764000,960.99677,12.114258
155888000,961.05286,12.115295
155980000,961.0519,12.116119
156076000,961.06934,12.116974
156172000,961.08234,12.117798
156292000,961.08624,12.118866
156388000,961.11755,12.11972
156484000,961.1211,12.120544
156580000,961.1516,12.121399
156676000,961.1603,12.122253
156776000,961.172,12.123138
156868000,961.1824,12.123993
156988000,961.20264,12.125092
157088000,961.2152,12.125946
157180000,961.21625,12.126831
157276000,961.24274,12.127716
157376000,961.25214,12.128601
157492000,961.2821,12.1297
157588000,961.31055,12.130615
157684000,961.31146,12.1315
157780000,961.34503,12.132416
157876000,961.3382,12.133301
157972000,961.38586,12.134216
158072000,961.38837,12.135132
158188000,961.3869,12.1362915
158284000,961.43054,12.137207
158380000,961.4335,12.138123
158476000,961.4503,12.139038
158576000,961.48364,12.139984
158668000,961.512,12.1409
158788000,961.5004,12.142059
158888000,961.51105,12.142975
158980000,961.5487,12.143921
159076000,961.5756,12.144836
159172000,961.5643,12.145782
159292000,961.5957,12.146942
159388000,961.6071,12.147858
159484000,961.61676,12.148804
159580000,961.6661,12.14975
159680000,961.6533,12.150696
159772000,961.66943,12.151642
159892000,961.6899,12.1528015
159992000,961.7194,12.153748
160084000,961.7192,12.154724
160180000,961.7525,12.15567
160276000,961.77295,12.156616
160376000,961.7743,12.157562
160472000,961.786,12.158539
160592000,961.8093,12.159729
160684000,961.81165,12.160675
160780000,961.83386,12.161652
160876000,961.8672,12.162598
160972000,961.88983,12.163574
161092000,961.89996,12.164764
161192000,961.92365,12.165741
161288000,961.9385,12.166718
161380000,961.9519,12.167694
161480000,961.96967,12.16864
161576000,961.9844,12.169617
161692000,962.0242,12.170837
161788000,962.0311,12.171814
161884000,962.05524,12.172791
161980000,962.0657,12.173767
162080000,962.0967,12.174744
162176000,962.1048,12.17572
162268000,962.1165,12.176697
162388000,962.1449,12.1779175
162488000,962.15027,12.178894
162580000,962.1581,12.179871
162676000,962.20245,12.180817
162772000,962.21387,12.181793
162892000,962.2235,12.183014
162988000,962.25604,12.1839905
163084000,962.2631,12.184967
163180000,962.2911,12.185944
163276000,962.3001,12.18692
163372000,962.31067,12.187897
163468000,962.33875,12.188873
163588000,962.36536,12.190094
163684000,962.39276,12.191071
163780000,962.4027,12.192017
163876000,962.4047,12.192993
163972000,962.42847,12.19397
164092000,962.45435,12.19519
164192000,962.45685,12.196167
164284000,962.49677,12.197144
164380000,962.4967,12.19809
164476000,962.5079,12.199066
164572000,962.54016,12.200043
164668000,962.55426,12.201019
164788000,962.5635,12.202209
164884000,962.592,12.203186
164980000,962.6011,12.204163
165076000,962.64685,12.205139
165172000,962.6388,12.206116
165292000,962.6735,12.207336
165388000,962.68286,12.208313
165484000,962.71204,12.20929
165584000,962.7135,12.210266
165676000,962.7271,12.211243
165772000,962.7648,12.212219
165892000,962.7612,12.21344
165988000,962.80133,12.2144165
166084000,962.80896,12.215393
166180000,962.8132,12.21637
166276000,962.8422,12.217346
166372000,962.8498,12.218323
166492000,962.87286,12.219574
166588000,962.9047,12.220551
166684000,962.89154,12.221527
166780000,962.93536,12.222504
166876000,962.9339,12.22348
166972000,962.9753,12.224457
167092000,962.99115,12.2256775
167188000,963.01935,12.226654
167284000,963.0196,12.227661
167380000,963.031,12.228638
167476000,963.0549,12.229614
167576000,963.0651,12.230591
167692000,963.0754,12.231812
167788000,963.1028,12.232788
167888000,963.1299,12.233765
167984000,963.1517,12.234772
168076000,963.16284,12.235748
168172000,963.1912,12.236725
168268000,963.198,12.237701
168388000,963.2181,12.238953
168488000,963.2259,12.239929
168580000,963.25006,12.240906
168680000,963.282,12.241882
168776000,963.2949,12.242859
168892000,963.3036,12.24408
168988000,963.3266,12.245056
169084000,963.36053,12.246063
169180000,963.35754,12.24704
169280000,963.3798,12.248016
169376000,963.4011,12.248993
169492000,963.4015,12.250214
169588000,963.4504,12.25119
169684000,963.45374,12.252167
169780000,963.4714,12.253174
169876000,963.5043,12.25415
169972000,963.50964,12.255127
170092000,963.5343,12.256348
170188000,963.54944,12.257324
170284000,963.5691,12.258301
170380000,963.5666,12.259308
170476000,963.5867,12.260284
170572000,963.6332,12.261261
170692000,963.64935,12.262482
170788000,963.66125,12.263458
170884000,963.6834,12.264435
170980000,963.71014,12.265411
171076000,963.6966,12.266388
171172000,963.7152,12.2673645
171272000,963.74646,12.268372
171388000,963.77576,12.269592
171484000,963.7859,12.270569
171580000,963.7975,12.271545
171676000,963.8207,12.272522
171772000,963.8269,12.273529
171892000,963.8583,12.27475
171988000,963.88477,12.275726
172084000,963.8901,12.276703
172184000,963.93164,12.277679
172276000,963.9273,12.278656
172372000,963.9451,12.279663
172492000,963.95544,12.280884
172592000,963.97797,12.28186
172688000,963.99774,12.282867
172784000,964.05115,12.283844
172876000,964.04584,12.284821
172972000,964.0553,12.285828
173092000,964.0632,12.287048
173188000,964.1007,12.288055
173284000,964.1028,12.289032
173380000,964.1312,12.290039
173476000,964.16077,12.291016
173572000,964.17413,12.292023
173692000,964.20886,12.293243
173788000,964.21185,12.2942505
173888000,964.21246,12.295227
173980000,964.23157,12.296234
174076000,964.25653,12.297211
174172000,964.26855,12.298218
174292000,964.2846,12.299438
174388000,964.31573,12.300446
174484000,964.31366,12.301422
174580000,964.3413,12.302399
174676000,964.3865,12.303406
174776000,964.38934,12.304382
174868000,964.3944,12.305389
174988000,964.43695,12.30661
175084000,964.4449,12.307617
175184000,964.47864,12.308594
175276000,964.47504,12.309601
175376000,964.4974,12.310577
175468000,964.5274,12.311584
175592000,964.52325,12.312805
175684000,964.5416,12.313782
175780000,964.5654,12.314789
175876000,964.58203,12.315765
175976000,964.6002,12.316742
176072000,964.6222,12.3177185
176188000,964.6412,12.31897
176288000,964.6521,12.319946
176384000,964.6892,12.320923
176480000,964.70264,12.321899
176572000,964.7111,12.322876
176672000,964.7306,12.323853
176788000,964.769,12.325073
176884000,964.78094,12.32605
176984000,964.7935,12.327026
177080000,964.8023,12.328003
177176000,964.83545,12.3289795
177292000,964.83026,12.3302
177392000,964.8591,12.331177
177484000,964.87805,12.332153
177580000,964.89374,12.33313
177676000,964.9162,12.334106
177772000,964.94324,12.335083
177892000,964.94086,12.336304
177988000,964.95746,12.33728
178084000,964.99036,12.338257
178180000,965.0128,12.339233
178276000,965.0291,12.34021
178372000,965.0321,12.341187
178468000,965.0551,12.342163
178588000,965.07733,12.343384
178684000,965.1044,12.34436
178780000,965.11316,12.345337
178876000,965.14575,12.346313
178972000,965.1431,12.34729
179092000,965.1536,12.348511
179188000,965.1835,12.349518
179284000,965.1935,12.350494
179380000,965.21906,12.351471
179476000,965.2493,12.3524475
179572000,965.2453,12.353455
179692000,965.2599,12.354675
179788000,965.29724,12.355652
179888000,965.3199,12.356659
179984000,965.3461,12.3576355
180076000,965.34753,12.358643
180172000,965.3843,12.35965
180272000,965.3885,12.360626
180392000,965.4164,12.361877
180488000,965.4286,12.3628845
180580000,965.4481,12.363861
180676000,965.4654,12.364868
180772000,965.4674,12.365845
180868000,965.4999,12.366852
180988000,965.5101,12.3680725
181084000,965.5283,12.36908
181180000,965.54956,12.370056
181276000,965.5709,12.371033
181376000,965.61255,12.37204
181492000,965.59607,12.3732605
181588000,965.6199,12.374237
181688000,965.64355,12.375214
181780000,965.6684,12.37619
181876000,965.67804,12.377167
181972000,965.69977,12.378143
182092000,965.7116,12.379364
182188000,965.71576,12.38031
182284000,965.7656,12.381287
182380000,965.76544,12.382263
182476000,965.7806,12.38324
182572000,965.8104,12.384216
182668000,965.81305,12.385193
182788000,965.8532,12.386383
182884000,965.89185,12.38739
182980000,965.88354,12.388458
183076000,965.89545,12.389557
183172000,965.912,12.390747
183268000,965.9255,12.391968
183388000,965.9605,12.393555
183484000,965.98083,12.394806
183584000,966.0138,12.396088
183676000,966.0222,12.397369
183772000,966.0597,12.398621
183892000,966.0706,12.4002075
183988000,966.12036,12.401489
184088000,966.1404,12.40271
184180000,966.1596,12.403961
184276000,966.1557,12.404602
184376000,966.1686,12.404602
184492000,966.1624,12.404602
184588000,966.1659,12.404602
184684000,966.17444,12.404602
184784000,966.1706,12.404602
184880000,966.1709,12.404602
184976000,966.16296,12.404602
185092000,966.17456,12.404602
185188000,966.18256,12.404602
185288000,966.17725,12.404602
185380000,966.1683,12.404602
185476000,966.1578,12.404602
185576000,966.1625,12.404602
185672000,966.17065,12.404602
185788000,966.15137,12.404602
185884000,966.16296,12.404602
185980000,966.1624,12.404602
186076000,966.1577,12.404602
186172000,966.1831,12.404602
186272000,966.17365,12.404602
186388000,966.17834,12.404602
186488000,966.1867,12.404602
186580000,966.1812,12.404602
186676000,966.1748,12.404602
186772000,966.17645,12.404602
186892000,966.17566,12.404602
186992000,966.16327,12.404602
187084000,966.1712,12.404602
187180000,966.1614,12.404602
187276000,966.1605,12.404602
187372000,966.17303,12.404602
187492000,966.18866,12.404602
187588000,966.1666,12.404602
187684000,966.1545,12.404602
187780000,966.149,12.404602
187876000,966.17847,12.404602
187976000,966.1781,12.404602
188092000,966.17554,12.404602
188188000,966.17175,12.404602
188288000,966.1642,12.404602
188384000,966.17645,12.404602
188476000,966.1607,12.404602
188572000,966.156,12.404602
188692000,966.1634,12.404602
