timestamp,nav_roll,nav_pitch,nav_bearing,target_bearing,xtrack_error,wp_dist,acceptance_radius
13520000,0,0,1.5511603,1.5516201,0.012442959,265.67822,23.745258
14024000,0,-0.176738,1.5414926,1.5494227,0.57963455,258.1111,56.873802
14528000,0,-0.024978368,1.5396714,1.548467,0.7911648,247.16525,65.86115
15008000,0,0.10577057,1.5303423,1.5456256,1.4267926,236.0079,66.85877
15512000,0,0.25171044,1.5070161,1.5386443,2.9230583,224.39806,65.46095
16016000,-0.39293593,0.34906584,1.5216564,1.52698,0.47791195,213.22453,63.04873
16520000,-0.43633232,0.34906584,1.4795611,1.5141933,3.043307,202.57115,61.28892
17024000,-0.43864384,0.2263671,1.4315293,1.5001128,5.595177,192.30606,57.355934
17528000,-0.40128514,0.20592137,1.4019908,1.489239,7.285903,182.40302,57.413303
18008000,-0.34178677,0.20768537,1.3811189,1.479903,8.525769,172.78543,57.771812
18512000,-0.25934863,0.20871052,1.3733056,1.4740875,8.958595,162.59103,57.685795
19016000,-0.18537042,0.20915723,1.3727015,1.4704667,8.954086,152.40187,57.436085
19520000,-0.11527177,0.20971364,1.3870609,1.4722621,8.101959,142.26086,57.177975
20024000,-0.083287984,0.21036547,1.3939649,1.4711396,7.673643,132.18776,56.901016
20528000,-0.060006823,0.21182461,1.4087392,1.4735484,6.807991,122.17664,56.636032
21008000,-0.048167195,0.2134777,1.4238538,1.4766508,5.9288135,112.70756,56.364056
21512000,-0.055402394,0.21555674,1.4310918,1.4756383,5.5004964,102.8119,56.13482
22016000,-0.051022857,0.21815977,1.4462675,1.4792889,4.6348443,92.962265,55.926487
22520000,-0.0682323,0.22133173,1.4462456,1.4736325,4.61681,83.161674,55.694183
23024000,-0.06913176,0.22487383,1.4539015,1.4722269,4.174967,73.3892,55.471165
23528000,-0.0658444,0.2287386,1.4618748,1.4708983,3.7195976,63.659996,55.260082
24008000,-0.07059312,0.23288754,1.4621882,1.461344,3.6880374,54.427605,55.04693
24512000,-0.41269928,0.21468274,1.2192461,0.6459789,-35.156055,330.35727,55.92093
25016000,-0.56366307,0.22049159,1.0452168,0.62348056,-27.212015,323.86548,56.162468
25520000,-0.62217337,0.22569393,0.8982495,0.6015884,-19.703701,317.041,56.104187
26024000,-0.6368377,0.23062974,0.76332027,0.5794674,-12.413253,309.6661,55.90173
26528000,-0.608108,0.23536482,0.65769255,0.56110936,-6.552917,301.6729,55.524693
27008000,-0.552379,0.23950875,0.575116,0.5460839,-1.9662876,293.51495,55.063305
27512000,-0.4584402,0.24309826,0.5135732,0.53443056,1.4080963,284.50937,54.529434
28016000,-0.33872798,0.2458239,0.46932223,0.52561146,3.7880993,275.20255,54.10085
28520000,-0.19793224,0.24825993,0.44841784,0.5209503,4.894392,265.74713,53.87009
29024000,-0.060091257,0.25056693,0.4474772,0.52007544,4.944845,256.26712,53.869987
29528000,0.060067393,0.2532261,0.46637762,0.5234215,3.939457,246.81476,53.99749
30008000,0.13074543,0.2560553,0.48627853,0.5273154,2.87261,237.8513,54.10293
30512000,0.17523462,0.25938657,0.51412886,0.53338814,1.3700333,228.46852,54.221764
31016000,0.18383315,0.26316792,0.53669256,0.53871155,0.14677429,219.08417,54.235622
31520000,0.17025132,0.26708314,0.5552553,0.5434778,-0.85861206,209.69785,54.151134
32024000,0.15084377,0.2710175,0.5739421,0.5486856,-1.8640022,200.31175,53.972042
32528000,0.11750031,0.27479684,0.582439,0.55149686,-2.3107452,190.93698,53.70461
33008000,0.087513424,0.27832687,0.5880978,0.55367255,-2.6010742,182.01634,53.432358
33512000,0.054972954,0.28177115,0.5874536,0.55416054,-2.5506134,172.6756,53.097603
34016000,0.033367928,0.284991,0.5868047,0.55470484,-2.5001602,163.37976,52.75922
34520000,0.016027149,0.28806594,0.58196753,0.55386484,-2.231842,154.1184,52.444942
35024000,0.006028415,0.15525061,0.57804555,0.55291975,-1.9635239,144.96075,50.81961
35528000,0.002068581,0.042162195,0.5744605,0.55184877,-1.6952133,136.2382,48.359333
36008000,0.002746562,0.01525465,0.5677998,0.5497602,-1.3319473,128.23018,46.904167
36512000,0.018758543,0.007052912,0.56985986,0.5510873,-1.4044113,120.01322,46.112206
37016000,0.030082565,0.010621573,0.5668492,0.5506249,-1.2590256,111.88433,45.871243
37520000,0.04474394,0.018340018,0.56835175,0.5522312,-1.3314896,103.75777,45.99448
38024000,0.056873545,0.027591672,0.57103246,0.55467904,-1.465416,95.57851,46.332256
38528000,0.062348768,0.0367632,0.57232153,0.55697006,-1.5378876,87.335724,46.72044
39008000,0.06550101,0.043735527,0.5749379,0.5603813,-1.6718063,79.41863,47.051235
39512000,0.06988962,0.04961215,0.58083516,0.56705844,-1.962143,71.04924,47.36669
40016000,0.066867225,0.054732487,0.58213496,0.57191527,-2.034607,62.629715,47.623074
40520000,0.06232826,0.058805905,0.5835441,0.57826924,-2.1070862,54.177444,47.746246
41024000,0.20787944,0.020788524,0.78709775,1.4348679,38.21806,278.69202,47.639233
41528000,0.45566595,0.08785016,0.9136479,1.4587603,30.999388,273.35617,50.636147
42008000,0.5854907,0.08677403,1.101013,1.483604,23.780724,267.80505,52.357456
42512000,0.5932554,0.08569481,1.2505546,1.5090425,16.559307,261.33755,52.33668
43016000,0.52810955,0.07835409,1.3668175,1.5307088,10.609311,254.06546,51.949913
43520000,0.41117704,-0.025795948,1.4545977,1.5483779,5.9301887,246.0358,50.420044
44024000,0.33888042,-0.15760447,1.511045,1.5600861,2.9472141,237.9061,47.998177
44528000,0.29910982,-0.17187606,1.5641762,1.5707812,0.3884139,229.87666,46.740894
45008000,0.2536004,-0.21529184,1.6010134,1.5784127,-1.3209374,222.2242,46.310837
45512000,0.19426502,-0.1925828,1.6193616,1.5826632,-2.18304,214.10312,46.588207
46016000,0.13910636,-0.20921735,1.636873,1.587275,-3.0456932,205.80963,47.33587
46520000,0.083095394,-0.19474137,1.6361082,1.587983,-3.0599973,197.35222,48.12911
47024000,0.04205831,-0.19677667,1.6352413,1.5887544,-3.0743015,188.71664,49.021084
47528000,0.012685567,-0.2180347,1.6262505,1.5872767,-2.6649816,179.9619,49.591854
48008000,-0.000918501,-0.197113,1.6174229,1.5856189,-2.2551112,171.50728,50.201107
48512000,-0.004802252,-0.21884197,1.608988,1.5838411,-1.8463415,162.54065,50.593555
49016000,-0.00244728,-0.20077203,1.6006573,1.5818516,-1.4375715,153.4932,51.036804
49520000,0.011917078,-0.22537605,1.6007977,1.582525,-1.452426,144.39,51.308765
50024000,0.013368715,-0.20702887,1.5926975,1.5802064,-1.0442063,135.22212,51.66827
50528000,0.023739025,-0.23316574,1.5929036,1.5808885,-1.0596107,126.011604,51.901325
51008000,0.031408835,-0.21256122,1.5930718,1.5816466,-1.074465,117.21898,52.198963
51512000,0.036601786,-0.2379559,1.5932766,1.5825628,-1.0898696,107.939735,52.425762
52016000,-0.07394602,-0.22032686,1.5836966,1.5836902,48.645844,98.63076,52.733025
52520000,-0.36466116,-0.24586697,1.589816,1.5898101,39.213203,89.28876,52.922718
53024000,-0.56964785,-0.22561456,1.597382,1.5973767,29.78469,79.93484,53.18545
53528000,-0.69666415,-0.25160724,1.6187963,1.6187917,20.72293,70.6667,53.259266
54008000,-0.7285383,-0.23163258,1.659714,1.6597099,12.0973015,62.23871,53.285263
54512000,-0.20465568,-0.25989679,1.7551969,1.7504648,-9.665235,54.51978,53.194603
55016000,0.5870257,-0.2372613,1.8680372,1.9002544,-15.616879,48.61908,53.617054
55520000,0.87266463,-0.1426351,1.9827857,2.0800862,-21.567425,44.46668,54.069435
56024000,0.87266463,-0.05727248,2.096879,2.2912154,-27.094893,41.17967,54.115376
56528000,0.87266463,0.001932047,2.3309002,2.0063262,-20.302855,336.89383,54.07759
57008000,0.8120254,-0.03926558,2.4240062,2.0199275,-24.313435,329.19708,52.85719
57512000,0.6594311,-0.026040034,2.4655936,2.0275135,-26.07535,320.2733,52.518147
58016000,0.41137764,-0.015771339,2.446848,2.026814,-25.111378,311.07886,52.29973
58520000,0.09910813,0.025054118,2.395604,2.0208697,-22.605503,302.1117,52.01663
59024000,-0.22087587,0.15942302,2.302258,2.009698,-18.677027,293.48273,53.555443
59528000,-0.41139942,0.18350731,2.2027273,1.9941813,-13.720621,285.03687,54.04206
60008000,-0.47064754,0.19713858,2.1157355,1.9786539,-9.039569,277.1,53.522583
60512000,-0.47095677,0.19016315,2.0323062,1.9631355,-4.597128,268.62292,53.349777
61016000,-0.4221666,0.21792015,1.9661268,1.9501001,-1.0633183,259.9211,52.912197
61520000,-0.326961,0.20811135,1.9211513,1.9407403,1.3232536,250.8917,53.194553
62023999,-0.2246603,0.2260397,1.8875148,1.9332787,3.0765495,241.69807,52.60739
62528000,-0.1008741,0.22858842,1.8801411,1.9308344,3.526554,232.3568,53.561844
63008000,-0.010255878,0.2304373,1.8857176,1.9317447,3.1872349,223.43321,52.877956
63511999,0.057161443,0.2375983,1.8951432,1.9332694,2.728613,214.06418,53.64477
64016000,0.091033064,0.23562446,1.9127712,1.9374349,1.7560196,204.70871,52.809174
64520000,0.11044795,0.24030736,1.9313595,1.9420023,0.7834282,195.37186,53.40542
65024000,0.094287306,0.23382132,1.9398338,1.9442686,0.3248062,186.05536,52.424435
65528000,0.092691794,0.2464906,1.9559827,1.9490026,-0.52848434,176.7657,53.098087
66008000,0.071348004,0.22406098,1.962745,1.9511832,-0.8678055,167.93251,51.91887
66512000,0.053640414,0.24892777,1.9637433,1.9518943,-0.9317665,158.73222,52.603954
67016000,0.042537715,0.22500788,1.9707624,1.9545158,-1.2710838,149.52805,51.39793
67520000,0.03460105,0.25140777,1.9693558,1.9546741,-1.2157364,140.40216,52.123497
68024000,0.025354497,0.22786877,1.9688153,1.9548542,-1.1603966,131.2673,50.93086
68528000,0.026994579,0.25149867,1.9674336,1.9550613,-1.105053,122.219604,51.632324
69008000,0.03230928,0.22046013,1.9722654,1.9576892,-1.3250656,113.59683,50.511803
69512000,0.033635292,0.25925002,1.9684874,1.9570044,-1.1504211,104.63298,51.230114
70016000,0.032369524,0.22234127,1.9678893,1.9574739,-1.0950699,95.652245,50.099155
70520000,0.043858666,0.25976676,1.9719038,1.9611453,-1.3150711,86.75473,50.83109
71024000,0.040840004,0.22475183,1.9713577,1.9622068,-1.2597427,77.83587,49.74211
71528000,0.039748885,0.26174217,1.967518,1.9617445,-1.0850906,69.00218,50.500355
72008000,0.039091945,0.21794242,1.9700061,1.9655714,-1.185791,60.559597,49.4611
72512000,0.049513485,0.25911054,1.9764719,1.9755219,-1.5251007,51.79498,50.105675
73016000,0.50583106,0.11118134,2.3680313,3.0046988,39.588425,267.32053,48.812057
73520000,0.47729814,0.06203836,2.4069724,3.0325623,31.740862,263.11526,46.744072
74024000,0.5506575,0.04330031,2.585893,3.058471,24.534302,258.76303,45.64112
74528000,0.5818948,0.039772402,2.7526548,3.0839021,17.648243,253.97476,45.237656
75008000,0.5638684,0.044083323,2.8832488,3.104937,12.054225,248.77399,45.164455
75512000,0.50546676,0.050548714,3.0029933,3.1254928,6.7756944,242.5076,45.21356
76016000,0.40664107,0.056155622,3.092021,-3.1415927,2.7841883,235.46857,45.374466
76520000,0.2794313,0.06040692,-3.1388695,-3.1315885,0.41525933,227.84822,45.61507
77024000,0.16181445,0.0647094,-3.108367,-3.1252959,-0.98213017,219.9007,45.900272
77528000,0.06489377,0.06822992,-3.0993314,-3.123138,-1.4029633,211.80838,46.10495
78008000,0.00733834,0.07100413,-3.0974336,-3.1224475,-1.4932613,204.05743,46.193054
78512000,-0.035512324,0.07268947,-3.109475,-3.1249816,-0.93753856,195.91566,46.20831
79016000,-0.04355469,0.07377658,-3.114442,-3.1260014,-0.70733434,187.78351,46.161266
79520000,-0.046155863,0.07389802,-3.1264775,-3.1289225,-0.15161145,179.66362,46.107174
80024000,-0.033839863,0.07458224,-3.131364,-3.1301947,0.07357603,171.56027,46.031612
80528000,-0.022267511,0.07431858,-3.1363785,-3.1316254,0.30378032,163.46147,45.939407
81008000,-0.005234798,0.074603096,-3.1344223,-3.1311367,0.21348226,155.7601,45.845352
81512000,-0.001333104,0.07424704,-3.1394677,-3.132771,0.4436866,147.69785,45.732044
82016000,0.007228549,0.074443676,-3.1374042,-3.1322618,0.3483721,139.66707,45.607605
82520000,0.012993517,0.074009396,-3.1353276,-3.1316898,0.25305748,131.65251,45.499462
83024000,0.016004587,0.0739687,-3.1332414,-3.1310432,0.15774286,123.653564,45.38532
83528000,0.01616977,0.07305233,-3.131254,-3.1303477,0.06744504,115.67262,45.323044
84008000,0.01552451,0.072997086,-3.1292608,-3.129554,-0.022853136,108.07468,45.266937
84512000,0.01464501,0.07284333,-3.1271532,-3.128585,-0.11816776,100.10303,45.231506
85016000,0.01491717,0.07290134,-3.125039,-3.1274462,-0.21348214,92.13815,45.165234
85520000,0.015289458,0.07318809,-3.1229181,-3.1260889,-0.30879664,84.18554,45.095093
86024000,0.01550494,0.0725848,-3.120895,-3.124539,-0.39909482,76.25486,44.990105
86528000,0.006738798,0.07177591,-3.1260073,-3.1272924,-0.16889083,68.34055,44.937775
87008000,0.008237955,0.07211419,-3.1239858,-3.1254928,-0.25918877,60.81003,44.842487
87512000,0.011190424,0.070941314,-3.12196,-3.123175,-0.34948695,52.919373,44.772373
88016000,0.013855215,0.071137935,-3.1198149,-3.1198745,-0.4448012,45.03706,44.700962
88520000,0.6694244,0.08286427,-2.4643395,-1.7842184,37.039013,352.4692,46.310055
89024000,0.76872987,0.097508624,-2.2665677,-1.7597378,28.253664,350.1719,50.96451
89528000,0.7671958,0.09666483,-2.0801752,-1.7367535,20.030584,346.6588,51.28872
90008000,0.7155977,0.025878565,-1.9289085,-1.7152284,12.404906,341.91965,50.14865
90512000,0.60332334,-0.038922407,-1.8122678,-1.6974568,6.2200236,335.81412,46.79446
91016000,0.50066555,-0.085899934,-1.72013,-1.6844839,1.8273516,329.0983,44.388416
91520000,0.40798524,-0.11497554,-1.6494529,-1.675002,-1.2650895,322.0708,42.893448
92024000,0.30964404,-0.10816132,-1.60761,-1.6693269,-3.0221584,314.853,42.398106
92528000,0.20566915,-0.12421021,-1.5860986,-1.6661273,-3.935834,307.45712,42.44902
93008000,0.1196143,-0.089603394,-1.5756779,-1.6641793,-4.427813,300.2932,42.95107
93512000,0.03402057,-0.1109723,-1.5860186,-1.665123,-4.0412574,292.6566,43.54859
94016000,-0.028791945,-0.06837942,-1.6064421,-1.6677071,-3.1978636,284.94287,44.14169
94520000,-0.06103366,-0.11161819,-1.6260039,-1.6704363,-2.3544707,277.15884,44.489086
95024000,-0.0707103,-0.05467724,-1.6452267,-1.6733228,-1.5110779,269.3284,44.815212
95528000,-0.056074187,-0.116727084,-1.6547006,-1.6747681,-1.0893822,261.438,44.926567
96008000,-0.038250685,-0.06896761,-1.6633288,-1.6761675,-0.7028265,253.90878,44.99046
96512000,-0.022586145,-0.1298138,-1.6734912,-1.6779343,-0.24598789,245.97395,45.05497
97016000,-4.86E-05,-0.07273942,-1.6734918,-1.6779017,-0.24598885,238.04439,45.059853
97520000,0.015209379,-0.13446997,-1.6734976,-1.6778669,-0.2459898,230.0949,45.107246
98024000,0.024408132,-0.07572937,-1.6735002,-1.6778296,-0.24598789,222.1632,45.12815
98528000,0.03839209,-0.13650519,-1.6649405,-1.6759821,-0.6325445,214.2231,45.149376
99008000,0.039424535,-0.08963134,-1.6641635,-1.6757047,-0.6676836,206.6674,45.153442
99512000,0.035521027,-0.14673324,-1.6641862,-1.6755774,-0.66768456,198.7071,45.22318
100016000,0.04318297,-0.09422587,-1.6548638,-1.6732285,-1.0893822,190.74796,45.230877
100520000,0.036033373,-0.15384494,-1.6557026,-1.6731657,-1.0542412,182.75618,45.35081
101024000,0.031185709,-0.09764814,-1.6557065,-1.6729065,-1.0542393,174.77338,45.358418
101528000,0.025422221,-0.16053148,-1.6557934,-1.6726229,-1.0542374,166.74986,45.52861
102008000,0.022336287,-0.11176316,-1.6557937,-1.6723113,-1.0542393,159.10852,45.529182
102512000,0.018736012,-0.16684183,-1.6559156,-1.6719671,-1.0542374,151.03201,45.769947
103016000,0.01728086,-0.11454454,-1.656673,-1.6718144,-1.0190983,142.95862,45.74813
103520000,0.01463693,-0.17281123,-1.6575414,-1.671643,-0.9839573,134.83531,45.962128
104024000,0.014438461,-0.1187169,-1.658292,-1.6714494,-0.9488125,126.72947,45.93059
104528000,0.013061876,-0.17560323,-1.6591353,-1.671229,-0.9136734,118.59205,46.111584
105008000,0.015867572,-0.13278846,-1.658357,-1.6703886,-0.9488144,110.8503,46.07575
105512000,0.015429509,-0.18615974,-1.6592014,-1.6700497,-0.9136734,102.68094,46.26584
106016000,0.016109727,-0.13613728,-1.6599466,-1.6696521,-0.8785343,94.512085,46.230576
106520000,0.015273356,-0.19108768,-1.6607816,-1.6691791,-0.8433857,86.31116,46.4205
107024000,0.027264748,-0.14090681,-1.6524547,-1.6632046,-1.2299442,78.112045,46.424824
107528000,0.024768958,-0.19521412,-1.6533223,-1.6618663,-1.1948032,69.880775,46.62489
108008000,0.024695134,-0.15369752,-1.6533394,-1.6597054,-1.1948013,62.038734,46.655838
108512000,0.021996519,-0.19556282,-1.6542038,-1.6574376,-1.1596603,53.77142,46.864864
109016000,-0.052562036,-0.14271002,-2.4088497,-3.0368521,-45.390152,289.68433,46.89613
109520000,-0.71531665,-0.026986444,-2.4088497,-3.064652,-37.21794,288.01273,47.29698
110024000,-0.75457793,-0.0013348,-2.5690336,-3.09373,-28.675991,285.9673,48.996754
110528000,-0.77505565,0.01360433,-2.7770047,-3.1220036,-20.392185,282.75363,50.32216
111008000,-0.7372364,0.019723883,-2.9335592,3.1357427,-13.016722,278.25388,50.503956
111512000,-0.64270395,0.017732704,-3.0643575,3.1128633,-6.5049634,271.9823,50.22522
112016000,-0.50489867,0.014384612,3.119962,3.0948114,-1.5517588,264.41592,50.040962
112520000,-0.3371689,0.011733671,3.065557,3.084377,1.1703694,256.02182,50.041
113024000,-0.17875378,0.009557163,3.0429986,3.0796895,2.289305,247.2732,49.840675
113528000,-0.06706896,0.005144845,3.0329757,3.0773785,2.758035,238.49768,49.301258
114008000,0.003986574,1.30E-05,3.03701,3.077954,2.531919,230.23625,48.77143
114512000,0.05313922,-0.003507929,3.0542326,3.0813808,1.6779178,221.65956,48.34425
115016000,0.06381428,-0.004693305,3.0650284,3.0835583,1.1490195,213.16083,48.04282
115520000,0.05917214,-0.005212343,3.0759878,3.085917,0.62012124,204.7064,47.85247
116024000,0.048379295,-0.004640309,3.0870373,3.0884807,0.09122276,196.27338,47.762497
116528000,0.028236551,-0.002722177,3.0913048,3.089545,-0.11257315,187.8482,47.751865
117008000,0.014091947,-0.001392765,3.0960386,3.0908308,-0.33868933,179.82979,47.761814
117512000,0.004977897,0.000256978,3.1007583,3.0922375,-0.56480503,171.40237,47.821533
118016000,-0.007897477,0.003272329,3.0982094,3.091665,-0.44349813,162.9604,47.88434
118520000,-0.015018023,0.004932319,3.0956686,3.0910296,-0.32219028,154.50537,47.93716
119024000,-0.017735383,0.006534978,3.0931363,3.0903203,-0.20088434,146.0457,47.955082
119528000,-0.018707136,0.008794966,3.0906065,3.0895238,-0.07957697,137.5849,47.960537
120008000,-0.018199349,0.010053967,3.0885425,3.0887957,0.019410133,129.5357,47.935307
120512000,-0.017545652,0.011672911,3.0860107,3.087783,0.14071655,121.08356,47.916687
121016000,-0.01777659,0.012733215,3.0834749,3.086618,0.26202297,112.63923,47.88148
121520000,-0.018213902,0.013815463,3.0809395,3.0852625,0.38333035,104.19224,47.87077
122024000,-0.010292087,0.015029588,3.0851963,3.0870671,0.17953396,95.74514,47.86373
122528000,-0.012438815,0.01642499,3.0826607,3.0854912,0.30084038,87.30231,47.85393
123008000,-0.013712902,0.018395003,3.08105,3.084194,0.37750626,79.26711,47.801872
123512000,-0.016406989,0.019317858,3.078502,3.081916,0.49881458,70.84075,47.755104
124016000,-0.010522927,0.01993678,3.0827663,3.0842216,0.2950182,62.42737,47.729664
124520000,-0.013809962,0.021257263,3.0802267,3.0812309,0.41632462,54.011997,47.740364
125024000,0.13652426,0.06278882,-2.744898,-2.0746665,43.111263,375.2709,47.85952
125528000,0.50005925,0.007749707,-2.744898,-2.054238,35.137264,371.56653,47.688667
126008000,0.55761844,0.019595725,-2.595142,-2.035862,28.071714,367.88217,47.28373
126512000,0.6110076,0.026111603,-2.4035063,-2.0161953,20.591272,363.34558,47.936596
127016000,0.6024593,0.035029422,-2.2532544,-1.9986125,13.996914,357.86414,48.342113
127520000,0.5660519,0.13606855,-2.1195414,-1.9819661,7.8961096,351.33328,49.552063
128024000,0.45591417,0.1796584,-2.0299454,-1.9699272,3.589842,343.62732,51.00833
128528000,0.2613721,0.21138176,-1.9752592,-1.9619013,0.8089676,335.03607,51.36619
129008000,0.045638233,0.20893028,-1.9540646,-1.9586332,-0.2783947,326.48157,51.12964
129512000,-0.120189905,0.2207627,-1.9606714,-1.9596711,0.05860901,317.54285,50.442276
130016000,-0.21040495,0.20459965,-1.980166,-1.9628407,1.0349216,308.7227,50.105236
130520000,-0.24227414,0.21502383,-2.0054739,-1.9670894,2.2803764,300.0177,49.629322
131024000,-0.2340293,0.19746447,-2.0226357,-1.9702486,3.1333046,291.3185,49.668602
131528000,-0.20687814,0.22099483,-2.0383277,-1.9731529,3.8628387,282.65515,49.060257
132008000,-0.17826204,0.19997779,-2.0502334,-1.9757689,4.4689846,274.38354,49.32682
132512000,-0.13506511,0.21626233,-2.050592,-1.9761007,4.4134636,265.7453,48.52272
133016000,-0.109835476,0.1963493,-2.0545354,-1.9774705,4.627079,257.13602,48.766174
133520000,-0.07346254,0.21333675,-2.0441055,-1.9758006,4.0556335,248.59305,47.99846
134024000,-0.05961564,0.19337621,-2.0398278,-1.9756346,3.8767204,240.07518,48.318874
134528000,-0.05346887,0.21188994,-2.0372353,-1.9754562,3.6978035,231.60046,47.62298
135008000,-0.050934926,0.1879703,-2.030274,-1.9746908,3.3955002,223.53856,48.02326
135512000,-0.050316915,0.19762711,-2.0249195,-1.9738668,3.0932045,215.10571,47.323143
136016000,-0.055897705,0.18922117,-2.02045,-1.973594,2.9142876,206.68562,47.85139
136520000,-0.060051832,0.18797755,-2.0175965,-1.9732977,2.7353706,198.28401,47.11749
137024000,-0.06079608,0.19317132,-2.0104067,-1.9723037,2.433075,189.8853,47.824284
137528000,-0.07164623,0.18761681,-2.0158327,-1.97407,2.6466866,181.49113,47.015915
138008000,-0.068189695,0.20614578,-2.0086136,-1.9730176,2.3443909,173.51384,47.762497
138512000,-0.075321905,0.16996446,-2.0141401,-1.9749972,2.5580063,165.13371,46.847
139016000,-0.06776394,0.21033014,-2.0068967,-1.9738821,2.2556992,156.78749,47.619263
139520000,-0.072228126,0.17090966,-2.0124438,-1.9761312,2.4693146,148.42819,46.670506
140024000,-0.07795647,0.21160941,-2.0160847,-1.9786485,2.68293,140.10387,47.447765
140528000,-0.0671569,0.17221582,-2.010719,-1.97755,2.3806229,131.76408,46.508266
141008000,-0.06952776,0.21879075,-2.0117912,-1.9794534,2.4708633,123.86208,47.282013
141512000,-0.07469604,0.16366017,-2.0173912,-1.9827476,2.6844788,115.53435,46.40463
142016000,-0.0663909,0.21983905,-2.0100985,-1.9817109,2.382164,107.261536,47.10861
142520000,-0.07176919,0.16473806,-2.0156841,-1.9857473,2.5957794,98.96121,46.233505
143024000,-0.06318409,0.21976425,-2.0084312,-1.9847931,2.2934875,90.727715,46.899525
143528000,-0.0688049,0.16514009,-2.01396,-1.9899541,2.5070953,82.46374,46.06642
144008000,-0.06843904,0.21565902,-2.012406,-1.9926757,2.4739456,74.6571,46.791218
144512000,-0.07080129,0.15604961,-2.015276,-1.9980468,2.5641632,66.41968,46.004147
145016000,-0.06195085,0.21526311,-2.0080776,-1.9982964,2.261879,58.255714,46.589542
145520000,-0.06687194,0.15610935,-2.0135686,-2.009053,2.4754868,50.05752,45.81458
146024000,-0.002804211,0.124835595,-1.9660509,-1.4715211,24.687153,308.3124,45.415977
146528000,0.12513474,0.07289707,-1.8613069,-1.4579649,20.06987,301.3808,44.31976
147008000,0.19917826,0.041902166,-1.777514,-1.4467819,16.345423,294.9226,43.398922
147512000,0.2516585,0.033464473,-1.6883093,-1.4349444,12.562868,288.19385,42.9341
148016000,0.28072742,0.035221964,-1.597152,-1.4225391,8.780314,281.35815,42.96782
148520000,0.27284804,0.040930893,-1.5250523,-1.41239,5.774382,274.2983,43.31924
149024000,0.24473645,-0.09846107,-1.4661226,-1.4032648,3.185814,267.04214,42.649902
149528000,0.2195201,-0.1495851,-1.4253957,-1.3968502,1.4319742,259.80984,42.076015
150008000,0.18837298,-0.14125176,-1.394996,-1.3919469,0.15360618,252.86794,42.20079
150512000,0.14758241,-0.12623486,-1.3734994,-1.3882194,-0.76550436,245.4478,42.871513
151016000,0.114311405,-0.13965872,-1.3527727,-1.3842585,-1.6846151,237.851,43.67252
151520000,0.07095198,-0.10253936,-1.3502986,-1.3833957,-1.827106,230.09227,44.513634
152024000,0.042413007,-0.14427535,-1.3476888,-1.3824713,-1.9695973,222.19229,45.118954
152528000,0.016586272,-0.08432279,-1.3542424,-1.3834248,-1.6947222,214.19846,45.67348
153008000,0.001224482,-0.16889277,-1.3616952,-1.3847443,-1.3617401,206.51752,45.91698
153512000,-0.005219225,-0.08423334,-1.367841,-1.3858644,-1.0868654,198.40768,46.22404
154016000,-0.004817938,-0.1788772,-1.3725935,-1.3867657,-0.87009716,190.25595,46.376762
154520000,0.007619295,-0.09485162,-1.3696252,-1.3857852,-1.0125875,182.07391,46.600437
155024000,0.010417933,-0.18831515,-1.3743223,-1.3867668,-0.79582214,173.85687,46.72242
155528000,0.010968004,-0.10437661,-1.379027,-1.387847,-0.5790539,165.61765,46.96753
156008000,0.020007525,-0.21275207,-1.3760362,-1.3867677,-0.72154427,157.73737,47.10025
156512000,0.028452715,-0.12666294,-1.3718662,-1.3851733,-0.92214394,149.44392,47.31691
157016000,0.023893023,-0.21886432,-1.3765103,-1.3863466,-0.7053757,141.10376,47.514973
157520000,0.028953917,-0.14435941,-1.3723826,-1.3845272,-0.90597534,132.73813,47.75236
158024000,0.023225458,-0.22400528,-1.3757951,-1.3853312,-0.74731636,124.323074,48.027008
158528000,0.027015513,-0.15609825,-1.3717327,-1.383175,-0.9479103,115.86952,48.308136
159008000,0.0193004,-0.22575223,-1.3763106,-1.3845577,-0.73114777,107.766914,48.597706
159512000,0.006832837,-0.17804337,-1.3813683,-1.3813622,49.11831,99.216095,48.87613
160016000,-0.23867467,-0.23101334,-1.382169,-1.3821633,40.48546,90.60194,49.194206
160520000,-0.45289546,-0.1923129,-1.3780522,-1.3780472,31.932869,81.94905,49.43779
161024000,-0.62103426,-0.23615621,-1.3664156,-1.3664111,23.14772,73.28672,49.725403
161528000,-0.7083945,-0.19598082,-1.3399332,-1.3399293,14.881851,64.80201,49.838768
162008000,-0.40609974,-0.24085987,-1.2616094,-1.2787285,-6.4570236,57.31482,49.90628
162512000,0.3855816,-0.15989795,-1.1647154,-1.1687176,-11.248625,50.762276,50.05943
163016000,0.6983545,-0.07213411,-1.4084119,-1.4083909,258.20737,333.37515,50.735123
163520000,0.6192896,0.12213823,-1.3926334,-1.392613,250.51169,325.56427,55.615685
164024000,0.33786494,0.254333,-1.3818786,-1.3818591,241.21823,316.23535,57.300266
164528000,0.04778108,0.2670954,-1.3784094,-1.3783904,231.1477,306.29282,56.813847
165008000,-0.10059507,0.14404136,-1.3795508,-1.3795323,221.79465,296.8948,54.745487
165512000,-0.13585411,0.034348108,-1.3824282,-1.3824103,212.682,287.57996,51.62238
166016000,-0.12064745,-0.000897813,-1.3839976,-1.3839803,203.65036,278.70557,49.489742
166520000,-0.09172741,-0.017897002,-1.3876588,-1.387642,195.18185,270.11044,48.217983
167024000,-0.05566212,-0.02113233,-1.3881435,-1.3881272,186.54971,261.6688,47.500603
167528000,-0.024654023,-0.01881456,-1.3888941,-1.3888783,178.23775,253.31146,47.161243
168008000,-0.003546797,-0.014610546,-1.3899348,-1.3899194,170.24625,245.37836,47.097916
168512000,0.012069308,-0.009195781,-1.389039,-1.3890243,162.01102,237.04083,47.22586
169016000,0.017941257,-0.002788521,-1.3899027,-1.3898885,153.69925,228.66557,47.44759
169520000,0.02070307,0.002834147,-1.3886712,-1.3886575,145.14383,220.25266,47.678204
170024000,0.020359896,0.007548999,-1.3876203,-1.3876071,136.90889,211.7926,47.925774
170528000,0.016268168,0.012894081,-1.3882422,-1.3882296,128.27669,203.2909,48.142284
171008000,0.014640117,0.016714627,-1.3870823,-1.3870702,120.041855,195.16292,48.285892
171512000,0.014355001,0.019879717,-1.3854991,-1.3854874,111.48729,186.60994,48.388073
172016000,0.011764278,0.022716576,-1.3864425,-1.3864315,103.1749,178.04144,48.450806
172520000,0.012877964,0.024178138,-1.3846695,-1.384659,94.620544,169.46887,48.46489
173024000,0.011399372,0.025830138,-1.3852967,-1.3852867,85.98804,160.90262,48.462807
173528000,0.014264396,0.027764237,-1.3832595,-1.3832501,77.4341,152.33951,48.441364
174008000,0.01254862,0.028539652,-1.3842968,-1.3842878,69.12134,144.19296,48.410454
174512000,0.015041322,0.029867217,-1.3819431,-1.3819346,60.567795,135.64409,48.38523
175016000,0.013513722,0.031089243,-1.3830317,-1.3830239,52.254837,127.1089,48.34004
175520000,0.016588831,0.032510184,-1.3802525,-1.3802451,43.701767,118.58819,48.265694
176024000,0.014808265,0.03375291,-1.3808233,-1.3808165,35.068863,110.08148,48.21466
176528000,0.012975049,0.03445399,-1.3814912,-1.3814849,26.436005,101.58279,48.173294
177008000,0.015544762,0.035789993,-1.3791329,-1.3791271,18.522758,93.49092,48.161484
177512000,0.010460545,-0.08388829,-1.3797591,-1.3797538,9.889786,85.038574,47.227875
178016000,0.008309124,-0.24033691,-1.3767159,-1.3767111,1.9770279,76.83811,46.04537
178520000,-6.50E-06,-0.2599499,-1.3781006,-1.3780963,-6.3365326,68.74982,45.95122
179024000,-3.01E-05,-0.2536556,-1.3740286,-1.3740249,-14.2487335,60.59518,46.698288
179528000,-4.76E-05,-0.075388074,-1.3742031,-1.3741999,-22.881878,52.259968,47.950592
180008000,-0.000353943,0.016369056,-1.3679094,-1.3679068,-30.79269,44.070072,49.836826
180512000,-0.000929498,0.03353378,-1.3648083,-1.3648062,-39.744446,35.166782,51.18779
181016000,-0.001797418,0.03863563,-1.35697,-1.3569684,-49.013878,26.141743,51.43511
181520000,-0.006296936,0.036755342,-1.3206799,-1.320679,-57.862774,17.13172,51.210133
182024000,-0.03467225,0.032499935,-1.2076445,-1.2076441,-66.64122,8.226748,50.846176
182528000,-0.48298088,0.027811646,0.654628,0.65462804,-73.39586,1.7373543,50.480858
183008000,-0.020012274,0.025879012,1.5258998,1.5258992,-65.548996,9.413269,50.184074
183512000,-0.002548293,0.02252332,1.5940578,1.5940565,-56.763245,18.18005,49.834705
184016000,-0.04411592,0.01876916,1.6178534,1.6178516,-47.94789,26.916874,49.525578
184520000,-0.26766214,0.016820155,1.6185719,1.6185695,-39.472523,35.609158,49.2822
185024000,-0.47628492,0.015667036,1.6186596,1.6186566,-30.671955,44.263325,49.12635
185528000,-0.64565176,0.015674653,1.602955,1.6029515,-22.230663,52.89392,49.232006
186008000,-0.78134054,0.018428195,1.5777264,1.5777223,-13.791702,61.0603,49.61838
186512000,-0.87266463,0.02197021,1.5402219,1.5402174,-5.621544,69.42677,49.86512
187016000,-0.87266463,0.023705095,1.4881749,1.4881699,2.0970917,77.22024,49.828472
187520000,-0.87266463,0.025641836,1.4187006,1.4186952,8.989494,83.926834,49.688755
188024000,-0.87266463,0.027660888,1.3352481,1.3352427,14.06041,88.985596,49.70548
188528000,-0.84429926,0.030013604,1.2471492,1.2471441,17.030327,92.07268,49.912357
189008000,-0.7354295,0.03217965,1.15413,1.1541253,18.279572,93.210594,49.909237
189512000,-0.5788601,0.033430535,1.0604067,1.0604026,17.907104,92.80623,49.713474
190016000,-0.39225847,0.0346021,0.96810234,0.968099,16.290611,91.091324,49.4762
190520000,-0.2064813,0.03653527,0.87855995,0.8785573,13.389122,88.453766,49.31654
191024000,-0.10035711,0.03821365,0.78186685,0.7818649,10.480652,85.360306,49.07163
191528000,-0.05408726,0.037410706,0.6860408,0.68603945,7.2299423,82.27101,48.71451
192008000,-0.070267566,0.03685946,0.5897068,0.589706,4.6185837,79.643715,48.46611
192512000,-0.115797095,0.03689257,0.48670924,0.48670876,2.2643661,77.41052,48.3018
193016000,-0.18431504,0.037760776,0.37846807,0.3784678,0.77555084,75.79204,48.222313
193520000,-0.25116256,0.038575,0.26454487,0.26454476,-0.29125977,74.764435,48.190483
194024000,-0.3078166,0.040324565,0.14971587,0.14971586,-0.7875519,74.23242,48.21323
194528000,-0.35479787,0.041150983,0.035072826,0.035072826,-0.7237015,74.078766,48.255627
195008000,-0.37844288,0.0421338,-0.07484874,-0.07484875,-0.9863205,74.18081,48.296368
195512000,-0.40210772,0.042989638,-0.1895789,-0.18957886,-0.7109146,74.4609,48.31119
196016000,-0.41515934,0.04342455,-0.30121502,-0.30121493,-0.37891388,74.84853,48.244015
196520000,-0.4260128,0.042911388,-0.41502678,-0.41502643,0.091171265,75.2862,48.083286
197024000,-0.43133,0.042130616,-0.5279194,-0.5279188,0.61777496,75.73011,47.863308
197528000,-0.42523718,0.042058963,-0.63764024,-0.63763916,1.0186539,76.13118,47.621834
198008000,-0.41809842,0.04210981,-0.7424417,-0.7424401,1.5658798,76.42347,47.398014
198512000,-0.39438283,0.0432129,-0.85143155,-0.85142934,1.6068954,76.587204,47.224792
199016000,-0.36914015,0.044226583,-0.9632201,-0.9632173,1.5311279,76.567635,47.13332
199520000,-0.34064704,0.04538297,-1.067766,-1.0677626,1.5495682,76.35948,47.166508
200024000,-0.31652257,0.04761845,-1.1764059,-1.176402,1.1702576,76.00018,47.284954
200528000,-0.3040501,0.10812741,-0.015815109,0.09076071,5.121344,371.8614,46.51473
201008000,-0.19342989,0.105790175,-0.03313963,0.09031748,5.6972866,364.252,44.753616
201512000,-0.0884098,0.044549868,-0.03485404,0.09034717,5.624995,356.47052,43.603382
202016000,-0.015176175,-0.013160722,-0.022415064,0.090857856,4.9044695,348.96716,42.041092
202520000,0.031246202,-0.021544546,-0.008109108,0.091345474,4.2239738,341.69104,41.23395
203024000,0.067246705,-0.017321607,0.015852913,0.092081234,3.2193608,334.51874,40.971233
203528000,0.08575284,-0.012319163,0.04048686,0.09282491,2.2147484,327.3576,41.016148
204008000,0.091461696,-0.005165397,0.06413746,0.09354664,1.250165,320.50937,41.16719
204512000,0.08108055,-0.006565,0.08168445,0.09408977,0.5296397,313.2747,41.29641
205016000,0.058506016,-0.002065888,0.0903187,0.09436039,0.17326069,306.00613,41.33707
205520000,0.03978438,0.001134008,0.09894759,0.09463401,-0.18311882,298.72507,41.266655
206024000,0.019011348,0.00369624,0.099748544,0.09465978,-0.21538162,291.4614,41.11592
206528000,0.005160048,0.006485758,0.10056447,0.09468584,-0.24764347,284.22617,40.90363
207008000,-0.002259308,0.008286658,0.10040793,0.09468079,-0.2398758,277.3742,40.672283
207512000,-0.004055496,0.007104684,0.10124657,0.09470725,-0.2721386,270.221,40.39822
208016000,-0.012617015,0.01251779,0.09302191,0.09444576,0.059744835,263.1157,40.145325
208520000,-0.008876792,0.011704851,0.09382149,0.09447117,0.027482033,256.04922,39.907963
209024000,-0.004528291,0.007538411,0.09463059,0.094496876,-0.004780769,249.02444,39.68424
209528000,-0.001388385,0.013284865,0.09443447,0.09449063,0.002986908,242.03883,39.47976
210008000,-0.000493182,0.017389566,0.09321709,0.09445195,0.05078411,235.41722,39.275284
210512000,0.002408166,0.015430879,0.094036266,0.09447796,0.018521309,228.49582,39.08622
211016000,0.003116854,0.018003266,0.09383448,0.09447153,0.026288033,221.60635,38.90808
211520000,0.004521858,0.019495863,0.09363104,0.09446502,0.034053802,214.7533,38.737625
212024000,0.00461122,0.021231283,0.093425274,0.09445843,0.041820526,207.93535,38.549614
212528000,0.004420754,0.021605974,0.093217514,0.09445176,0.04958725,201.15012,38.362183
213008000,0.00265599,0.02320411,0.091959305,0.09441154,0.09738159,194.72408,38.17665
213512000,0.002018056,0.02167578,0.09174197,0.09440454,0.10515213,188.00784,37.98648
214016000,0.000293517,0.02689585,0.09046383,0.094363615,0.15294456,181.32292,37.798832
214520000,-0.000497089,0.027747218,0.0902395,0.094356254,0.1607132,174.66846,37.632393
215024000,0.008504342,0.025256788,0.098660916,0.09462628,-0.15563583,168.044,37.495575
215528000,0.007545868,0.030738678,0.09739813,0.09458587,-0.10784149,161.45107,37.341198
216008000,0.006081512,0.029350478,0.09612432,0.09454502,-0.060043335,155.20361,37.19695
216512000,0.005071934,0.032562427,0.094840825,0.0945037,-0.012248993,148.67322,37.039818
217016000,0.012635931,0.035528395,0.1023337,0.09474561,-0.2885685,142.1693,36.884827
217520000,0.011804941,0.03084463,0.10215397,0.094740294,-0.28080177,135.69475,36.736015
218024000,0.00955219,0.033059284,0.10088029,0.094699375,-0.23300743,129.2479,36.578175
218528000,0.007192426,0.034321144,0.09959578,0.09465798,-0.18520927,122.83338,36.418156
219008000,0.003631244,0.037891682,0.097195424,0.09458023,-0.09738541,116.75457,36.26616
219512000,0.009695419,0.03916774,0.10485893,0.09482954,-0.3737049,110.39625,36.111565
220016000,0.00761494,0.039533928,0.10357569,0.0947882,-0.32591057,104.06686,35.950867
220520000,0.006041785,0.038684502,0.10228122,0.09474639,-0.27811432,97.76729,35.78867
221024000,0.003477297,0.044650346,0.09985223,0.09466734,-0.19028854,91.495255,35.620678
221528000,0.002880015,0.043871135,0.09852875,0.094624326,-0.1424923,85.24896,35.458057
222008000,0.010511787,0.045191634,0.105239645,0.094843954,-0.37878418,79.32759,35.303654
222512000,0.008364689,0.0482788,0.1027873,0.09476408,-0.2909565,73.13365,35.15204
223016000,0.007577303,0.045013275,0.10145942,0.09472092,-0.24316216,66.96948,34.99118
223520000,0.004438268,0.04790022,0.09896967,0.094639435,-0.15533829,60.82782,34.832882
224024000,0.011467418,0.047832143,0.10695886,0.0949023,-0.43165588,54.70967,34.675568
224528000,0.008260819,0.05104434,0.104465276,0.094820894,-0.34383202,48.61612,34.538662
225008000,0.005534829,0.046412624,0.10195073,0.09473854,-0.25600815,42.83225,34.40723
225512000,0.011392958,0.05205501,0.10887255,0.09496785,-0.49230194,36.783432,34.278263
226016000,0.008315402,0.05292537,0.10636346,0.09488541,-0.40447235,30.757814,34.123867
226520000,0.006046062,0.05632255,0.10383169,0.094802,-0.3166504,24.754293,33.970127
227024000,-0.012454725,0.001787699,0.09438799,0.09438799,0,18.779108,31.89576
227528000,-0.010216807,0.014999412,0.09438799,0.09438799,0,12.822986,31.844822
228008000,-0.004994372,0.028442804,0.09438799,0.09438799,0,7.1359,31.975414
228512000,-0.000120657,0.042296216,0.09438799,0.09438799,0,1.1864165,32.04329
229016000,0.012200724,0.042931087,0.09438799,0.09438799,0,3.1683497,16.175568
229520000,0.002351448,0.042931087,0.09438799,0.09438799,0,5.0069547,3.1396418
230024000,0.000181999,0.042931087,0.09438799,0.09438799,0,5.0960073,0.23958187
230528000,0.000123126,0.042931087,0.09438799,0.09438799,0,5.1023173,0.15879697
231008000,0.000108315,0.042931087,0.09438799,0.09438799,0,5.1040125,0.13895474
231512000,0.000114118,0.042931087,0.09438799,0.09438799,0,5.10396,0.14943263
232016000,0.000151958,0.042931087,0.09438799,0.09438799,0,5.10248,0.19949812
232520000,-0.008008662,0,-0.3714832,0.0671927,0.12169695,nan,0.28647888
233024000,-0.008469596,0,-0.34609324,0.0671927,0.12169695,nan,0.30296776
