timestamp,x,y,z,temperature
8080000,-0.301411,0.21761239,-9.981898,-7.21E-21
8180000,-0.25362477,0.13348049,-9.779779,12.404602
8280000,2.5476894,0.19707619,-10.004466,-7.21E-21
8380000,46.706863,0.23442869,-9.944401,-7.21E-21
8476000,37.085697,0.29332468,-9.79299,-7.21E-21
8580000,28.89439,0.15740573,-9.924607,-7.21E-21
8680000,22.951923,0.1450059,-9.880866,-7.21E-21
8776000,19.379128,-0.5210943,-10.59631,-7.21E-21
8880000,15.158555,0.15872869,-10.260792,-7.21E-21
8980000,12.110162,0.60138583,-10.310764,-7.21E-21
9080000,9.164143,0.45927182,-10.106692,-7.21E-21
9180000,6.62156,-0.37700886,-9.704099,-7.21E-21
9280000,5.007368,-0.64855325,-9.824564,-7.21E-21
9380000,3.980424,-0.06296043,-10.971988,12.404358
9480000,2.7651415,0.15882564,-13.865143,-7.21E-21
9580000,1.9739087,-0.028831786,-14.780658,-7.21E-21
9680000,1.6263379,-0.1592868,-14.063075,-7.21E-21
9780000,1.2852595,-0.33279377,-13.34436,-7.21E-21
9880000,1.1487839,-0.24110164,-13.37116,-7.21E-21
9980000,0.86327386,-0.3907827,-13.720069,12.399841
10080000,0.7972028,-0.24588497,-13.930482,-7.21E-21
10180000,0.9005531,-0.371574,-13.946848,-7.21E-21
10276000,0.825074,-0.36247042,-13.671559,-7.21E-21
10380000,0.98513967,-0.531024,-13.5087385,-7.21E-21
10480000,1.0994047,-0.44873288,-13.5245,-7.21E-21
10580000,1.1938646,-0.61902183,-13.719456,12.386871
10680000,1.1677448,-0.56173104,-13.865157,-7.21E-21
10780000,1.296231,-0.5363415,-13.916552,-7.21E-21
10880000,1.3730842,-0.68598586,-13.80916,-7.21E-21
10980000,1.4376076,-0.67968273,-14.057817,-7.21E-21
11080000,1.8080353,-0.660247,-13.958537,-7.21E-21
11180000,1.8769042,-0.651285,-13.291872,12.3654785
11280000,2.201216,-0.8796052,-12.31625,-7.21E-21
11380000,2.487632,-0.9642655,-11.6497755,-7.21E-21
11480000,2.4106047,-0.94075906,-11.171851,-7.21E-21
11580000,2.6657925,-0.9641229,-11.00394,-7.21E-21
11680000,2.8849494,-0.97682,-10.780543,-7.21E-21
11780000,-0.5358037,-0.69102323,-10.985471,12.337219
11880000,-0.9253326,-0.5880774,-11.376621,-7.21E-21
11980000,-0.11549961,-0.38622016,-11.105139,-7.21E-21
12080000,0.6544989,-0.30812958,-9.447882,-7.21E-21
12180000,1.60411,-0.5416441,-7.851062,-7.21E-21
12280000,2.2899683,-0.5067133,-6.851776,-7.21E-21
12380000,2.4515102,-0.62842375,-6.7872553,12.307831
12480000,2.5388038,-0.6516382,-7.5646663,-7.21E-21
12580000,2.6372457,-0.6037182,-7.996817,-7.21E-21
12680000,2.6090803,-0.45109323,-8.442663,-7.21E-21
12780000,2.5657337,-0.3332992,-8.653934,-7.21E-21
12884000,2.407411,-0.3154943,-8.674115,12.286774
12984000,2.2740319,-0.28941357,-8.763291,12.283051
13083999,2.2657483,-0.29109216,-8.923169,-7.21E-21
13184000,2.2010593,-0.25684023,-9.047898,-7.21E-21
13288000,2.1946099,-0.13357651,-9.199678,-7.21E-21
13388000,2.0533648,-0.012644461,-9.471524,12.267822
13488000,2.0923672,-0.06091134,-9.383312,-7.21E-21
13588000,2.0364578,0.106958814,-9.530809,-7.21E-21
13684000,2.1114202,0.023482151,-9.384772,-7.21E-21
13788000,2.0499306,0.13020293,-9.464638,-7.21E-21
13888000,2.0835037,0.1685555,-9.453354,-7.21E-21
13984000,1.926983,0.16220704,-9.653897,-7.21E-21
14088000,1.8819854,0.19612665,-9.507317,-7.21E-21
14188000,2.0193422,0.2671513,-9.441708,-7.21E-21
14288000,2.0179713,0.33114702,-9.511187,-7.21E-21
14388000,1.9542507,0.34170514,-9.414338,-7.21E-21
14488000,2.0395238,0.45308515,-9.50136,-7.21E-21
14588000,2.015528,0.32899755,-9.349529,12.226074
14688000,1.9764141,0.448932,-9.517468,-7.21E-21
14784000,2.0524447,0.416243,-9.47579,-7.21E-21
14884000,1.9646842,0.48062167,-9.609675,-7.21E-21
14988000,2.0110483,0.37545034,-9.608957,-7.21E-21
15088000,1.9181557,0.43683732,-9.616415,-7.21E-21
15184000,1.9790612,0.43865865,-9.480261,-7.21E-21
15288000,2.0899372,0.36489505,-9.5886,-7.21E-21
15388000,1.9443811,0.3087248,-9.5433,-7.21E-21
15488000,1.9434212,0.3640514,-9.525505,-7.21E-21
15588000,1.9412565,0.4963216,-9.602959,-7.21E-21
15688000,1.9345524,0.49218065,-9.473692,-7.21E-21
15788000,1.9696294,0.47337484,-9.503693,12.186401
15888000,1.9920232,0.512515,-9.61796,12.183289
15988000,2.0697827,0.3750513,-9.457959,-7.21E-21
16088000,1.9629793,0.48682415,-9.392912,-7.21E-21
16184000,2.0290885,0.40267295,-9.518792,-7.21E-21
16288000,2.065469,0.37541512,-9.5379925,-7.21E-21
16384000,1.9250796,0.41004908,-9.485801,-7.21E-21
16488000,1.9582038,0.40165666,-9.392709,-7.21E-21
16588000,1.9345002,0.40778774,-9.462931,-7.21E-21
16688000,2.024746,0.4385108,-9.511625,-7.21E-21
16788000,2.0227637,0.4616773,-9.5600605,-7.21E-21
16888000,2.031542,0.34494528,-9.364098,-7.21E-21
16988000,1.9907732,0.46330285,-9.354151,12.148224
17088000,2.0746567,0.3880317,-9.445392,-7.21E-21
17188000,2.0253186,0.4604288,-9.391163,-7.21E-21
17288000,1.8423032,0.3670089,-9.513026,-7.21E-21
17388000,1.9422837,0.24767251,-9.553451,-7.21E-21
17488000,1.9769758,0.44072253,-9.525678,-7.21E-21
17584000,1.9751443,0.28149518,-9.435588,-7.21E-21
17688000,1.8938262,0.35231426,-9.473736,-7.21E-21
17784000,2.0082731,0.2869784,-9.416776,-7.21E-21
17888000,1.9297348,0.27448368,-9.56353,-7.21E-21
17988000,1.9765539,0.3327956,-9.586356,-7.21E-21
18088000,2.0263097,0.26812375,-9.546119,-7.21E-21
18188000,1.9962838,0.34508684,-9.670487,12.111847
18288000,1.8879747,0.24902779,-9.661512,-7.21E-21
18384000,1.8936065,0.29825887,-9.590994,12.10614
18488000,1.9533958,0.29241702,-9.653671,-7.21E-21
18588000,2.0394638,0.159285,-9.644015,-7.21E-21
18688000,1.9623466,0.37589216,-9.592271,-7.21E-21
18788000,2.0297086,0.25000885,-9.583276,12.094116
18888000,2.0311863,0.28330773,-9.786797,12.091278
18988000,1.9710648,0.30150497,-9.704259,-7.21E-21
19088000,1.8745097,0.31407687,-9.679345,-7.21E-21
19188000,2.0414882,0.42132974,-9.595386,-7.21E-21
19288000,2.0314279,0.2801874,-9.5683975,-7.21E-21
19388000,1.8168069,0.32318908,-9.567717,12.076508
19488000,1.9193387,0.135438,-9.645397,-7.21E-21
19588000,1.9823803,0.28422806,-9.623265,-7.21E-21
19688000,1.9275283,0.21416563,-9.7157,-7.21E-21
19788000,1.8397291,0.14196259,-9.691668,-7.21E-21
19888000,0.49878287,0.31043556,-9.290814,-7.21E-21
19988000,-0.14186434,0.20502204,-8.761921,12.059082
20088000,-0.52626425,0.2752981,-7.994364,-7.21E-21
20188000,-0.60989845,0.17110673,-7.5072775,-7.21E-21
20284000,-0.7294943,0.09960107,-6.751083,-7.21E-21
20388000,-0.7517516,0.108698726,-6.224589,-7.21E-21
20488000,-1.0372765,0.06988516,-6.1649256,-7.21E-21
20588000,-1.0401464,0.20955594,-6.1806793,12.045258
20688000,-1.1278425,0.25803056,-6.504398,-7.21E-21
20788000,-1.0349631,0.21371968,-6.658384,-7.21E-21
20884000,-1.0681978,0.21251577,-6.6761823,-7.21E-21
20988000,-1.0891844,0.29085627,-6.705505,-7.21E-21
21088000,1.8124317,0.16943884,-6.8180995,-7.21E-21
21188000,3.3707209,0.39416283,-7.772733,12.039703
21288000,3.9957092,0.41939202,-9.105843,-7.21E-21
21388000,4.0813518,0.25307843,-10.8805065,-7.21E-21
21488000,3.887215,0.4739159,-12.015558,-7.21E-21
21588000,3.5731564,0.50065696,-12.886528,-7.21E-21
21688000,3.1657608,0.34248534,-13.137825,-7.21E-21
21788000,2.7118273,0.5359859,-13.151407,12.036926
21888000,2.3414447,0.5938879,-13.217952,-7.21E-21
21988000,2.1494005,0.49503088,-13.342923,-7.21E-21
22088000,1.9945555,0.56014925,-13.56415,-7.21E-21
22188000,1.781179,0.5269851,-13.724542,-7.21E-21
22288000,1.8145258,0.5452723,-13.769396,-7.21E-21
22388000,1.6586475,0.61873555,-13.9983635,12.029236
22488000,1.7002207,0.7022506,-13.926187,-7.21E-21
22588000,1.8694512,0.6220797,-14.1408205,-7.21E-21
22688000,1.6198028,0.5684095,-14.374991,-7.21E-21
22788000,1.7254863,0.37374055,-14.513088,-7.21E-21
22888000,1.76838,0.22875874,-14.7090025,-7.21E-21
22988000,1.776205,0.17146079,-14.939796,-7.21E-21
23088000,1.7245115,0.10920591,-15.233182,-7.21E-21
23184000,2.0494623,-0.034765255,-15.477505,-7.21E-21
23288000,2.009891,-0.25561288,-15.45293,-7.21E-21
23388000,2.1286914,-0.45530322,-15.908066,-7.21E-21
23484000,2.2095861,-0.6454656,-15.831528,-7.21E-21
23588000,2.5306227,-0.72339326,-15.656721,12.00473
23688000,2.4370584,-0.978592,-15.747542,-7.21E-21
23784000,2.4094949,-1.0073475,-15.374288,-7.21E-21
23888000,2.4894452,-1.1550715,-15.255588,-7.21E-21
23988000,2.5568686,-1.0458629,-14.760603,-7.21E-21
24088000,2.5908778,-1.0141983,-14.374209,-7.21E-21
24188000,2.6416082,-0.941768,-13.922895,11.988892
24288000,2.40693,-0.87626874,-13.382327,-7.21E-21
24388000,2.4954963,-0.8418588,-13.032501,-7.21E-21
24484000,2.4418356,-0.6837278,-12.761684,-7.21E-21
24588000,2.446141,-0.49562773,-12.3056345,-7.21E-21
24688000,2.385675,-0.42411992,-11.891517,-7.21E-21
24788000,2.2893946,-0.251296,-11.556058,11.971588
24888000,2.126389,-0.17136829,-11.369713,-7.21E-21
24984000,2.2029889,-0.06312935,-11.149552,-7.21E-21
25088000,2.1896486,0.123939134,-10.9487505,-7.21E-21
25188000,2.0967019,0.11792097,-10.889805,-7.21E-21
25288000,2.1052923,0.16912611,-10.7139,-7.21E-21
25388000,2.1110175,0.45940945,-10.486684,-7.21E-21
25488000,2.013452,0.28212586,-10.448855,-7.21E-21
25588000,2.0964088,0.40855208,-10.498352,-7.21E-21
25688000,2.0409927,0.22233966,-10.428468,-7.21E-21
25784000,2.1879756,0.4476281,-10.355186,-7.21E-21
25888000,2.096368,0.52413726,-10.257455,-7.21E-21
25988000,2.1605642,0.49598417,-10.215977,11.933136
26088000,2.1070228,0.60526407,-10.204732,-7.21E-21
26188000,2.1345153,0.62869465,-10.073492,-7.21E-21
26288000,2.1901836,0.59969246,-10.009404,-7.21E-21
26388000,2.1415288,0.7381786,-10.034954,-7.21E-21
26488000,2.2826202,0.57649523,-9.794646,-7.21E-21
26588000,2.2853637,0.5889282,-9.789738,11.911896
26688000,2.3880167,0.587259,-9.766131,-7.21E-21
26788000,2.3561049,0.57609135,-9.605891,-7.21E-21
26888000,2.36783,0.60626096,-9.519638,-7.21E-21
26988000,2.4563925,0.47342727,-9.525589,-7.21E-21
27088000,2.4926593,0.4620885,-9.424476,-7.21E-21
27188000,2.2648284,0.49906203,-9.502191,-7.21E-21
27288000,2.3025706,0.5842675,-9.39329,-7.21E-21
27388000,2.3584883,0.3461996,-9.299811,-7.21E-21
27488000,2.4416575,0.3296072,-9.200071,-7.21E-21
27588000,2.2370496,0.30997425,-9.105849,-7.21E-21
27688000,2.3960028,0.4360121,-9.10554,-7.21E-21
27788000,2.3677132,0.32261473,-9.168229,11.869019
27888000,2.335327,0.39486986,-9.182538,-7.21E-21
27988000,2.3765774,0.29926777,-9.326747,-7.21E-21
28088000,2.3841999,0.3828229,-9.362942,-7.21E-21
28188000,2.4406214,0.3955742,-9.369572,-7.21E-21
28288000,2.3614824,0.30264238,-9.584096,-7.21E-21
28388000,2.4750702,0.28214264,-9.840199,11.848846
28488000,2.4030623,0.44517875,-9.94583,-7.21E-21
28588000,2.3235059,0.49922296,-10.127595,-7.21E-21
28688000,2.3177977,0.26073462,-10.24214,-7.21E-21
28792000,2.3947515,0.33612132,-10.429275,-7.21E-21
28892000,2.2639983,0.39393154,-10.679983,11.832794
28996000,2.210366,0.3880224,-10.892612,-7.21E-21
29096000,2.3765206,0.49848592,-11.120101,-7.21E-21
29200000,2.2335029,0.45806128,-11.291954,-7.21E-21
29304000,2.1918123,0.560886,-11.686889,-7.21E-21
29404000,2.1273756,0.4451175,-11.51737,-7.21E-21
29508000,2.1631174,0.43436816,-10.919018,-7.21E-21
29612000,1.9172798,0.4652734,-10.503776,-7.21E-21
29712000,2.0918574,0.5312436,-10.151236,-7.21E-21
29816000,1.8315567,0.5114776,-10.883018,-7.21E-21
29920000,1.9368004,0.55338013,-11.48164,-7.21E-21
30020000,1.8575778,0.5442708,-11.567778,11.798737
30124000,2.093729,0.6577142,-11.111362,-7.21E-21
30228000,2.032679,0.65578353,-10.562572,-7.21E-21
30328000,2.274558,0.891416,-10.758123,-7.21E-21
30424000,2.2884836,0.7774752,-11.013601,-7.21E-21
30528000,2.4270072,0.82879853,-11.570426,-7.21E-21
30624000,2.6246982,0.8539577,-12.224814,-7.21E-21
30728000,2.6677625,0.7697807,-12.828692,-7.21E-21
30828000,2.9674182,0.7386743,-13.443321,-7.21E-21
30928000,3.0442467,0.8341314,-14.04393,-7.21E-21
31028000,2.4634442,0.88427985,-14.239243,11.764099
31128000,1.045919,0.72474295,-13.983438,-7.21E-21
31228000,0.21197411,0.6114257,-13.117558,-7.21E-21
31328000,-0.003695411,0.5580573,-12.245924,-7.21E-21
31428000,-0.09629736,0.43982786,-11.3947525,-7.21E-21
31528000,-0.21452431,0.27240676,-10.628014,-7.21E-21
31628000,-0.16258655,0.28672063,-10.118781,-7.21E-21
31728000,0.071718276,0.34371182,-9.7116165,-7.21E-21
31828000,0.08001876,0.24253447,-9.745965,-7.21E-21
31928000,0.18289313,0.11625708,-9.676238,-7.21E-21
32024000,0.31124696,0.15000437,-9.70218,-7.21E-21
32128000,0.31037447,0.1221837,-9.722502,-7.21E-21
32228000,0.35938337,0.035673108,-9.666717,11.731689
32328000,0.42759115,-0.018100435,-9.690942,-7.21E-21
32428000,0.35241628,0.08799163,-9.777547,-7.21E-21
32528000,0.439852,-0.14788765,-9.814512,-7.21E-21
32628000,0.30805993,0.012247709,-10.0720415,-7.21E-21
32728000,0.4060244,0.008581481,-10.237583,-7.21E-21
32828000,0.41092992,-0.059592888,-10.453585,11.727264
32928000,0.20680909,-0.03953087,-10.785343,-7.21E-21
33028000,0.23142445,-0.0902075,-11.11501,-7.21E-21
33128000,0.20871697,0.0818815,-11.411289,-7.21E-21
33228000,0.17782684,0.09661146,-11.71653,-7.21E-21
33328000,0.2266228,0.11132938,-12.069928,-7.21E-21
33428000,0.2704947,0.13112958,-12.441121,11.729187
33528000,0.16240174,0.25186583,-12.722461,11.729919
33624000,0.17179248,0.22045459,-12.84074,-7.21E-21
33728000,0.114092916,0.32009116,-13.006128,-7.21E-21
33828000,0.20695224,0.26557657,-13.146585,-7.21E-21
33928000,0.17749402,0.3416843,-13.158493,-7.21E-21
34028000,0.11539351,0.31709534,-12.992493,11.734772
34128000,0.22668488,0.33659032,-12.949563,-7.21E-21
34228000,0.023191882,0.2984852,-12.822291,-7.21E-21
34328000,0.049832687,0.2808096,-12.767084,-7.21E-21
34428000,-0.009197258,0.22703557,-12.57389,-7.21E-21
34528000,-0.10104997,0.16553567,-12.30773,-7.21E-21
34624000,0.0056606,0.215698,-12.133949,-7.21E-21
34728000,-0.046720423,0.08588009,-12.105574,-7.21E-21
34828000,-0.21351159,0.077104904,-11.750469,-7.21E-21
34924000,-0.21995126,0.10323753,-11.751932,-7.21E-21
35028000,-0.20089479,-0.107768685,-11.490085,-7.21E-21
35128000,-0.3278424,-0.058883585,-11.419011,-7.21E-21
35228000,-0.26023436,-0.027442247,-11.25395,11.748901
35328000,-0.40896153,-0.07178624,-11.290479,-7.21E-21
35424000,-0.34409997,-0.089872874,-11.099065,-7.21E-21
35528000,-0.4497858,-0.1034998,-11.057088,-7.21E-21
35628000,-0.40457532,-0.119235575,-11.012203,-7.21E-21
35728000,-0.5168724,-0.044439364,-11.070957,-7.21E-21
35828000,-0.49473864,-0.2460232,-11.153229,11.754608
35924000,-0.51625615,-0.011240575,-11.165538,11.75531
36028000,-0.50742096,0.04797652,-11.014199,-7.21E-21
36128000,-0.41495928,-0.07433338,-11.026803,-7.21E-21
36224000,-0.42177716,-0.09392826,-10.71932,-7.21E-21
36328000,-0.47239852,-0.20211257,-10.631318,-7.21E-21
36428000,-0.38711417,-0.057506427,-10.609162,11.757935
36528000,-0.3511138,0.009706095,-10.609164,-7.21E-21
36628000,-0.3630646,-0.016531065,-10.528734,-7.21E-21
36728000,-0.23152621,-0.11356062,-10.331634,-7.21E-21
36824000,-0.25180927,-0.052345023,-10.455211,-7.21E-21
36928000,-0.12737158,-0.020618374,-10.280076,-7.21E-21
37028000,-0.21878968,-0.11816162,-10.297179,11.759552
37128000,-0.13832,0.02709235,-10.335893,-7.21E-21
37228000,-0.06273622,0.008222224,-10.335511,-7.21E-21
37324000,-0.08099835,0.022718556,-10.281375,-7.21E-21
37428000,-0.1539987,-0.057366908,-10.143783,-7.21E-21
37528000,-0.12513506,-0.08386715,-10.343051,-7.21E-21
37628000,-0.12817514,-0.051560704,-10.296977,11.760223
37728000,-0.15234014,-0.029438533,-10.209347,-7.21E-21
37824000,-0.005305135,0.117281504,-10.210486,-7.21E-21
37924000,-0.002339033,0.025784275,-10.229024,-7.21E-21
38028000,-0.07410829,-0.029502189,-10.209288,-7.21E-21
38128000,-0.09833312,0.029261578,-10.152117,-7.21E-21
38228000,-0.08540328,-0.003884691,-10.226349,11.760315
38328000,-0.0660387,0.0984075,-10.183199,-7.21E-21
38428000,-0.1410385,0.08204625,-10.034745,-7.21E-21
38528000,-0.000200283,0.05800773,-10.095128,-7.21E-21
38628000,-0.08840293,0.14092092,-10.084885,-7.21E-21
38728000,-0.13353692,0.24535868,-10.095032,-7.21E-21
38824000,-0.08790786,0.10565235,-9.997306,-7.21E-21
38928000,-0.109308824,0.051051944,-10.035449,-7.21E-21
39028000,-0.017493688,0.111398384,-9.941978,-7.21E-21
39128000,-0.053183507,0.06517287,-9.988557,-7.21E-21
39228000,-0.061367497,0.1436962,-9.9098215,-7.21E-21
39324000,-0.11806301,0.20536642,-9.799385,-7.21E-21
39428000,0.026666222,0.1209724,-10.052708,11.759796
39528000,-0.021403728,0.04459718,-9.955873,-7.21E-21
39628000,0.020731835,0.1435125,-9.855738,-7.21E-21
39728000,-0.059878875,0.16541345,-9.91713,-7.21E-21
39828000,-0.004147727,0.27308774,-9.971259,-7.21E-21
39928000,-0.051923662,0.24539933,-9.897091,-7.21E-21
40028000,0.015369737,0.1393084,-9.925298,11.759338
40128000,-0.024078764,0.13571246,-9.846135,-7.21E-21
40228000,0.030365013,0.21705978,-9.862022,-7.21E-21
40328000,0.08106098,0.16404381,-9.9431715,-7.21E-21
40428000,0.041381154,0.21963125,-9.822827,-7.21E-21
40528000,0.04395799,0.22795801,-9.791058,-7.21E-21
40628000,-0.16412628,0.29111153,-9.832525,11.75885
40728000,0.00503912,0.20136923,-9.826578,-7.21E-21
40828000,0.048455887,0.23335576,-9.802631,-7.21E-21
40928000,0.05516965,0.21184865,-9.933683,-7.21E-21
41028000,-0.03222382,0.15298289,-9.753455,-7.21E-21
41128000,-0.056820165,0.2611514,-9.843377,-7.21E-21
41228000,0.1029368,0.14959788,-9.694579,11.758362
41328000,-0.026149021,0.21204054,-9.857207,-7.21E-21
41424000,-0.00280036,0.23456094,-9.801862,-7.21E-21
41524000,0.09232696,0.22898585,-9.833981,-7.21E-21
41628000,-0.016278304,0.16842781,-9.862234,-7.21E-21
41728000,0.09018552,0.2201546,-9.780922,-7.21E-21
41828000,0.009414006,0.31281206,-9.742308,11.757965
41928000,-0.10496546,0.18776372,-9.817204,-7.21E-21
42024000,-0.12614454,0.14953582,-9.95504,-7.21E-21
42124000,-0.11279019,0.16557842,-9.793212,-7.21E-21
42224000,-0.09701084,0.20318992,-9.79704,-7.21E-21
42328000,0.05820276,0.18242803,-9.86448,-7.21E-21
42428000,-0.01914708,-0.010222352,-9.805076,11.757599
42524000,-0.024826577,0.3189585,-9.899627,11.757568
42628000,0.08162904,0.2333195,-9.673991,-7.21E-21
42728000,-0.003672134,0.20259963,-9.659306,-7.21E-21
42828000,-0.071811385,0.22079723,-9.800649,-7.21E-21
42928000,-0.048230473,0.01827439,-9.795546,-7.21E-21
43028000,0.023530386,0.14004886,-9.884477,11.757324
43128000,-0.032111622,0.13235365,-9.897881,-7.21E-21
43228000,-0.08762113,0.15196526,-9.822432,-7.21E-21
43328000,0.07754677,0.06066109,-9.816146,-7.21E-21
43424000,-0.01672338,0.23442388,-9.876668,-7.21E-21
43528000,-0.026107868,0.1463111,-9.971115,-7.21E-21
43628000,0.06332686,0.22281727,-9.89599,11.75708
43728000,0.057749294,0.20576142,-9.885602,-7.21E-21
43828000,0.028354848,0.13220395,-9.761868,-7.21E-21
43928000,0.12222753,0.19270663,-9.955211,-7.21E-21
44028000,0.056823246,0.20916702,-9.838775,-7.21E-21
44128000,0.025853006,0.17844835,-9.868898,-7.21E-21
44228000,0.044553667,0.09570588,-9.8478565,11.756897
44324000,0.030347252,0.22353484,-9.833646,11.756866
44428000,-0.0768333,0.14912267,-9.80263,-7.21E-21
44528000,0.08610574,0.08112027,-9.935256,-7.21E-21
44628000,0.053090278,0.12147836,-9.908546,-7.21E-21
44728000,-0.07693906,0.13616042,-9.889341,-7.21E-21
44828000,-0.08719404,0.14727113,-9.901642,11.756744
44924000,-0.025775937,0.15670675,-9.764293,11.756714
45024000,0.07017917,0.20935072,-9.806663,-7.21E-21
45128000,0.028823951,0.077310726,-9.811377,-7.21E-21
45228000,0.11910599,0.3168474,-9.826033,-7.21E-21
45328000,-0.001413695,0.317545,-9.889601,-7.21E-21
45428000,0.06146039,0.21614973,-9.881781,11.756592
45528000,0.05784526,0.09276048,-9.857917,-7.21E-21
45628000,0.035740186,0.21481703,-9.741259,-7.21E-21
45728000,0.007139053,0.1621433,-9.925,-7.21E-21
45828000,0.09442501,0.20483221,-9.934202,-7.21E-21
45928000,0.06532356,0.1454758,-9.8518505,-7.21E-21
46028000,0.034396917,0.23055819,-9.845218,11.756409
46128000,0.07044079,0.09807088,-9.827068,-7.21E-21
46228000,-0.025103657,0.27763188,-9.8376255,-7.21E-21
46324000,-0.038913466,0.19986473,-9.665547,-7.21E-21
46428000,0.11279912,0.21492356,-9.844763,-7.21E-21
46528000,0.048174296,0.23378564,-10.013681,-7.21E-21
46628000,0.14041413,0.1935661,-9.747755,11.756226
46728000,0.056763522,0.20490535,-9.858699,-7.21E-21
46828000,0.04984897,0.17528379,-9.790885,-7.21E-21
46928000,-0.011310881,0.13883418,-9.938489,-7.21E-21
47028000,-0.018004974,0.14307365,-9.853044,-7.21E-21
47128000,-0.115185015,0.03621627,-9.851495,-7.21E-21
47228000,0.06927958,0.18241037,-9.910038,11.7560425
47324000,0.13234136,0.098223396,-9.736082,11.756012
47428000,-3.05E-05,0.27917004,-9.804626,-7.21E-21
47528000,-0.64532197,0.16998376,-9.850398,-7.21E-21
47628000,-1.3924477,0.080618,-9.523836,-7.21E-21
47728000,-0.7649797,0.10151894,-8.807677,-7.21E-21
47828000,6.0249887,0.19191784,-8.516986,11.755951
47928000,5.3692527,0.15088521,-9.723214,-7.21E-21
48028000,3.9862788,0.005720847,-11.440342,-7.21E-21
48128000,2.9995427,-0.13469946,-12.541079,-7.21E-21
48228000,2.231336,-0.1035181,-12.546224,-7.21E-21
48328000,1.747917,-0.06273714,-12.224765,-7.21E-21
48428000,1.4355966,-0.14209121,-12.046167,11.755585
48528000,1.072347,-0.10513838,-12.353455,-7.21E-21
48628000,0.98863626,-0.15441169,-12.763722,-7.21E-21
48728000,0.94600976,-0.35236615,-13.049222,-7.21E-21
48828000,0.94962794,-0.27280217,-13.18459,-7.21E-21
48928000,0.5306045,-0.20816846,-13.050155,-7.21E-21
49028000,-0.11397152,-0.13756016,-13.03555,11.752563
49128000,-0.8191894,-0.11610178,-12.899619,-7.21E-21
49224000,-1.1112435,-0.11072351,-12.954943,-7.21E-21
49328000,-1.3877105,0.05684616,-12.818145,-7.21E-21
49428000,-1.4756547,0.054224722,-12.900875,-7.21E-21
49528000,-1.3766325,0.02113617,-12.825587,-7.21E-21
49628000,-0.7912134,-0.025765212,-12.318561,11.749542
49728000,-1.4529335,0.16771731,-11.985206,-7.21E-21
49828000,-1.5154948,0.11736838,-11.51208,-7.21E-21
49928000,-1.5625591,-0.016668797,-11.012786,-7.21E-21
50028000,-1.4825938,0.18675075,-10.626601,-7.21E-21
50128000,-1.4437591,0.13439976,-10.316284,-7.21E-21
50228000,-1.4700179,0.08879157,-10.27783,11.749115
50328000,-1.4271164,0.18867296,-9.963555,-7.21E-21
50428000,-1.4858413,0.17518257,-9.724465,-7.21E-21
50528000,-1.4022914,0.19888556,-9.552727,-7.21E-21
50628000,-0.5999397,0.16927458,-9.548838,-7.21E-21
50728000,-1.4116532,0.16322471,-9.807753,-7.21E-21
50824000,-1.349954,0.2610375,-9.984592,-7.21E-21
50928000,-1.2366678,0.108289026,-9.330368,-7.21E-21
51024000,-1.4698695,0.2851099,-9.000024,-7.21E-21
51128000,-1.3171313,0.27874482,-8.984135,-7.21E-21
51228000,-1.4752275,0.13399811,-9.11219,-7.21E-21
51328000,-1.3131857,0.12345023,-9.3607855,-7.21E-21
51428000,-1.433436,0.21833204,-9.458325,11.762085
51528000,-1.3792117,0.16111657,-9.529506,-7.21E-21
51628000,-1.4280424,0.2813875,-9.579249,-7.21E-21
51728000,-1.3765227,0.20269214,-10.028607,-7.21E-21
51828000,-1.3043908,0.32657084,-10.324134,-7.21E-21
51928000,-1.4942793,0.11694429,-9.941223,-7.21E-21
52028000,-1.4499351,0.2144448,-9.390994,11.774078
52128000,-1.4261692,0.042492434,-9.422679,-7.21E-21
52228000,-1.4572343,0.14025894,-9.69668,-7.21E-21
52328000,-1.49222,0.15721524,-9.876736,-7.21E-21
52428000,-1.4550589,0.16635534,-10.242617,-7.21E-21
52528000,-1.6019633,0.13342592,-10.104246,-7.21E-21
52628000,-1.4888754,0.17493223,-10.115385,11.787506
52728000,-1.5304658,0.32687312,-10.454504,-7.21E-21
52828000,-1.6186466,0.21713774,-11.056304,-7.21E-21
52928000,-1.4310288,0.15760565,-10.624621,-7.21E-21
53028000,-1.5224755,0.1527765,-9.665952,-7.21E-21
53128000,-1.5875092,0.116325326,-9.14924,-7.21E-21
53228000,-1.5120056,0.18742381,-9.569005,11.800476
53328000,-1.4089682,0.21580178,-9.949646,-7.21E-21
53428000,-1.4927241,0.09000752,-10.2287245,-7.21E-21
53528000,-1.4973891,0.23389323,-10.272204,-7.21E-21
53628000,-1.5343704,0.14607902,-10.190811,-7.21E-21
53728000,-1.6354326,0.23197067,-10.020185,-7.21E-21
53828000,-1.4794044,0.19931342,-10.183773,11.813019
53928000,-1.526944,0.11338959,-9.937516,-7.21E-21
54028000,-1.4552113,0.1592132,-10.044315,-7.21E-21
54128000,-1.4671278,0.14713907,-10.091391,-7.21E-21
54228000,-1.4661766,0.062948264,-10.09037,-7.21E-21
54328000,-1.5203358,0.017009024,-10.06034,-7.21E-21
54428000,-1.5409044,0.09690846,-9.980294,11.8246155
54528000,-1.5399058,0.27015948,-9.9170885,-7.21E-21
54628000,-1.5469838,0.23152219,-9.968428,-7.21E-21
54728000,-1.4148059,0.15920542,-10.255618,-7.21E-21
54824000,-1.5465045,0.1633409,-10.993855,-7.21E-21
54928000,-1.5140129,0.19316985,-10.768496,-7.21E-21
55028000,-1.6431875,0.06089548,-9.64639,11.835327
55128000,-1.5795707,0.1327737,-8.810541,-7.21E-21
55228000,-1.4893849,0.13352354,-8.802669,-7.21E-21
55328000,-1.518793,0.17181604,-9.219046,-7.21E-21
55428000,-1.5361089,0.15789193,-9.6921625,-7.21E-21
55528000,-1.6405537,0.089164674,-9.87992,-7.21E-21
55624000,-1.6429065,0.1894117,-9.808373,-7.21E-21
55728000,-1.4986068,0.21098678,-9.905801,-7.21E-21
55828000,-1.6159644,0.21013959,-10.624484,-7.21E-21
55928000,-1.5778236,0.040100165,-10.654243,-7.21E-21
56028000,-1.4599384,0.15649725,-9.638703,-7.21E-21
56128000,-1.4823723,0.13836478,-8.781762,-7.21E-21
56228000,-1.463903,0.25089774,-8.516462,11.856628
56328000,-1.6843216,0.14073929,-9.13223,-7.21E-21
56428000,-1.6294522,0.17109646,-9.666014,-7.21E-21
56528000,-1.507929,0.24419011,-9.89121,-7.21E-21
56628000,-1.6211283,0.11624211,-9.849882,-7.21E-21
56728000,-1.720132,0.050101988,-9.811955,-7.21E-21
56828000,-1.5050045,0.15730876,-10.732314,11.867889
56928000,-1.4980996,0.16931017,-10.83133,-7.21E-21
57028000,-1.6515079,0.15461197,-9.98599,-7.21E-21
57128000,-1.5861018,0.17022735,-8.905137,-7.21E-21
57228000,-1.6419553,0.19060032,-8.363896,-7.21E-21
57328000,-1.5886968,0.1807779,-8.752553,-7.21E-21
57428000,-1.5079116,0.11975719,-9.450151,11.878754
57528000,-1.4721959,0.21425425,-9.82581,-7.21E-21
57628000,-1.6411809,-0.010892715,-10.088956,-7.21E-21
57728000,-1.599478,0.14430687,-10.08327,-7.21E-21
57828000,-1.7135947,0.13336368,-10.669988,-7.21E-21
57928000,-1.5177886,0.110565946,-11.141253,-7.21E-21
58028000,-1.6258494,0.16074868,-10.233118,11.890137
58128000,-1.59191,0.06813715,-9.1833935,-7.21E-21
58228000,-1.4306997,0.13497058,-8.531587,-7.21E-21
58328000,-1.5272434,0.08759027,-8.421501,-7.21E-21
58428000,-1.5741072,0.21504685,-8.98261,-7.21E-21
58528000,-1.6006233,0.077021316,-9.589071,-7.21E-21
58628000,-1.5568775,0.094949245,-9.704333,11.901398
58728000,-1.4968562,0.13591066,-10.05916,-7.21E-21
58828000,-1.5920637,0.14007214,-10.465229,-7.21E-21
58928000,-1.6451333,0.12562841,-11.126357,-7.21E-21
59028000,-1.5844545,0.09230028,-10.537046,-7.21E-21
59128000,-1.5773433,0.15464671,-9.479122,-7.21E-21
59228000,-1.4796414,0.13764961,-8.495269,11.912598
59324000,-1.5068868,0.18692355,-8.320678,11.914398
59428000,-1.465619,0.17173107,-8.747187,-7.21E-21
59528000,-1.5798259,-0.012120706,-9.240765,-7.21E-21
59628000,-1.5770683,0.13249163,-9.717033,-7.21E-21
59728000,-1.6246324,0.17411283,-9.952612,-7.21E-21
59828000,-1.6456645,0.24979405,-10.554537,11.92453
59928000,-1.7166282,0.20537347,-11.205216,-7.21E-21
60024000,-1.7050998,0.22481872,-10.642906,-7.21E-21
60128000,-1.6274667,0.12650357,-9.531013,-7.21E-21
60228000,-1.634153,0.13027665,-8.620115,-7.21E-21
60328000,-1.4771678,0.16941689,-8.410632,-7.21E-21
60424000,-1.5587298,0.20175685,-8.569874,-7.21E-21
60528000,-1.5939206,0.102245316,-9.294497,-7.21E-21
60628000,-1.6030974,0.122947134,-9.613238,-7.21E-21
60728000,-1.6620778,0.13159215,-9.972536,-7.21E-21
60832000,-1.7299944,0.16277942,-10.460117,-7.21E-21
60936000,-1.6428814,0.1705054,-11.172226,-7.21E-21
61040000,-1.7439301,0.14383055,-10.483493,-7.21E-21
61144000,-1.6276735,0.036057543,-9.41195,-7.21E-21
61244000,-1.5792317,0.2810322,-8.785157,11.952087
61344000,-1.6032387,0.22730036,-8.542614,-7.21E-21
61443999,-1.4853846,0.10997104,-8.562963,-7.21E-21
61547999,-1.626971,0.14362027,-9.270213,-7.21E-21
61656000,-1.6787194,0.1344295,-9.538501,-7.21E-21
61760000,-1.6919316,0.16259621,-10.077025,-7.21E-21
61860000,-1.7867949,0.15449727,-10.757247,-7.21E-21
61960000,-1.6644895,0.2609886,-11.385821,-7.21E-21
62064000,-1.655418,0.09007978,-10.469188,-7.21E-21
62168000,-1.5936512,0.15395544,-9.350518,-7.21E-21
62272000,-1.6031994,0.0361232,-8.768375,-7.21E-21
62372000,-1.6551385,0.19480829,-8.564487,11.97464
62472000,-1.6977903,0.045098413,-8.712694,-7.21E-21
62576000,-1.8307096,0.18000202,-9.16339,-7.21E-21
62680000,-1.6440278,0.16079095,-9.596799,-7.21E-21
62779999,-1.6709317,0.13025859,-9.943773,11.983215
62888000,-1.7175908,0.1372433,-10.856992,-7.21E-21
62988000,-1.7928866,0.06882261,-11.1271,-7.21E-21
63083999,-1.7373567,0.2479119,-10.403159,-7.21E-21
63192000,-1.6358618,0.14899293,-9.26863,-7.21E-21
63296000,-1.664968,0.105526306,-8.7002,-7.21E-21
63400000,-1.5866416,0.248833,-8.615601,-7.21E-21
63500000,-1.7325486,0.11634557,-8.894505,11.997681
63600000,-1.7307703,0.15118021,-9.351431,-7.21E-21
63704000,-1.6935176,0.098607555,-9.855467,-7.21E-21
63803999,-1.7086093,0.002071423,-10.087447,-7.21E-21
63904000,-1.7100266,0.2042227,-11.04344,-7.21E-21
64004000,-1.7259432,0.11700093,-11.259233,12.008362
64104000,-1.632042,0.17397581,-10.247084,-7.21E-21
64204000,-1.667418,0.13552749,-9.2102165,-7.21E-21
64304000,-1.5220495,0.2089833,-8.576394,-7.21E-21
64404000,-1.6418012,0.22363327,-8.868784,-7.21E-21
64504000,-1.7378113,0.18534014,-9.903647,-7.21E-21
64604000,-1.7443081,0.19248736,-11.104514,12.020325
64704000,-1.8179942,0.10015862,-11.831667,-7.21E-21
64804000,-1.7435801,0.15215495,-12.35003,-7.21E-21
64904000,-1.7248988,0.001706708,-12.338777,-7.21E-21
65004000,-1.5497936,0.0831596,-12.226102,-7.21E-21
65104000,-1.3925378,0.001632766,-12.024155,-7.21E-21
65204000,-1.1431501,-0.059312813,-12.05362,12.029968
65304000,-1.006888,-0.082315594,-12.07965,-7.21E-21
65404000,-0.8291681,-0.03569246,-12.103834,-7.21E-21
65504000,-0.7432339,-0.108094215,-12.088922,-7.21E-21
65604000,-0.6192655,-0.18300669,-11.977445,-7.21E-21
65704000,-0.6756789,-0.19291484,-12.010746,-7.21E-21
65804000,-0.47588238,-0.280066,-11.934172,12.036133
65904000,-0.49622735,-0.1939401,-11.761295,-7.21E-21
66004000,-0.62067395,-0.18564868,-11.598145,-7.21E-21
66104000,-0.57215637,-0.24211363,-11.466306,-7.21E-21
66204000,-0.6709692,-0.16982761,-11.25415,-7.21E-21
66304000,-0.77464235,-0.35506317,-11.1457815,-7.21E-21
66404000,-0.6820574,-0.13033603,-10.9972105,12.0407715
66504000,-0.7641377,-0.15047455,-10.943732,-7.21E-21
66604000,-0.75099224,-0.31250137,-10.886122,-7.21E-21
66704000,-0.7322604,-0.09472477,-10.855396,-7.21E-21
66804000,-0.8683361,-0.084443845,-10.818949,-7.21E-21
66904000,-0.89287037,-0.090970114,-10.648291,-7.21E-21
67004000,-0.8937055,-0.08226072,-10.517821,12.04483
67104000,-0.9416273,-0.026775291,-10.5399065,-7.21E-21
67204000,-0.92944175,-0.18674217,-10.359431,-7.21E-21
67304000,-0.87904996,-0.15446006,-10.237082,-7.21E-21
67404000,-0.771643,-0.035697207,-10.241877,-7.21E-21
67504000,-0.83914924,-0.06489338,-10.220665,-7.21E-21
67604000,-0.7497448,-0.019231083,-10.103307,-7.21E-21
67704000,-0.82600665,0.03290176,-9.948422,-7.21E-21
67804000,-0.8158456,-0.00651514,-10.150409,-7.21E-21
67904000,-0.87078005,0.12320368,-10.133345,-7.21E-21
68004000,-0.8507113,-0.00583116,-10.007861,-7.21E-21
68104000,-0.6890826,0.011110417,-9.945884,-7.21E-21
68204000,-0.5410673,0.18762511,-9.841755,12.051147
68304000,-0.57346153,0.013462271,-9.883178,-7.21E-21
68404000,-0.7260143,0.052871536,-9.951139,-7.21E-21
68504000,-0.6403027,-0.028895903,-9.842122,-7.21E-21
68604000,-0.5038272,0.008189946,-9.908794,-7.21E-21
68704000,-0.719028,-0.038559802,-9.796669,-7.21E-21
68804000,-0.55531645,0.14400119,-9.842366,12.053894
68904000,-0.5176987,-0.051640123,-9.694704,-7.21E-21
69004000,-0.5288067,0.023454653,-9.766018,-7.21E-21
69100000,-0.45706737,-0.05545954,-9.730768,-7.21E-21
69204000,-0.35461724,0.07402129,-9.8372345,-7.21E-21
69304000,-0.52100736,-0.060341593,-9.81301,-7.21E-21
69400000,-0.38465533,0.18363398,-9.836743,-7.21E-21
69504000,-0.42242035,0.00095661,-9.816133,-7.21E-21
69604000,-0.48216602,-0.02423356,-9.797152,-7.21E-21
69704000,-0.46376753,0.012536239,-9.849876,-7.21E-21
69804000,-0.46161702,0.001607535,-9.826573,-7.21E-21
69904000,-0.3424639,-0.029734291,-9.907027,-7.21E-21
70004000,-0.28682393,-0.011062754,-9.830367,12.059326
70104000,-0.36716184,0.035661776,-9.875031,-7.21E-21
70204000,-0.42915592,-0.043276,-9.907642,-7.21E-21
70304000,-0.26466566,-0.10727883,-9.900792,-7.21E-21
70404000,-0.39699456,0.045333054,-9.933249,-7.21E-21
70504000,-0.35651276,0.030057184,-9.901556,-7.21E-21
70604000,-0.2756853,0.023226174,-9.99223,12.061951
70704000,-0.27803054,0.028382957,-9.998472,-7.21E-21
70804000,-0.26485595,-0.120326795,-9.906557,-7.21E-21
70904000,-0.31456277,-0.09840069,-9.94953,-7.21E-21
71004000,-0.29050407,-0.0078047,-9.943094,-7.21E-21
71104000,-0.27130085,-0.08534779,-9.919307,-7.21E-21
71204000,-0.3027396,-0.096225165,-9.895253,12.064362
71304000,-0.26653492,-0.15177122,-9.980211,-7.21E-21
71404000,-0.19493173,-0.01632555,-9.993039,-7.21E-21
71504000,-0.25959447,-0.05651101,-9.955689,-7.21E-21
71604000,-0.37891227,-0.10875297,-9.888427,-7.21E-21
71704000,-0.28267217,-0.015940223,-9.98126,-7.21E-21
71804000,-0.20034836,-0.12664661,-9.90426,12.066467
71904000,-0.15053128,-0.06666344,-9.930735,-7.21E-21
72004000,-0.19368777,-0.047197632,-9.9838085,-7.21E-21
72104000,-0.31792873,-0.03207823,-10.082893,-7.21E-21
72204000,-0.3027923,-0.0784755,-9.9162,-7.21E-21
72304000,-0.13965766,-0.04882977,-9.984882,-7.21E-21
72404000,-0.2206187,-0.047515105,-9.857697,12.068268
72500000,-0.34908962,-0.05983206,-10.010321,12.068512
72604000,-0.116096236,-0.056021817,-9.940286,-7.21E-21
72704000,-0.26066923,-0.03605232,-9.989188,-7.21E-21
72804000,-0.15001792,0.011939136,-9.925186,-7.21E-21
72904000,-0.20009576,-0.22055605,-9.991537,-7.21E-21
73000000,-0.11737491,-0.12765913,-9.910966,-7.21E-21
73104000,-0.17547521,-0.144037,-9.939034,-7.21E-21
73204000,-0.16324553,-0.04918494,-9.824383,-7.21E-21
73304000,-0.18017003,-0.071292534,-9.940258,-7.21E-21
73404000,-0.22385195,-0.049737707,-9.985566,-7.21E-21
73504000,-0.2567056,-0.07021499,-9.844426,-7.21E-21
73604000,-0.21260399,-0.05080955,-9.989272,12.070923
73704000,-0.16665867,-0.02087723,-10.007457,-7.21E-21
73804000,-0.18183547,0.001015048,-9.868235,-7.21E-21
73904000,-0.13719444,-0.000254075,-9.874075,-7.21E-21
74004000,-0.19234268,-0.004972125,-9.858865,-7.21E-21
74104000,-0.11343193,0.104473196,-9.832783,-7.21E-21
74204000,-0.15038063,-0.02639045,-9.891778,12.071899
74304000,-0.2633459,-0.042449098,-9.860161,12.072052
74404000,-0.10724408,4.37E-05,-9.894492,-7.21E-21
74504000,-0.17445228,0.010835282,-9.935663,-7.21E-21
74604000,-0.18954071,0.000935935,-9.882208,-7.21E-21
74704000,-0.11739728,0.014573648,-9.853471,-7.21E-21
74804000,-0.08955248,-0.05184268,-9.882129,12.072723
74904000,-0.16453569,-0.11373715,-9.9370985,-7.21E-21
75004000,-0.16425389,0.012217164,-9.966211,-7.21E-21
75100000,0.011204424,0.017814172,-9.901051,-7.21E-21
75204000,-0.073705725,-0.12139862,-9.972635,-7.21E-21
75304000,0.040053748,-0.025052221,-9.975351,-7.21E-21
75404000,-0.04049754,-0.12414632,-10.081873,12.073395
75504000,0.06948671,-0.0782583,-10.168981,-7.21E-21
75604000,0.2231548,-0.07605484,-10.470275,-7.21E-21
75700000,0.16797683,-0.103696086,-10.531167,-7.21E-21
75804000,0.27757615,-0.107783414,-10.68977,-7.21E-21
75904000,0.25964737,-0.13169809,-10.895519,-7.21E-21
76004000,0.30715218,-0.15024619,-11.193694,12.074036
76104000,0.44248688,-0.15195885,-11.385504,-7.21E-21
76204000,0.31620914,-0.19863364,-11.699844,-7.21E-21
76304000,0.37660486,-0.08839002,-11.88902,-7.21E-21
76404000,0.41406986,-0.22447035,-12.044014,-7.21E-21
76504000,0.43830243,-0.14175302,-12.253654,-7.21E-21
76604000,0.5308649,-0.103442185,-12.242335,12.074493
76704000,0.42610362,-0.068309195,-12.369924,-7.21E-21
76804000,0.43046308,-0.04242954,-12.508321,-7.21E-21
76904000,0.5115515,-0.01992393,-12.499708,-7.21E-21
77004000,0.40093556,-0.006194667,-12.314358,-7.21E-21
77104000,0.30886656,0.109789915,-12.035287,-7.21E-21
77204000,0.3401576,0.17958069,-11.565941,12.074524
77304000,0.21380745,0.17898655,-11.437591,-7.21E-21
77404000,0.24623466,0.23626475,-11.208589,-7.21E-21
77500000,0.23604393,0.38201806,-10.84926,-7.21E-21
77604000,0.1068218,0.23454282,-10.638596,-7.21E-21
77704000,-0.0323114,0.43056926,-10.518306,-7.21E-21
77804000,0.08329588,0.40709007,-10.260425,12.074646
77904000,-0.11989374,0.35127446,-10.409805,-7.21E-21
78004000,-0.12962773,0.36311352,-10.713128,-7.21E-21
78104000,-0.24485545,0.23260298,-10.712487,-7.21E-21
78204000,-0.16579306,0.24247378,-10.472844,-7.21E-21
78304000,-0.30230305,0.34705278,-10.222128,-7.21E-21
78404000,-0.36483416,0.40598845,-10.168146,12.074371
78500000,-0.16658674,0.35821387,-9.865001,12.074219
78604000,-0.13095887,0.250135,-9.92845,-7.21E-21
78704000,-0.025394117,0.27262357,-10.156278,-7.21E-21
78804000,-0.015674593,0.34832758,-10.158246,-7.21E-21
78904000,-0.03806705,0.3862351,-10.327172,-7.21E-21
79004000,0.07092667,0.31069064,-10.343334,12.073395
79104000,0.22664289,0.23725484,-10.624049,-7.21E-21
79204000,0.25108778,0.29552883,-10.768118,-7.21E-21
79304000,0.3472992,0.27732146,-10.838219,-7.21E-21
79404000,0.41358313,0.16190962,-10.944166,-7.21E-21
79504000,0.30097023,0.13043074,-11.0199,-7.21E-21
79604000,0.26767516,0.008437712,-11.118681,12.072601
79704000,0.3483805,0.022160193,-11.082421,-7.21E-21
79804000,0.32349843,0.07550705,-11.153316,-7.21E-21
79904000,0.25344408,0.11351069,-11.387743,-7.21E-21
80004000,0.27679563,-0.01941606,-11.38448,-7.21E-21
80104000,0.20432992,-0.13375507,-11.316824,-7.21E-21
80204000,0.25870463,-0.152884,-11.306439,12.072357
80304000,0.14518876,-0.2940973,-11.462278,-7.21E-21
80404000,0.088421315,-0.22356926,-11.467824,-7.21E-21
80504000,0.12903967,-0.244555,-11.584848,-7.21E-21
80604000,0.1944728,-0.3421963,-11.573369,-7.21E-21
80704000,0.07541528,-0.21497539,-11.641931,-7.21E-21
80804000,0.113368124,-0.22217044,-11.646471,12.072998
80904000,0.050004337,-0.24242344,-11.783817,-7.21E-21
81004000,0.042569526,-0.22088008,-11.70509,-7.21E-21
81104000,-0.05450041,-0.22316858,-12.015735,-7.21E-21
81204000,-0.025840957,-0.22710551,-12.084366,-7.21E-21
81304000,-0.010050979,-0.07513632,-12.173724,-7.21E-21
81404000,-0.04859965,-0.08148227,-12.230981,12.074371
81504000,-0.046910226,-0.02095288,-12.310234,-7.21E-21
81604000,0.031188708,0.006682391,-12.565103,-7.21E-21
81704000,0.034869194,0.22183935,-12.608713,-7.21E-21
81804000,-0.094394,0.25546846,-12.715983,-7.21E-21
81904000,-0.068355225,0.26308405,-12.993063,-7.21E-21
82004000,0.029466445,0.3162707,-12.827918,12.075775
82104000,0.10601719,0.4441314,-12.81309,-7.21E-21
82204000,0.16542567,0.36185554,-12.886643,-7.21E-21
82304000,0.055539194,0.51471186,-12.767673,-7.21E-21
82404000,0.18656695,0.31805572,-12.680294,-7.21E-21
82500000,0.26259032,0.4521214,-12.478577,-7.21E-21
82604000,0.28226238,0.4041291,-12.314173,12.076324
82704000,0.18601969,0.4393824,-12.105677,-7.21E-21
82804000,0.1787599,0.29864895,-11.832591,-7.21E-21
82904000,0.28186193,0.19784524,-11.790075,-7.21E-21
83004000,0.20259452,0.37706602,-11.628716,-7.21E-21
83104000,0.279245,0.29816428,-11.618471,-7.21E-21
83204000,0.3309131,0.18049854,-11.315586,12.076172
83304000,0.28402576,0.20552978,-11.094192,-7.21E-21
83404000,0.2175763,0.13469319,-11.030866,-7.21E-21
83504000,0.20983201,0.05840978,-10.971069,-7.21E-21
83604000,0.23777264,0.064254,-10.82928,-7.21E-21
83704000,0.07952316,0.1295048,-10.657047,-7.21E-21
83804000,0.12597327,0.15404665,-10.706448,12.075989
83904000,0.16969314,-0.02760027,-10.757799,-7.21E-21
84004000,0.091226734,-0.087479234,-10.680288,-7.21E-21
84104000,0.16118245,-0.12232351,-10.621255,-7.21E-21
84204000,0.11418395,-0.07272814,-10.631559,-7.21E-21
84304000,0.031013388,-0.20446855,-10.436933,-7.21E-21
84404000,-0.000123522,-0.2193822,-10.471357,-7.21E-21
84504000,0.09140148,-0.13764276,-10.53932,-7.21E-21
84604000,0.11852239,-0.26409242,-10.498148,-7.21E-21
84704000,-0.07765138,-0.27487227,-10.620038,-7.21E-21
84804000,-0.08003898,-0.2744597,-10.607996,-7.21E-21
84904000,-0.032499474,-0.2210762,-10.569738,-7.21E-21
85004000,-0.09419624,-0.3645431,-10.690652,12.076904
85104000,-0.10425157,-0.23301539,-10.772986,-7.21E-21
85204000,-0.1268093,-0.346159,-10.820843,-7.21E-21
85304000,-0.14745167,-0.22179902,-10.852199,-7.21E-21
85404000,-0.13295801,-0.14500615,-10.925526,-7.21E-21
85504000,-0.10093734,-0.1196861,-11.014937,-7.21E-21
85604000,-0.23458417,-0.16236624,-11.066395,12.0780945
85704000,-0.03546944,-0.2018431,-11.177476,-7.21E-21
85804000,0.015764354,-0.08936105,-11.326286,-7.21E-21
85904000,-0.20415182,0.022058254,-11.430273,-7.21E-21
86004000,-0.11254128,0.07256077,-11.479399,-7.21E-21
86104000,-0.08748791,0.063294366,-11.558268,-7.21E-21
86204000,-0.15819842,0.0650496,-11.599931,12.079346
86304000,0.040864933,0.083024934,-11.886792,-7.21E-21
86404000,-0.054994144,0.20029351,-11.95448,-7.21E-21
86504000,0.07625703,0.17697282,-11.896865,-7.21E-21
86604000,0.040050175,0.24833494,-12.138842,-7.21E-21
86704000,0.14778158,0.2901366,-12.048851,-7.21E-21
86804000,0.040578216,0.23070627,-12.081529,12.080048
86904000,0.085746676,0.30965188,-12.159435,-7.21E-21
87004000,0.0933463,0.3583377,-12.178553,-7.21E-21
87104000,0.11421795,0.4574425,-12.075095,-7.21E-21
87204000,0.22538738,0.28508162,-12.033366,-7.21E-21
87304000,0.19150555,0.52010095,-11.833192,-7.21E-21
87404000,0.12300821,0.25496268,-11.916449,12.079895
87504000,0.3816145,0.33135307,-11.693849,-7.21E-21
87604000,0.25298184,0.439058,-11.543542,-7.21E-21
87704000,0.44416788,0.32536492,-11.430941,-7.21E-21
87804000,0.22415371,0.33375394,-11.231567,-7.21E-21
87904000,0.28632122,0.23240513,-11.175485,-7.21E-21
88004000,0.23237579,0.24879006,-11.068471,12.079285
88104000,0.22939543,0.064543925,-11.045424,-7.21E-21
88204000,0.30030617,0.22977105,-10.894225,-7.21E-21
88304000,0.3848491,-0.006801883,-10.915383,-7.21E-21
88404000,0.36095533,-0.031206477,-10.788307,-7.21E-21
88504000,0.23740935,0.1116181,-10.767741,-7.21E-21
88604000,0.13177991,-0.028541923,-10.673886,12.078918
88704000,0.18009762,-0.007111013,-10.660102,-7.21E-21
88804000,0.22941858,-0.091584034,-10.674262,-7.21E-21
88904000,0.108312115,-0.14424017,-10.733594,-7.21E-21
89004000,0.17330392,-0.22946544,-10.599838,-7.21E-21
89104000,0.15570717,-0.1904762,-10.533688,-7.21E-21
89204000,0.06230415,-0.14604543,-10.626989,12.079163
89304000,0.046321336,-0.30856618,-10.725022,-7.21E-21
89404000,0.13842772,-0.24082586,-10.762095,-7.21E-21
89504000,0.14954874,-0.27974224,-10.673051,-7.21E-21
89604000,0.096819416,-0.2832562,-10.708985,-7.21E-21
89704000,-0.007378703,-0.3654434,-10.811631,-7.21E-21
89804000,0.080340914,-0.34545544,-10.755142,12.080109
89904000,0.06371978,-0.24329394,-10.836134,-7.21E-21
90004000,-0.037361413,-0.19918671,-11.003169,-7.21E-21
90104000,-0.07548128,-0.34762305,-10.955992,-7.21E-21
90204000,-0.1673369,-0.24357519,-11.158117,-7.21E-21
90304000,-0.043290082,-0.20571753,-11.260409,-7.21E-21
90404000,-0.110959545,-0.17070276,-11.22738,-7.21E-21
90504000,-0.15678817,-0.05711797,-11.360927,-7.21E-21
90604000,-0.033763155,-0.13361475,-11.590089,-7.21E-21
90700000,-0.03942387,-0.028841399,-11.664566,-7.21E-21
90804000,-0.13816157,-0.044718005,-11.850256,-7.21E-21
90904000,-0.11952856,0.032150872,-11.852768,-7.21E-21
91004000,-0.06483911,0.14627029,-11.965949,12.082764
91104000,-0.006868628,0.349112,-12.046035,-7.21E-21
91204000,-0.008687676,0.1620245,-12.220997,-7.21E-21
91304000,0.016432455,0.18223105,-12.169737,-7.21E-21
91404000,0.034554873,0.25493476,-12.150141,-7.21E-21
91504000,0.133939,0.40264288,-12.263201,-7.21E-21
91604000,0.17703451,0.3556223,-12.107041,12.083252
91704000,0.14997287,0.35368532,-12.033282,-7.21E-21
91804000,0.27191216,0.39828986,-12.04731,-7.21E-21
91904000,0.25867802,0.35513332,-11.904632,-7.21E-21
92004000,0.3441831,0.4353718,-11.876247,-7.21E-21
92104000,0.34485978,0.35045716,-11.700405,-7.21E-21
92204000,0.2698205,0.3132362,-11.677509,12.082855
92304000,0.24708097,0.26440126,-11.619239,-7.21E-21
92404000,0.2927401,0.25736782,-11.323973,-7.21E-21
92500000,0.36671966,0.21858908,-11.220588,-7.21E-21
92604000,0.5101867,0.16138162,-11.106231,-7.21E-21
92704000,0.25911564,0.20133445,-10.938035,-7.21E-21
92804000,0.34236863,0.2215854,-10.924384,12.082062
92904000,0.21217723,0.11301969,-10.946205,-7.21E-21
93004000,0.32175833,0.1767063,-10.961771,-7.21E-21
93104000,0.32652527,0.123749726,-10.743247,-7.21E-21
93204000,0.23335575,-0.01402016,-10.6309805,-7.21E-21
93304000,0.337171,0.02906585,-10.5502825,-7.21E-21
93400000,0.22168231,-0.048699137,-10.704295,-7.21E-21
93504000,0.19844392,-0.09329766,-10.551726,-7.21E-21
93604000,0.20014715,-0.12018371,-10.745429,-7.21E-21
93704000,0.1905325,-0.2176398,-10.4713955,-7.21E-21
93804000,0.10282822,-0.17319955,-10.607427,-7.21E-21
93904000,0.14558391,-0.066653855,-10.476684,-7.21E-21
94004000,0.13713312,-0.12404989,-10.497096,12.0815735
94104000,0.09067517,-0.24943006,-10.557171,-7.21E-21
94204000,0.07982319,-0.29783818,-10.564264,-7.21E-21
94304000,0.10556118,-0.1268457,-10.558369,-7.21E-21
94404000,0.17757966,-0.29206723,-10.737883,-7.21E-21
94504000,0.006067279,-0.19571856,-10.721703,-7.21E-21
94604000,0.15164071,-0.27857664,-10.842923,12.082245
94704000,0.09018053,-0.28058386,-10.94657,-7.21E-21
94804000,-0.04549671,-0.23366363,-10.8803625,-7.21E-21
94904000,-0.04182371,-0.16356388,-11.117079,-7.21E-21
95004000,-0.007856272,-0.11559175,-11.119951,-7.21E-21
95104000,-0.002704907,-0.024439627,-11.332517,-7.21E-21
95204000,-0.002498483,-0.07943937,-11.234706,12.083252
95304000,-0.001429452,-0.09802958,-11.349847,-7.21E-21
95404000,0.067977235,-0.07152166,-11.584249,-7.21E-21
95504000,0.040917866,-0.091921866,-11.508474,-7.21E-21
95604000,0.10553453,0.18604557,-11.629524,-7.21E-21
95704000,0.12716778,0.08345047,-11.786891,-7.21E-21
95804000,0.11729077,0.065181784,-11.979796,12.084045
95904000,0.15760276,0.263017,-11.966286,-7.21E-21
96004000,0.12027157,0.20739716,-11.852098,-7.21E-21
96104000,0.14376946,0.2899719,-12.128681,-7.21E-21
96204000,0.15118282,0.3143494,-12.117857,-7.21E-21
96304000,0.23222098,0.33965564,-12.059298,-7.21E-21
96404000,0.25859278,0.39265648,-11.996512,12.084076
96504000,0.21421935,0.42297915,-11.96333,-7.21E-21
96604000,0.32073066,0.3445408,-11.910645,-7.21E-21
96704000,0.3393245,0.35715207,-11.7574625,-7.21E-21
96804000,0.37484533,0.4179317,-11.802828,-7.21E-21
96904000,0.36440963,0.43338394,-11.482336,-7.21E-21
97004000,0.48155767,0.38010967,-11.40863,12.083252
97104000,0.35562956,0.29843512,-11.438757,-7.21E-21
97204000,0.3180539,0.2884754,-11.286697,-7.21E-21
97304000,0.4037983,0.20008962,-11.142685,-7.21E-21
97404000,0.42569375,0.20237729,-10.970838,-7.21E-21
97504000,0.4434915,0.18838035,-10.875428,-7.21E-21
97604000,0.5409002,0.17447858,-10.890534,12.082245
97704000,0.25750387,0.18910459,-10.763065,-7.21E-21
97804000,0.39401045,0.10278345,-10.836542,-7.21E-21
97904000,0.34926632,0.1045701,-10.661335,-7.21E-21
98004000,0.30718935,0.08900648,-10.750565,-7.21E-21
98104000,0.27602437,0.06854885,-10.575001,-7.21E-21
98204000,0.30207694,-0.04182532,-10.649695,12.081604
98304000,0.33509925,-0.10260374,-10.666553,-7.21E-21
98404000,0.18650559,0.016141186,-10.5600605,-7.21E-21
98504000,0.24898176,-0.228712,-10.459518,-7.21E-21
98604000,0.19492601,-0.04236819,-10.599721,-7.21E-21
98704000,0.20871364,-0.030722758,-10.450375,-7.21E-21
98804000,0.22627956,-0.17279229,-10.490926,12.0815735
98904000,0.1880066,-0.24845879,-10.612232,-7.21E-21
99004000,0.074832626,-0.14892656,-10.506033,-7.21E-21
99104000,0.12007933,-0.2928463,-10.586693,-7.21E-21
99204000,0.10239172,-0.2279861,-10.587278,-7.21E-21
99304000,0.108021535,-0.40279377,-10.753299,-7.21E-21
99404000,0.10247925,-0.25607213,-10.692254,12.082184
99504000,-0.010035586,-0.24405575,-10.911267,-7.21E-21
99604000,-0.006948974,-0.283349,-10.882806,-7.21E-21
99704000,0.0751316,-0.15786965,-11.017139,-7.21E-21
99804000,0.021138985,-0.082141936,-11.076176,-7.21E-21
99904000,-0.039514177,-0.04849619,-11.094493,-7.21E-21
100004000,0.053706944,-0.04676147,-11.242643,12.08316
100104000,0.10882502,-0.23065217,-11.467603,-7.21E-21
100204000,0.09451657,0.024400529,-11.465252,-7.21E-21
100304000,-0.019702028,-0.004977764,-11.686382,-7.21E-21
100404000,0.07642821,0.1638754,-11.783493,-7.21E-21
100504000,0.04156745,0.14117837,-11.718639,-7.21E-21
100604000,0.18296595,0.1966926,-11.7047415,12.083893
100704000,0.19324605,0.29483545,-11.912491,-7.21E-21
100804000,0.26847193,0.3495244,-11.898105,-7.21E-21
100904000,0.14008602,0.24317934,-11.855781,-7.21E-21
101004000,0.32114926,0.3815484,-11.931813,-7.21E-21
101104000,0.23277093,0.33385274,-11.826571,-7.21E-21
101204000,0.33836764,0.34867045,-11.974102,12.083832
101304000,0.24834746,0.43141955,-11.825685,-7.21E-21
101404000,0.27940014,0.40237847,-11.766329,-7.21E-21
101504000,0.37379265,0.3866903,-11.7562895,-7.21E-21
101604000,0.26114964,0.4000162,-11.606791,-7.21E-21
101704000,0.38546228,0.41577974,-11.561619,-7.21E-21
101804000,0.33858916,0.36305752,-11.332952,12.082947
101904000,0.4480726,0.30886766,-11.230129,-7.21E-21
102004000,0.49129334,0.40936822,-11.196132,-7.21E-21
102104000,0.30311623,0.29064026,-10.984774,-7.21E-21
102204000,0.47702944,0.2663395,-10.957597,-7.21E-21
102304000,0.37209332,0.3222042,-10.796698,-7.21E-21
102404000,0.48074052,0.11076777,-10.755962,12.081818
102504000,0.32256162,0.16766144,-10.7692795,12.081665
102604000,0.4110185,0.2556745,-10.674857,-7.21E-21
102704000,0.5091046,0.071881354,-10.534531,-7.21E-21
102804000,0.40817368,0.14306797,-10.636807,-7.21E-21
102904000,0.25193882,0.03134543,-10.566838,-7.21E-21
103004000,0.2709181,0.032680232,-10.517176,12.081055
103104000,0.24159123,0.07930197,-10.498273,-7.21E-21
103204000,0.30261025,-0.083301835,-10.552648,-7.21E-21
103304000,0.31178364,-0.013579856,-10.443657,-7.21E-21
103404000,0.21682467,-0.10497877,-10.454656,-7.21E-21
103504000,0.17835768,-0.279705,-10.395117,-7.21E-21
103604000,0.22905213,-0.16304478,-10.545809,12.080811
103704000,0.09692911,-0.15900432,-10.428095,12.080841
103804000,0.16104509,-0.12865238,-10.453586,-7.21E-21
103904000,0.21088718,-0.19507171,-10.536562,-7.21E-21
104004000,0.11568577,-0.21887474,-10.532172,-7.21E-21
104104000,0.07901978,-0.095221676,-10.569859,-7.21E-21
104204000,0.102585845,-0.18190658,-10.609305,12.081238
104304000,0.14170161,-0.19845693,-10.775153,-7.21E-21
104404000,0.15819585,-0.13738735,-10.810512,-7.21E-21
104504000,0.113692544,-0.1828457,-10.821327,-7.21E-21
104604000,0.18097764,-0.13915507,-10.896162,-7.21E-21
104704000,0.082268536,-0.11459444,-10.899775,-7.21E-21
104804000,0.10191003,-0.038042065,-11.107094,-7.21E-21
104904000,0.039589573,0.14860691,-11.138623,-7.21E-21
105004000,0.030649455,0.14008416,-11.288725,-7.21E-21
105104000,0.09847236,0.014194107,-11.421126,-7.21E-21
105204000,0.07963991,0.08478162,-11.4698515,-7.21E-21
105304000,0.124058425,0.06350017,-11.4991045,-7.21E-21
105404000,0.05422736,0.17711073,-11.822572,12.082703
105504000,0.14228442,0.28752533,-11.691979,-7.21E-21
105604000,0.132232,0.22196352,-11.800561,-7.21E-21
105704000,0.17598988,0.25036412,-11.866308,-7.21E-21
105804000,0.345934,0.35576174,-11.834049,-7.21E-21
105904000,0.35705253,0.30774567,-11.8734865,-7.21E-21
106004000,0.23369439,0.36456951,-12.008904,-7.21E-21
106104000,0.17205201,0.3964609,-11.73225,-7.21E-21
106204000,0.31475842,0.42470485,-11.778729,-7.21E-21
106304000,0.2717442,0.44198838,-11.637249,-7.21E-21
106404000,0.4713347,0.47308105,-11.572555,-7.21E-21
106504000,0.43528706,0.50289416,-11.379551,-7.21E-21
106604000,0.48418868,0.4228431,-11.429553,12.081879
106704000,0.4278643,0.4714374,-11.344885,-7.21E-21
106804000,0.43819636,0.45063546,-11.159017,-7.21E-21
106904000,-1.3258257,0.24381196,-10.910628,-7.21E-21
107004000,-1.0030844,0.1561369,-9.813336,-7.21E-21
107104000,-0.600216,0.13335718,-9.0057,-7.21E-21
107204000,-0.088754095,0.21276024,-8.915198,12.081055
107304000,0.05787015,0.1810417,-9.547686,-7.21E-21
107404000,0.23938712,0.34435728,-10.341501,-7.21E-21
107504000,0.37468323,0.4134779,-10.37663,-7.21E-21
107604000,0.35548267,0.329452,-10.033053,-7.21E-21
107704000,0.30116028,0.32500556,-9.6104,-7.21E-21
107804000,0.5078851,0.49795592,-9.530613,12.0816345
107904000,0.4427008,0.41859448,-9.717641,-7.21E-21
108004000,0.48757207,0.41145515,-9.976744,-7.21E-21
108104000,0.48392254,0.3785473,-10.427448,-7.21E-21
108204000,0.40677568,0.40249607,-10.9781065,-7.21E-21
108304000,0.52475214,0.5129714,-11.275376,-7.21E-21
108404000,0.53179777,0.49472904,-11.746963,12.082794
108504000,0.48435375,0.51187956,-12.074096,-7.21E-21
108604000,0.43149072,0.44423187,-12.332698,-7.21E-21
108704000,0.41378778,0.56424904,-12.680772,-7.21E-21
108804000,0.3847459,0.5785977,-12.944941,-7.21E-21
108904000,0.5513052,0.43392962,-13.342614,-7.21E-21
109004000,0.49781877,0.40676266,-13.491485,12.084564
109104000,0.4246435,0.3769033,-13.776792,-7.21E-21
109204000,0.6292132,0.35708806,-14.194581,-7.21E-21
109304000,0.45520332,0.21313961,-14.403629,-7.21E-21
109404000,0.6220769,0.043194175,-14.681002,-7.21E-21
109504000,0.7101245,0.06525068,-14.920321,-7.21E-21
109604000,0.8723442,0.0380064,-15.109501,12.086426
109704000,0.8234364,0.017589776,-15.268101,-7.21E-21
109804000,0.88595444,-0.07426912,-15.057442,-7.21E-21
109904000,0.7972659,-0.14359818,-14.959003,-7.21E-21
110004000,0.8666493,-0.119091906,-14.543739,-7.21E-21
110104000,0.87763447,-0.08469133,-14.192506,-7.21E-21
110204000,0.80089027,-0.17122269,-13.833924,12.087921
110304000,0.65124977,0.052502252,-13.4924,12.088135
110404000,0.6171363,0.13966207,-13.256702,-7.21E-21
110500000,0.42166358,0.0920133,-12.828439,-7.21E-21
110604000,0.39602825,0.13754088,-12.626493,-7.21E-21
110704000,0.37274507,0.299799,-12.289229,-7.21E-21
110804000,0.35473007,0.33583683,-12.015806,12.08905
110904000,0.18392733,0.32762325,-11.77902,-7.21E-21
111004000,0.12902893,0.2542113,-11.64662,-7.21E-21
111104000,0.13581112,0.5055843,-11.305582,-7.21E-21
111204000,0.010595168,0.38633254,-11.280876,-7.21E-21
111304000,0.000480103,0.4506919,-11.109337,-7.21E-21
111404000,0.08672622,0.4304434,-11.047492,12.089386
111504000,0.07099397,0.560831,-10.908315,-7.21E-21
111604000,-0.053129483,0.34699205,-10.752097,-7.21E-21
111704000,0.003036575,0.45270008,-10.610907,-7.21E-21
111804000,-0.04990453,0.4794753,-10.560368,-7.21E-21
111904000,-0.023984684,0.45226616,-10.460685,-7.21E-21
112004000,-0.031611804,0.41220582,-10.503474,12.088379
112104000,0.021697717,0.568087,-10.2069235,-7.21E-21
112204000,-0.00277216,0.47069317,-10.164044,-7.21E-21
112304000,0.02303507,0.4904915,-10.12332,-7.21E-21
112404000,0.096984625,0.52377117,-9.95623,-7.21E-21
112504000,0.06591149,0.37168658,-9.947097,-7.21E-21
112604000,0.08012948,0.35365137,-9.954865,12.086365
112704000,0.05744633,0.4760128,-9.856784,-7.21E-21
112804000,0.10416877,0.54511315,-9.709954,-7.21E-21
112904000,0.10619022,0.48286018,-9.710493,-7.21E-21
113004000,0.14281844,0.5048185,-9.739683,-7.21E-21
113104000,0.12801363,0.52596325,-9.696226,-7.21E-21
113204000,0.032023896,0.4455362,-9.75869,12.084106
113304000,0.010549055,0.55178076,-9.688127,-7.21E-21
113404000,0.18016031,0.42850548,-9.647712,-7.21E-21
113504000,0.14383382,0.57882065,-9.59187,-7.21E-21
113604000,0.18906507,0.5087325,-9.628695,-7.21E-21
113704000,0.13490827,0.54525954,-9.568061,-7.21E-21
113804000,0.015547304,0.5355603,-9.506053,12.082153
113904000,0.003936228,0.49347195,-9.641461,-7.21E-21
114004000,0.07544317,0.49249548,-9.6037035,-7.21E-21
114104000,0.004970154,0.5025621,-9.650876,-7.21E-21
114204000,0.2411604,0.43652964,-9.66957,-7.21E-21
114304000,0.18399927,0.46320748,-9.545806,-7.21E-21
114404000,0.17515358,0.50025254,-9.6723795,12.080688
114504000,0.26537243,0.5327588,-9.628321,-7.21E-21
114600000,0.1305604,0.52070826,-9.639042,-7.21E-21
114704000,0.21665984,0.48437208,-9.643937,-7.21E-21
114804000,0.25353783,0.5078656,-9.52822,-7.21E-21
114904000,0.1681385,0.5100804,-9.591318,-7.21E-21
115004000,0.043778084,0.48914814,-9.502688,12.079742
115104000,0.17017698,0.39839497,-9.671228,-7.21E-21
115204000,0.18944003,0.39360502,-9.70351,-7.21E-21
115304000,0.10256494,0.48391894,-9.620318,-7.21E-21
115404000,0.11128325,0.45736927,-9.732336,-7.21E-21
115504000,0.16161415,0.4708938,-9.696829,-7.21E-21
115604000,0.08155684,0.48789197,-9.596339,12.079193
115704000,0.2904943,0.45295385,-9.6936035,-7.21E-21
115804000,0.05101076,0.44681057,-9.733642,-7.21E-21
115904000,0.094092205,0.6624773,-9.565275,-7.21E-21
116004000,0.18248571,0.41809708,-9.607735,-7.21E-21
116104000,0.164331,0.58273965,-9.795782,-7.21E-21
116204000,0.08533043,0.44764224,-9.617116,12.078918
116304000,0.21796602,0.4184887,-9.675727,12.078888
116404000,0.12382389,0.44828966,-9.72825,-7.21E-21
116504000,0.016403932,0.43858913,-9.751988,-7.21E-21
116604000,0.22172871,0.5182473,-9.806833,-7.21E-21
116704000,0.15204619,0.4469895,-9.725816,-7.21E-21
116804000,0.17845495,0.56813616,-9.766278,12.078827
116904000,0.17250933,0.4941502,-9.706716,-7.21E-21
117004000,0.10805676,0.51150525,-9.6622505,-7.21E-21
117104000,0.10779016,0.4321674,-9.765374,-7.21E-21
117204000,0.18079427,0.56374025,-9.8184,-7.21E-21
117304000,0.15978138,0.502878,-9.855439,-7.21E-21
117404000,0.10073197,0.5386642,-9.888146,12.078827
117504000,0.05770559,0.5744067,-9.719187,12.078827
117604000,0.021848667,0.5404938,-9.769433,-7.21E-21
117704000,0.1872008,0.55788314,-9.778396,-7.21E-21
117804000,-0.017134743,0.43763036,-9.842238,-7.21E-21
117904000,0.11263803,0.42612955,-9.868157,-7.21E-21
118004000,0.09581099,0.41839167,-9.890122,-7.21E-21
118104000,0.04367074,0.47604987,-9.891052,-7.21E-21
118204000,0.15732357,0.49220675,-9.867189,-7.21E-21
118304000,0.018064592,0.43978545,-9.751,-7.21E-21
118404000,0.112432644,0.47817504,-9.794073,-7.21E-21
118504000,0.051492438,0.4803264,-9.780614,-7.21E-21
118604000,-0.042571697,0.4097758,-9.8289795,12.078857
118704000,0.08007367,0.5196858,-9.829796,-7.21E-21
118804000,0.14285502,0.33696717,-9.7692795,-7.21E-21
118904000,0.036262613,0.4998656,-9.800969,-7.21E-21
119004000,0.15945491,0.44204608,-9.822862,-7.21E-21
119104000,0.1426422,0.4503367,-9.725879,-7.21E-21
119204000,0.09233071,0.41807535,-9.817828,12.078888
119304000,0.109265395,0.5485825,-9.804493,-7.21E-21
119404000,0.19179073,0.5173807,-9.815154,-7.21E-21
119504000,0.07518758,0.454051,-9.792511,-7.21E-21
119604000,0.08172629,0.54677874,-9.855736,-7.21E-21
119704000,0.09043735,0.38612908,-9.77177,-7.21E-21
119804000,0.1468035,0.41305524,-9.823998,12.078949
119904000,0.00841963,0.45879203,-9.939691,-7.21E-21
120004000,0.22550209,0.42588577,-9.799705,-7.21E-21
120104000,0.12297875,0.39760923,-9.782543,-7.21E-21
120204000,0.13183793,0.4157139,-9.878446,-7.21E-21
120304000,0.19793323,0.45746785,-9.844991,-7.21E-21
120404000,0.18348655,0.52641034,-9.725608,12.0789795
120504000,0.06559561,0.47883013,-9.950243,-7.21E-21
120604000,0.12894446,0.4163103,-9.796245,-7.21E-21
120704000,0.07619961,0.5698877,-9.759707,-7.21E-21
120800000,0.046794098,0.4445784,-9.831074,-7.21E-21
120904000,0.090070635,0.51409435,-9.776287,-7.21E-21
121004000,0.056502,0.42254773,-9.742166,12.0789795
121104000,0.16174434,0.517932,-9.85222,-7.21E-21
121204000,0.15467882,0.50020164,-9.83416,-7.21E-21
121304000,0.35467905,0.45747477,-9.861805,-7.21E-21
121404000,0.08940973,0.3495167,-9.781318,-7.21E-21
121504000,0.000210702,0.2535213,-9.792783,-7.21E-21
121604000,0.16713332,0.40268385,-9.812436,-7.21E-21
121704000,0.20671897,0.39231968,-9.886835,-7.21E-21
121804000,0.21412347,0.4052577,-9.792912,-7.21E-21
121904000,0.17744604,0.3917489,-9.949712,-7.21E-21
122004000,0.077691175,0.3976861,-10.071984,-7.21E-21
122104000,0.19937442,0.42420623,-10.13777,-7.21E-21
122204000,0.23346736,0.45140278,-10.096403,12.079102
122304000,0.30110514,0.33598983,-10.204171,12.079132
122404000,0.32194573,0.3340582,-10.339265,-7.21E-21
122504000,0.4362198,0.21853498,-10.541777,-7.21E-21
122604000,0.25106335,0.3443204,-10.498831,-7.21E-21
122704000,0.22768092,0.3617796,-10.584254,-7.21E-21
122804000,0.41963568,0.1869937,-10.837441,12.079315
122904000,0.49926513,0.19567925,-10.955645,-7.21E-21
123004000,0.85146004,0.25687066,-10.89423,-7.21E-21
123100000,-0.04098906,0.2690558,-11.391133,-7.21E-21
123204000,-0.25764892,0.16546029,-12.154791,-7.21E-21
123304000,-0.36487767,0.17629272,-12.407526,-7.21E-21
123404000,-0.54470485,0.11573581,-12.083201,12.07959
123504000,-0.44380778,0.040695246,-11.606521,-7.21E-21
123604000,-0.32867688,0.04388833,-11.137396,-7.21E-21
123704000,-0.45831436,0.026557192,-10.864711,-7.21E-21
123804000,-0.59511924,0.005454971,-10.673734,-7.21E-21
123904000,-0.3961231,0.06053501,-10.574348,-7.21E-21
124004000,-0.3746909,-0.05318017,-10.57163,-7.21E-21
124104000,-0.40049627,0.10513072,-10.1798115,-7.21E-21
124204000,-0.4144164,0.018063176,-10.330135,-7.21E-21
124304000,-0.44454807,0.036984712,-10.148415,-7.21E-21
124404000,-0.4039296,-0.029135903,-10.071149,-7.21E-21
124504000,-0.4262409,0.017259765,-10.0997,-7.21E-21
124604000,-0.45129618,0.03961842,-10.014543,12.080688
124704000,-0.41604224,-0.0460956,-10.113429,-7.21E-21
124804000,-0.4337308,0.13730526,-9.994103,-7.21E-21
124908000,-0.47367954,-0.015238781,-10.020135,-7.21E-21
125008000,-0.3890522,0.039860994,-10.00021,-7.21E-21
125108000,-0.44958103,0.19574416,-9.999587,12.082397
125212000,-0.35526636,0.12255554,-9.994429,-7.21E-21
125312000,-0.52300143,0.06745397,-9.94204,-7.21E-21
125412000,-0.4305984,0.19418788,-10.118692,-7.21E-21
125512000,-0.4146702,0.04816853,-9.892367,-7.21E-21
125616000,-0.36465767,0.06190865,-9.807815,-7.21E-21
125716000,-0.34585163,0.09509957,-9.985711,-7.21E-21
125816000,-0.346341,0.07094482,-10.043711,-7.21E-21
125920000,-0.35458726,0.1657658,-10.083031,-7.21E-21
126020000,-0.3385409,0.21662118,-9.900202,12.085785
126120000,-0.23490798,0.2391403,-9.9390135,-7.21E-21
126224000,-0.2945392,0.09918228,-9.9008665,-7.21E-21
126324000,-0.17767242,0.19030975,-9.803879,-7.21E-21
126424000,-0.20802827,0.25942403,-9.944182,-7.21E-21
126524000,-0.09321134,0.13068286,-9.820059,12.087494
126628000,0.019880138,0.21825618,-9.982683,-7.21E-21
126728000,-0.015299527,-0.027537921,-9.939008,-7.21E-21
126828000,0.055551596,0.27975884,-9.903587,-7.21E-21
126927999,0.11174391,0.18241492,-9.962073,-7.21E-21
127032000,0.09953389,0.12462688,-10.1098795,12.089203
127132000,0.07623838,-0.008760214,-10.170423,-7.21E-21
127236000,0.16149136,0.21259503,-10.3521185,-7.21E-21
127336000,0.19802733,0.03282692,-10.283242,-7.21E-21
127436000,0.22746627,0.030297078,-10.336686,12.090576
127536000,0.2277213,-0.08599101,-10.337345,-7.21E-21
127640000,0.18787454,0.089934655,-10.480337,-7.21E-21
127740000,0.2104652,-0.08071881,-10.472908,-7.21E-21
127840000,0.26964477,0.11270617,-10.452405,-7.21E-21
127944000,0.19460791,-0.002173079,-10.522533,-7.21E-21
128044000,0.2179483,-0.061188944,-10.455894,-7.21E-21
128144000,0.30324218,-0.10786843,-10.538094,-7.21E-21
128248000,0.28098798,-0.07573416,-10.458966,-7.21E-21
128348000,0.31245905,0.044991627,-10.433946,12.093231
128448000,0.2689508,0.02784267,-10.481714,-7.21E-21
128548000,0.35214135,-0.027075255,-10.585627,-7.21E-21
128652000,0.4194572,0.027693009,-10.379069,-7.21E-21
128752000,0.24016832,0.057773918,-10.404441,-7.21E-21
128848000,0.32593167,0.12591153,-10.301935,-7.21E-21
128956000,0.38451922,0.045537192,-10.3391075,-7.21E-21
129056000,0.37691855,0.11834446,-10.331062,-7.21E-21
129156000,0.44638705,0.09660794,-10.269871,-7.21E-21
129255999,0.3088212,0.09022315,-10.214537,-7.21E-21
129360000,0.35160315,0.009106615,-10.245862,12.095093
129460000,0.34368318,0.0556021,-10.091553,-7.21E-21
129560000,0.40367013,0.077561274,-10.168444,-7.21E-21
129664000,0.4122472,0.16426256,-10.044896,-7.21E-21
129764000,0.42945993,0.18591411,-10.112194,12.095459
129864000,0.38051513,0.13436708,-10.109012,-7.21E-21
129968000,0.30320215,0.14171967,-10.096192,-7.21E-21
130068000,0.41705874,0.08893489,-10.0695715,-7.21E-21
130168000,0.45962074,0.2072367,-9.984129,-7.21E-21
130268000,0.37652355,0.2210645,-10.059003,12.095581
130372000,0.33467227,0.20707147,-9.968851,-7.21E-21
130472000,0.3252358,0.28059417,-9.879987,-7.21E-21
130572000,0.38405144,0.26778233,-9.960541,-7.21E-21
130676000,0.32413167,0.24310848,-10.016965,12.095459
130776000,0.35458103,0.14264692,-9.782472,-7.21E-21
130876000,0.40801352,0.18025883,-10.022994,-7.21E-21
130976000,0.4157805,0.25636446,-9.906918,-7.21E-21
131076000,0.35507557,0.1820947,-10.015826,-7.21E-21
131176000,0.46865475,0.15021206,-9.911759,-7.21E-21
131276000,0.3834408,0.13609272,-9.809367,12.095093
131376000,0.50528437,0.12642016,-9.910175,-7.21E-21
131476000,0.4643782,0.15293649,-9.900072,-7.21E-21
131576000,0.43304625,0.187283,-9.807615,-7.21E-21
131672000,0.5447148,0.1866157,-9.837195,-7.21E-21
131776000,0.5279951,0.19113828,-9.838103,-7.21E-21
131872000,0.57894635,0.21458411,-9.708136,-7.21E-21
131976000,0.5484464,0.3039733,-9.728239,-7.21E-21
132076000,0.52430433,0.113144696,-9.777947,-7.21E-21
132176000,0.5474645,0.21343657,-9.846237,-7.21E-21
132276000,0.60581654,0.23262233,-9.749939,-7.21E-21
132376000,0.5016062,0.14600648,-9.824661,-7.21E-21
132476000,0.604799,0.2209619,-9.798758,12.094055
132576000,0.45741475,0.15714031,-9.798562,-7.21E-21
132676000,0.42834187,0.13322426,-9.8368635,-7.21E-21
132776000,0.5348132,0.15415972,-9.677109,-7.21E-21
132876000,0.48490098,0.16500923,-9.7093315,-7.21E-21
132976000,0.5332753,0.17921394,-9.694285,-7.21E-21
133076000,0.59420556,0.13487603,-9.696062,12.093567
133176000,0.5221726,0.24110089,-9.792029,-7.21E-21
133276000,0.6226112,0.20409186,-9.819072,-7.21E-21
133376000,0.5100557,0.16335896,-9.822162,-7.21E-21
133476000,0.46609625,0.23393594,-9.712031,-7.21E-21
133576000,0.6585171,0.2545814,-9.635215,-7.21E-21
133672000,0.6226875,0.19644113,-9.725039,-7.21E-21
133776000,0.5480731,0.2344496,-9.850114,-7.21E-21
133876000,0.6017751,0.110952355,-9.792087,-7.21E-21
133976000,0.5300076,0.21108763,-9.722804,-7.21E-21
134076000,0.5259868,0.20178173,-9.861332,-7.21E-21
134176000,0.57321626,0.12173825,-9.727624,-7.21E-21
134276000,0.56933606,0.3322464,-9.83568,-7.21E-21
134376000,0.55838794,0.16453299,-9.896513,12.092621
134476000,0.55489117,0.16773894,-9.807693,-7.21E-21
134576000,0.650447,0.0822504,-9.828909,-7.21E-21
134676000,0.5857765,0.17490768,-9.686604,-7.21E-21
134776000,0.59108204,0.21830052,-9.812519,-7.21E-21
134876000,0.5227311,0.25661168,-9.849461,-7.21E-21
134976000,0.65200156,0.25032502,-9.737358,12.092224
135076000,0.5985316,0.27570733,-9.808615,-7.21E-21
135176000,0.7131259,0.21750145,-9.829884,-7.21E-21
135276000,0.5933682,0.2259961,-9.758458,-7.21E-21
135376000,0.58662486,0.19574785,-9.773492,-7.21E-21
135476000,0.6241606,0.19610246,-9.813054,12.091888
135576000,0.687479,0.31165496,-9.774591,-7.21E-21
135672000,0.6322405,0.13438334,-9.837346,-7.21E-21
135776000,0.6309549,0.27876744,-9.8056965,-7.21E-21
135876000,0.76383585,0.30365872,-9.676414,-7.21E-21
135976000,0.5438314,0.22796373,-9.813356,-7.21E-21
136076000,0.61987,0.3059166,-9.688824,-7.21E-21
136176000,0.7504358,0.24966446,-9.866245,12.09137
136272000,0.65262187,0.2750138,-9.8194065,-7.21E-21
136376000,0.68924177,0.20952669,-9.6771345,-7.21E-21
136476000,0.67708695,0.14365397,-9.754758,-7.21E-21
136576000,0.67859787,0.35990876,-9.782756,-7.21E-21
136676000,0.68967044,0.12863736,-9.682003,12.091003
136776000,0.6317744,0.2521992,-9.730224,-7.21E-21
136876000,0.67102706,0.28793812,-9.6770115,-7.21E-21
136976000,0.6443269,0.21491306,-9.81455,-7.21E-21
137076000,0.8058469,0.28761092,-9.842202,-7.21E-21
137176000,0.659054,0.03890398,-9.892851,-7.21E-21
137276000,0.6457003,0.21960314,-9.625449,12.090485
137376000,0.6700774,0.2543803,-9.693759,-7.21E-21
137476000,0.6756805,0.13557981,-9.640934,-7.21E-21
137576000,0.72688437,0.20482276,-9.670786,-7.21E-21
137676000,0.7395111,0.27225518,-9.722027,-7.21E-21
137776000,0.75551385,0.24313878,-9.896778,-7.21E-21
137876000,0.72336584,0.16958547,-9.720969,12.089996
137976000,0.6809997,0.21121041,-9.747657,12.089905
138076000,0.6605731,0.2306406,-9.741644,-7.21E-21
138176000,0.66786385,0.29378757,-9.8195505,-7.21E-21
138276000,0.7679469,0.15980871,-9.834686,-7.21E-21
138376000,0.77313334,0.18878947,-9.694576,-7.21E-21
138476000,0.73924667,0.32819107,-9.613064,-7.21E-21
138576000,0.69923556,0.24467789,-9.716672,-7.21E-21
138676000,0.7535554,0.20488538,-9.899478,-7.21E-21
138776000,0.6455019,0.15143017,-9.757686,-7.21E-21
138876000,0.72384214,0.2139176,-9.644422,-7.21E-21
138976000,0.68863326,0.23798367,-9.608196,-7.21E-21
139076000,0.74640834,0.25779134,-9.678411,12.088989
139176000,0.7827315,0.16329043,-9.745128,-7.21E-21
139276000,0.84643537,0.23654625,-9.632972,-7.21E-21
139376000,0.7810036,0.22100854,-9.812404,-7.21E-21
139476000,0.81894636,0.060253385,-9.7276945,-7.21E-21
139576000,0.6447306,0.14903286,-9.668745,-7.21E-21
139676000,0.8337616,0.21396928,-9.7457485,12.08847
139776000,0.71769196,0.11675215,-9.734165,-7.21E-21
139876000,0.7779644,0.19509281,-9.757885,-7.21E-21
139976000,0.70506513,0.32093576,-9.694804,-7.21E-21
140076000,0.8052025,0.2809028,-9.687652,-7.21E-21
140176000,0.77443266,0.2640746,-9.821425,-7.21E-21
140276000,0.9878026,0.23487708,-9.800046,12.087982
140376000,0.793817,0.24473964,-9.811682,-7.21E-21
140476000,0.8775315,0.23455364,-9.773058,-7.21E-21
140576000,0.83852357,0.27963242,-9.7622,-7.21E-21
140672000,0.77980375,0.080132745,-9.684743,-7.21E-21
140776000,0.9006685,0.1829724,-9.696268,-7.21E-21
140876000,0.70337516,0.08900302,-9.700463,12.087494
140976000,0.801948,0.14806397,-9.683399,-7.21E-21
141076000,0.7415331,0.16986986,-9.696703,-7.21E-21
141172000,0.8396941,0.19585192,-9.727898,-7.21E-21
141276000,0.69372165,0.0695048,-9.835169,-7.21E-21
141376000,0.8412171,0.13094889,-9.773195,-7.21E-21
141476000,0.86451566,0.17466024,-9.766407,12.087006
141576000,0.786995,0.1488258,-9.6974125,-7.21E-21
141676000,0.7256888,0.19752918,-9.800779,-7.21E-21
141776000,0.86398107,0.0856713,-9.747709,-7.21E-21
141876000,0.86548984,0.1157613,-9.658949,-7.21E-21
141976000,0.86916924,0.10680682,-9.815856,-7.21E-21
142076000,0.7070485,0.047312327,-9.773697,-7.21E-21
142176000,0.8671496,0.28535435,-9.748731,-7.21E-21
142276000,0.7866335,0.41183418,-9.749499,-7.21E-21
142376000,0.80202144,0.14466625,-9.669371,-7.21E-21
142476000,0.7993561,0.3290808,-9.764041,-7.21E-21
142576000,0.8946918,0.11292644,-9.827129,-7.21E-21
142672000,0.7577501,0.28243378,-9.802542,-7.21E-21
142776000,0.7595105,0.24849023,-9.6592655,-7.21E-21
142876000,0.7217029,0.2052373,-9.869948,-7.21E-21
142976000,0.8714944,0.2248793,-9.756464,-7.21E-21
143076000,0.8884749,0.18945299,-9.751605,-7.21E-21
143176000,0.94161886,0.30874583,-9.632887,-7.21E-21
143276000,0.91460973,0.17902553,-9.790551,12.085632
143376000,0.9049376,0.25591746,-9.670198,-7.21E-21
143476000,0.86762726,0.25145534,-9.7503605,-7.21E-21
143576000,0.85922337,0.107037224,-9.803419,-7.21E-21
143676000,0.82304734,0.27406305,-9.691795,-7.21E-21
143776000,0.8628903,0.2223669,-9.768122,-7.21E-21
143876000,0.90152687,0.19349462,-9.80349,12.085266
143976000,0.8909907,0.24617398,-9.77864,12.085205
144076000,0.88134146,0.23091605,-9.812687,-7.21E-21
144176000,0.8991022,0.21305753,-9.837589,-7.21E-21
144276000,0.8802484,0.21670201,-9.822608,-7.21E-21
144376000,0.910464,0.19151379,-9.847836,-7.21E-21
144476000,0.84605587,0.074950285,-9.822426,12.08493
144576000,0.90058875,0.38535178,-9.851652,12.084869
144676000,0.90710163,0.32250404,-9.655854,-7.21E-21
144776000,0.8023665,0.28658476,-9.667172,-7.21E-21
144876000,0.8423212,0.21736734,-9.746362,-7.21E-21
144976000,0.83362156,0.22857492,-9.703153,-7.21E-21
145076000,0.9891938,0.17430058,-9.690221,-7.21E-21
145176000,0.8819313,0.17071459,-9.749122,-7.21E-21
145276000,0.9894034,0.15579908,-9.796903,-7.21E-21
145376000,0.88147205,0.28927195,-9.794216,-7.21E-21
145476000,0.85398334,0.092787944,-9.778486,-7.21E-21
145576000,0.94304496,0.1637053,-9.685013,-7.21E-21
145676000,0.7439389,0.16407447,-9.75288,12.08432
145776000,1.0396727,0.28488815,-9.812678,-7.21E-21
145876000,0.8586867,0.17664602,-9.859621,-7.21E-21
145976000,0.88895136,0.22755755,-9.686363,-7.21E-21
146076000,1.0497836,0.20068994,-9.792559,-7.21E-21
146176000,0.92200935,0.28872213,-9.770492,-7.21E-21
146276000,0.896632,0.23990154,-9.762562,12.084045
146376000,0.87394285,0.14420457,-9.765901,-7.21E-21
146476000,0.9081206,0.22227553,-9.822019,-7.21E-21
146576000,0.931233,0.18061034,-9.8856945,-7.21E-21
146672000,0.9989619,0.19170852,-9.800573,-7.21E-21
146776000,0.99852926,0.31132767,-9.840671,-7.21E-21
146876000,0.83247834,0.119785674,-9.703771,12.083801
146976000,0.8823536,0.18373077,-9.704387,-7.21E-21
147076000,0.9235966,0.23267996,-9.739388,-7.21E-21
147176000,0.89301306,0.19814552,-9.727693,-7.21E-21
147276000,1.0289708,0.1372897,-9.709203,-7.21E-21
147376000,1.0175784,0.20373066,-9.906401,-7.21E-21
147476000,0.9211713,0.23948647,-9.708482,-7.21E-21
147576000,1.0162948,0.11729031,-9.652979,-7.21E-21
147676000,0.91486984,0.10857113,-9.780485,-7.21E-21
147776000,0.9595247,0.11549142,-9.763315,-7.21E-21
147876000,0.9141622,0.19660363,-9.728925,-7.21E-21
147976000,0.9749119,0.13541593,-9.62251,-7.21E-21
148076000,0.94993234,0.31487912,-9.754814,12.083374
148176000,0.97376794,0.25659525,-9.699894,-7.21E-21
148276000,0.96346605,0.31677648,-9.746323,-7.21E-21
148376000,0.91440934,0.20373383,-9.576923,-7.21E-21
148476000,0.9761343,0.1573402,-9.714652,-7.21E-21
148576000,1.0783266,0.1867464,-9.79398,-7.21E-21
148676000,0.82566315,0.0821142,-9.744548,12.083221
148776000,-0.46733177,0.1040361,-9.654047,-7.21E-21
148876000,-0.40887034,0.17068289,-9.16364,-7.21E-21
148976000,-0.5491397,0.23870674,-8.448638,-7.21E-21
149076000,-0.52035755,0.23225924,-7.9143295,-7.21E-21
149176000,-0.6123809,0.30286792,-7.747161,-7.21E-21
149276000,-0.6596,0.24596208,-7.9676485,12.084137
149376000,-0.49013543,0.2569785,-8.155529,-7.21E-21
149476000,-0.45983604,0.14859769,-8.635759,-7.21E-21
149576000,-0.39047503,0.22756858,-8.741264,-7.21E-21
149676000,-0.4187971,0.21295722,-8.855532,-7.21E-21
149776000,-0.33460408,0.24540503,-8.898006,-7.21E-21
149876000,-0.42534542,0.14478326,-8.996553,12.088654
149976000,-0.22847067,0.26199,-8.867142,12.0896
150076000,-0.399846,0.19376442,-8.917123,-7.21E-21
150176000,-0.27359402,0.13404897,-9.028069,-7.21E-21
150276000,-0.15736984,0.2900082,-9.026547,-7.21E-21
150376000,-0.41183275,0.20490299,-8.971802,-7.21E-21
150476000,-0.33108318,0.18923995,-9.091823,-7.21E-21
150576000,-0.34249797,0.20251568,-9.185969,-7.21E-21
150676000,-0.34096318,0.18888564,-9.2590475,-7.21E-21
150776000,-0.39877778,0.2850951,-9.388436,-7.21E-21
150876000,-0.34775925,0.19190885,-9.550608,-7.21E-21
150976000,-0.3335706,0.1538359,-9.629722,-7.21E-21
151076000,-0.3252597,0.09669756,-9.796336,-7.21E-21
151176000,-0.27758473,0.1918788,-9.899334,-7.21E-21
151276000,-0.40136188,0.19921683,-9.826313,-7.21E-21
151376000,-0.38437483,0.2560671,-10.039836,-7.21E-21
151476000,-0.3919198,0.17915651,-9.978219,-7.21E-21
151576000,-0.2642361,0.21520907,-10.166591,-7.21E-21
151676000,-0.3602385,0.1520671,-10.267313,-7.21E-21
151776000,-0.35428703,0.22222617,-10.396389,-7.21E-21
151876000,-0.32958743,0.14227682,-10.396622,-7.21E-21
151976000,-0.36512348,0.24089967,-10.559868,-7.21E-21
152076000,-0.3806431,0.2726957,-10.490152,-7.21E-21
152176000,-0.37816674,0.25611487,-10.542454,-7.21E-21
152276000,-0.39595765,0.22815977,-10.5037155,12.120575
152376000,-0.35441548,0.3204024,-10.474372,-7.21E-21
152476000,-0.33822966,0.2104561,-10.585668,-7.21E-21
152576000,-0.25235212,0.2444038,-10.492247,-7.21E-21
152676000,-0.31648517,0.2665426,-10.555106,-7.21E-21
152776000,-0.35130036,0.14820106,-10.450516,-7.21E-21
152876000,-0.3376936,0.3457709,-10.34214,12.126892
152976000,-0.40389964,0.23881696,-10.326246,-7.21E-21
153076000,-0.35248023,0.21492417,-10.371449,-7.21E-21
153176000,-0.33664933,0.24752499,-10.111827,-7.21E-21
153276000,-0.40765476,0.21713752,-10.195252,-7.21E-21
153376000,-0.38271832,0.29108325,-10.104094,-7.21E-21
153476000,-0.3688061,0.16539055,-9.977408,12.1319275
153576000,-0.22932963,0.2173233,-9.899412,12.13266
153676000,-0.33688432,0.19606122,-9.914547,-7.21E-21
153776000,-0.41178617,0.2296885,-9.800953,-7.21E-21
153876000,-0.23727486,0.26574752,-9.700897,-7.21E-21
153976000,-0.28982165,0.21002331,-9.780731,-7.21E-21
154076000,-0.30001137,0.20258096,-9.617987,-7.21E-21
154172000,-0.27018595,0.23931578,-9.617489,12.13736
154276000,-0.37023816,0.26482442,-9.544279,-7.21E-21
154376000,-0.23883948,0.36845514,-9.60874,-7.21E-21
154476000,-0.3668794,0.30907613,-9.52562,-7.21E-21
154576000,-0.28654015,0.22671868,-9.320063,-7.21E-21
154672000,-0.38265884,0.14952831,-9.428642,-7.21E-21
154776000,-0.3934666,0.20363584,-9.324796,12.142578
154876000,-0.3300866,0.15045944,-9.309772,-7.21E-21
154976000,-0.3674235,0.20309183,-9.4385,-7.21E-21
155076000,-0.24778101,0.29929993,-9.370116,-7.21E-21
155176000,-0.32582211,0.19702384,-9.383243,-7.21E-21
155276000,-0.34205127,0.20920461,-9.396999,-7.21E-21
155376000,-0.22988743,0.3267566,-9.438813,-7.21E-21
155476000,-0.1699494,0.17684677,-9.395819,-7.21E-21
155576000,-0.2923889,0.22120029,-9.571032,-7.21E-21
155676000,-0.35308096,0.33333144,-9.522639,-7.21E-21
155776000,-0.36708277,0.17768878,-9.563241,-7.21E-21
155876000,-0.28080723,0.20468692,-9.652482,12.154572
155976000,-0.31883654,0.20924243,-9.7926445,-7.21E-21
156076000,-0.40551245,0.14939709,-9.799126,-7.21E-21
156176000,-0.28979543,0.29913488,-9.665093,-7.21E-21
156276000,-0.35045207,0.104787685,-9.825182,-7.21E-21
156376000,-0.35628656,0.29358122,-9.845888,-7.21E-21
156476000,-0.30029663,0.19200331,-9.978437,12.161865
156576000,-0.2705328,0.24247539,-9.959885,12.163025
156676000,-0.36256927,0.3204669,-10.107395,-7.21E-21
156772000,-0.35000098,0.33956608,-10.016305,-7.21E-21
156876000,-0.28374016,0.23026726,-10.068512,-7.21E-21
156976000,-0.3484918,0.09849045,-10.008897,-7.21E-21
157076000,-0.35906193,0.26603824,-10.151788,-7.21E-21
157176000,-0.38051602,0.2535967,-10.197262,-7.21E-21
157276000,-0.24212988,0.16073395,-10.091251,-7.21E-21
157376000,-0.26701367,0.22720367,-10.213045,-7.21E-21
157476000,-0.38564938,0.27041736,-10.100012,-7.21E-21
157576000,-0.31063583,0.2967794,-10.176622,-7.21E-21
157676000,-0.3424246,0.16648853,-10.122399,12.175415
157776000,-0.41502312,0.25344223,-10.220256,-7.21E-21
157876000,-0.16848205,0.2084211,-10.053541,-7.21E-21
157976000,-0.39967224,0.20009275,-10.142208,-7.21E-21
158076000,-0.44542274,0.16548763,-10.076553,-7.21E-21
158176000,-0.20251988,0.20846573,-10.108144,-7.21E-21
158276000,-0.22155622,0.23771411,-10.002835,12.181274
158376000,-0.18854955,0.21279193,-9.981581,-7.21E-21
158476000,-0.33727193,0.22531103,-9.90348,-7.21E-21
158576000,-0.24309756,0.20359659,-10.06536,-7.21E-21
158672000,-0.30863118,0.1686851,-9.84809,-7.21E-21
158776000,-0.40240785,0.18431811,-9.8305645,-7.21E-21
158876000,-0.30278572,0.198958,-9.890184,12.186768
158976000,-0.2115626,0.3391037,-9.764709,-7.21E-21
159076000,-0.28223634,0.35446373,-9.786619,-7.21E-21
159176000,-0.21960384,0.2533038,-9.831188,-7.21E-21
159276000,-0.17854288,0.2907496,-9.7656355,-7.21E-21
159376000,-0.3453069,0.22427207,-9.721953,-7.21E-21
159476000,-0.2583262,0.2529909,-9.70744,-7.21E-21
159576000,-0.2466681,0.24870875,-9.739847,-7.21E-21
159676000,-0.26120582,0.24184358,-9.59305,-7.21E-21
159776000,-0.26468045,0.31471437,-9.651048,-7.21E-21
159876000,-0.1425764,0.3706369,-9.681667,-7.21E-21
159976000,-0.17667677,0.12976165,-9.73263,-7.21E-21
160076000,-0.40820876,0.17898716,-9.762574,12.19812
160176000,-0.3228626,0.21267284,-9.552302,-7.21E-21
160276000,-0.25998822,0.34458023,-9.772211,-7.21E-21
160376000,-0.266605,0.111835025,-9.692923,-7.21E-21
160476000,-0.19353676,0.22060043,-9.672135,-7.21E-21
160576000,-0.3150413,0.24328507,-9.730045,-7.21E-21
160676000,-0.2363918,0.28804654,-9.743876,12.204407
160772000,-0.38143075,0.3336206,-9.682056,-7.21E-21
160876000,-0.17588335,0.36384097,-9.688149,-7.21E-21
160976000,-0.3205081,0.26990813,-9.840996,-7.21E-21
161076000,-0.19800018,0.29789305,-9.847773,-7.21E-21
161176000,-0.2119015,0.2998269,-9.775234,-7.21E-21
161276000,-0.25160646,0.19723974,-9.760769,12.2109375
161376000,-0.20631513,0.18884113,-9.879162,-7.21E-21
161476000,-0.3304227,0.11725056,-10.009158,-7.21E-21
161576000,-0.21862932,0.19153078,-9.968106,-7.21E-21
161676000,-0.33483246,0.24317329,-9.906463,-7.21E-21
161776000,-0.33090037,0.21349138,-9.984132,-7.21E-21
161876000,-0.2717305,0.20878781,-9.979978,-7.21E-21
161976000,-0.3638119,0.2416975,-10.026521,12.218506
162076000,-0.3016243,0.18857263,-9.986158,-7.21E-21
162176000,-0.3445855,0.33066005,-9.899399,-7.21E-21
162276000,-0.47836503,0.20772429,-9.994925,-7.21E-21
162376000,-0.21844861,0.17938647,-9.910366,-7.21E-21
162476000,-0.18656714,0.36747438,-10.154523,-7.21E-21
162576000,-0.1409711,0.1721941,-10.037156,-7.21E-21
162676000,-0.20730098,0.2679694,-9.944691,-7.21E-21
162776000,-0.17152013,0.29690215,-9.957726,-7.21E-21
162876000,-0.28586707,0.32170323,-10.072797,-7.21E-21
162976000,-0.26049393,0.26118934,-10.029018,-7.21E-21
163076000,-0.2742413,0.3563372,-9.94799,12.229828
163176000,-0.24465807,0.25038236,-9.816691,-7.21E-21
163276000,-0.18572259,0.21026093,-9.941166,-7.21E-21
163376000,-0.24728376,0.179949,-9.988163,-7.21E-21
163476000,-0.24272719,0.15518595,-9.875386,-7.21E-21
163576000,-0.11442757,0.28492606,-9.883045,-7.21E-21
163676000,-0.23114145,0.17990491,-9.807137,-7.21E-21
163776000,-0.19536957,0.19432835,-9.939042,12.236572
163876000,-0.1956874,0.26346454,-9.821692,-7.21E-21
163976000,-0.22607358,0.17808029,-9.830333,-7.21E-21
164076000,-0.15488112,0.23162268,-9.952182,-7.21E-21
164176000,-0.2891067,0.19825049,-9.76037,-7.21E-21
164276000,-0.27980283,0.22536944,-9.780756,-7.21E-21
164376000,-0.27680686,0.24779013,-9.773842,-7.21E-21
164476000,-0.24751358,0.30197695,-9.903868,-7.21E-21
164576000,-0.13011998,0.39466605,-9.781867,-7.21E-21
164676000,-0.23370758,0.21963045,-9.701465,-7.21E-21
164776000,-0.30633906,0.15142758,-9.873249,-7.21E-21
164876000,-0.36867523,0.18790291,-9.8078,12.247253
164976000,-0.37651902,0.2285565,-9.65434,12.248199
165076000,-0.30752063,0.2797144,-9.781344,-7.21E-21
165176000,-0.26013342,0.14618436,-9.854495,-7.21E-21
165276000,-0.37514114,0.18982427,-9.732189,-7.21E-21
165376000,-0.32328403,0.1520205,-9.8790245,-7.21E-21
165472000,-0.2620705,0.24766502,-9.769208,-7.21E-21
165576000,-0.23931554,0.085791506,-9.880317,12.254211
165676000,-0.37358567,0.20934656,-9.879814,-7.21E-21
165772000,-0.270888,0.21204756,-9.858081,-7.21E-21
165876000,-0.2857477,0.1735394,-9.913798,-7.21E-21
165976000,-0.086775936,0.2566181,-9.831614,-7.21E-21
166076000,-0.24376449,0.2889363,-9.879372,-7.21E-21
166176000,-0.20169786,0.33365235,-9.891431,-7.21E-21
166276000,-0.3144231,0.30421865,-9.962277,-7.21E-21
166376000,-0.24448098,0.15952685,-9.859355,-7.21E-21
166476000,-0.32905674,0.11473366,-9.891533,-7.21E-21
166576000,-0.18737192,0.23745076,-9.843319,-7.21E-21
166676000,-0.19327988,0.23501812,-9.879544,12.265442
166776000,-0.28655282,0.15522736,-9.919423,12.266418
166876000,-0.27669206,0.22946672,-9.7043295,-7.21E-21
166976000,-0.2334647,0.3505399,-9.844606,-7.21E-21
167076000,-0.20216273,0.27720776,-9.8183155,-7.21E-21
167176000,-0.15520057,0.21568774,-9.899511,-7.21E-21
167276000,-0.18893512,0.1732944,-9.767407,12.271515
167376000,-0.13401143,0.34518304,-9.888295,-7.21E-21
167476000,-0.2255902,0.26997483,-9.919132,-7.21E-21
167576000,-0.27406895,0.21646585,-9.879249,-7.21E-21
167676000,-0.3304093,0.20071088,-9.939341,-7.21E-21
167772000,-0.20117995,0.365966,-9.975386,-7.21E-21
167876000,-0.28159997,0.24866107,-9.893221,12.277435
167976000,-0.24208707,0.19822842,-9.961691,-7.21E-21
168076000,-0.262139,0.33748272,-9.852913,-7.21E-21
168176000,-0.2565054,0.27938727,-9.951534,-7.21E-21
168276000,-0.23065327,0.26992407,-9.856664,-7.21E-21
168376000,-0.23046131,0.20577084,-9.849672,-7.21E-21
168476000,-0.25607958,0.3133923,-9.987888,12.283264
168576000,-0.16739118,0.26725426,-9.820668,12.28418
168676000,-0.3239084,0.27381867,-9.8768425,-7.21E-21
168776000,-0.18907325,0.12372054,-9.936112,-7.21E-21
168876000,-0.23967478,0.22101997,-9.822073,-7.21E-21
168976000,-0.19739996,0.15080081,-9.902703,-7.21E-21
169076000,-0.16759342,0.22035912,-9.949508,12.289032
169176000,-0.25078472,0.28359556,-9.895857,-7.21E-21
169276000,-0.22783083,0.331596,-9.874876,-7.21E-21
169376000,-0.35591573,0.21135454,-9.88167,-7.21E-21
169476000,-0.2961403,0.31322527,-9.8392725,-7.21E-21
169576000,-0.31821,0.3787276,-9.737926,-7.21E-21
169676000,-0.22525409,0.23723926,-9.850708,12.29483
169772000,-0.22538227,0.30160803,-9.862946,-7.21E-21
169876000,-0.24090268,0.21256326,-9.835739,-7.21E-21
169976000,-0.25216812,0.23807244,-9.772432,-7.21E-21
170076000,-0.108276196,0.2334084,-9.761897,-7.21E-21
170172000,-0.39518628,0.24410781,-9.943929,-7.21E-21
170276000,-0.24614155,0.18760595,-9.825274,12.30069
170376000,-0.17217046,0.27115336,-9.943282,12.301636
170476000,-0.2481853,0.17322394,-9.883824,-7.21E-21
170576000,-0.18660215,0.1499962,-9.927066,-7.21E-21
170676000,-0.2134986,0.27368262,-9.871741,-7.21E-21
170776000,-0.24450512,0.2992044,-9.818599,-7.21E-21
170876000,-0.23505834,0.2607344,-9.850787,12.30661
170976000,-0.28586447,0.14022015,-9.861555,-7.21E-21
171076000,-0.26608345,0.15970089,-9.821374,-7.21E-21
171176000,-0.1141547,0.2805477,-9.968851,-7.21E-21
171276000,-0.296493,0.30830726,-9.953509,-7.21E-21
171376000,-0.2233856,0.25692967,-9.879986,-7.21E-21
171476000,-0.2189243,0.24492577,-9.792458,12.3125305
171576000,-0.22652498,0.23129001,-9.727937,12.313477
171676000,-0.19744639,0.22320151,-9.808414,-7.21E-21
171776000,-0.25041154,0.23975788,-9.819136,-7.21E-21
171876000,-0.25905827,0.21193098,-9.889118,-7.21E-21
171976000,-0.264958,0.17667568,-9.8559885,-7.21E-21
172076000,-0.16298759,0.24212638,-9.755254,12.318481
172176000,-0.25608727,0.22498745,-9.891961,12.3194275
172276000,-0.20538385,0.2901786,-9.968714,-7.21E-21
172376000,-0.23957644,0.1899099,-9.786717,-7.21E-21
172476000,-0.3877066,0.14264168,-9.803662,-7.21E-21
172576000,-0.32780197,0.15870522,-9.904285,-7.21E-21
172676000,-0.14415662,0.2572284,-9.852702,-7.21E-21
172776000,-0.1973153,0.14186735,-9.855689,-7.21E-21
172876000,-0.24958535,0.3488326,-9.877062,-7.21E-21
172976000,-0.22822247,0.22600657,-9.86731,-7.21E-21
173076000,-0.28813332,0.13995014,-9.889781,-7.21E-21
173176000,-0.20298691,0.25999716,-9.830615,-7.21E-21
173276000,-0.35285237,0.23233557,-9.821428,12.330261
173376000,-0.13890043,0.20706728,-9.882358,-7.21E-21
173476000,-0.35939142,0.20961918,-9.855869,-7.21E-21
173576000,-0.3144128,0.2623506,-9.908572,-7.21E-21
173676000,-0.37134883,0.11462167,-9.864313,-7.21E-21
173776000,-0.1947187,0.2697067,-9.992806,-7.21E-21
173876000,-0.24423873,0.33796906,-9.914056,12.33609
173976000,-0.12045429,0.1744449,-9.866938,-7.21E-21
174076000,-0.2977361,0.2610889,-9.747201,-7.21E-21
174176000,-0.14024122,0.18747869,-9.879589,-7.21E-21
174276000,-0.20663829,0.19574435,-9.843506,-7.21E-21
174376000,-0.31057352,0.24798705,-9.798428,-7.21E-21
174476000,-0.23821001,0.25587952,-9.931274,12.341888
174576000,-0.15767111,0.17923103,-9.785982,-7.21E-21
174676000,-0.2139994,0.25729477,-9.795546,-7.21E-21
174776000,-0.26929668,0.089988485,-9.860696,-7.21E-21
174876000,-0.2746107,0.17935935,-9.872459,-7.21E-21
174976000,-0.21127157,0.3651548,-9.744918,-7.21E-21
175076000,-0.27409956,0.23479176,-9.830597,12.347717
175176000,-0.28010854,0.32094213,-9.726685,-7.21E-21
175276000,-0.28864178,0.3173401,-9.782624,-7.21E-21
175376000,-0.2898275,0.12553953,-9.761898,-7.21E-21
175476000,-0.39489114,0.28070292,-9.72598,-7.21E-21
175576000,-0.029139234,0.13662241,-9.843644,-7.21E-21
175676000,-0.21361357,0.19142619,-9.863922,-7.21E-21
175776000,-0.27070388,0.106998794,-9.77413,-7.21E-21
175876000,-0.12814808,0.25639313,-9.857254,-7.21E-21
175976000,-0.23859462,0.22634938,-9.696946,-7.21E-21
176076000,-0.21596317,0.22848114,-9.881473,-7.21E-21
176176000,-0.26705152,0.16056092,-9.915719,-7.21E-21
176276000,-0.26167017,0.22785945,-9.922812,-7.21E-21
176376000,-0.25212413,0.14346021,-9.791112,12.360352
176476000,-0.19207546,0.29304016,-9.754962,-7.21E-21
176576000,-0.16875573,0.25182304,-9.916198,-7.21E-21
176676000,-0.23394069,0.063486926,-9.83926,-7.21E-21
176776000,-0.3484699,0.25364628,-9.815028,-7.21E-21
176876000,-0.11422705,0.11447333,-9.838241,12.365295
176976000,-0.14663158,0.18575859,-9.871764,-7.21E-21
177076000,-0.19953662,0.18622303,-9.901422,-7.21E-21
177176000,-0.044989806,0.2025081,-9.855672,-7.21E-21
177276000,-0.17181139,0.3112874,-9.818859,-7.21E-21
177376000,-0.23514487,0.13572414,-9.911188,-7.21E-21
177476000,-0.17902805,0.13021484,-9.882779,12.371124
177576000,-0.22760972,0.26899964,-9.850354,-7.21E-21
177676000,-0.17709476,0.28940728,-9.765683,-7.21E-21
177776000,-0.13386326,0.2734223,-9.869238,-7.21E-21
177876000,-0.20228171,0.2486973,-9.823952,-7.21E-21
177976000,-0.28424156,0.23096167,-9.732841,-7.21E-21
178076000,-0.10016482,0.052361332,-9.9114,-7.21E-21
178176000,-0.25043085,0.27178416,-9.824685,12.377838
178272000,-0.25172666,0.18379621,-9.840179,-7.21E-21
178376000,-0.17877543,0.20880388,-9.863533,-7.21E-21
178476000,-0.23086448,0.3276618,-9.719478,-7.21E-21
178576000,-0.30569318,0.28587338,-9.779172,-7.21E-21
178676000,-0.2754033,0.27324018,-9.818733,-7.21E-21
178776000,-0.29943192,0.22765166,-9.792269,12.383575
178876000,-0.22718228,0.28328404,-9.827128,-7.21E-21
178976000,-0.4481624,0.21955155,-9.629138,-7.21E-21
179076000,-0.457493,0.28176862,-9.105368,-7.21E-21
179176000,-0.54713786,0.20735192,-8.7142,-7.21E-21
179276000,-0.58438295,0.18064742,-8.531389,-7.21E-21
179376000,-0.62309617,0.32900187,-8.758328,12.38974
179476000,-0.5983337,0.24491927,-9.14097,-7.21E-21
179576000,-0.49155465,0.23259425,-9.4005375,-7.21E-21
179676000,-0.29940164,0.3638537,-9.684347,-7.21E-21
179776000,-0.41967052,0.25713664,-9.758323,-7.21E-21
179876000,-0.3584365,0.09875281,-9.782224,-7.21E-21
179976000,-0.4270728,0.19296457,-9.893731,-7.21E-21
180076000,-0.43129578,0.25987285,-9.857794,-7.21E-21
180172000,-0.43629766,0.34627092,-9.980689,-7.21E-21
180276000,-0.47377875,0.2702676,-10.036297,-7.21E-21
180376000,-0.5023738,0.26252007,-10.1166315,-7.21E-21
180476000,-0.46250197,0.28744513,-10.106208,-7.21E-21
180576000,-9.512714,0.23183031,-9.757886,-7.21E-21
180676000,-9.633515,0.18234445,-9.808053,-7.21E-21
180776000,-9.616876,0.19837585,-9.838171,-7.21E-21
180876000,-9.76966,0.19865854,-9.786295,-7.21E-21
180976000,-9.772148,0.15637453,-9.774997,-7.21E-21
181076000,-10.015271,0.081269,-9.875421,12.404602
181176000,-10.090336,0.1722323,-9.65835,-7.21E-21
181276000,-10.059802,0.32982886,-9.7660265,-7.21E-21
181372000,-10.00465,0.26043597,-9.875316,-7.21E-21
181476000,-10.110523,0.32118237,-9.824869,-7.21E-21
181576000,-0.30209297,0.3625867,-9.814506,-7.21E-21
181676000,-0.29981264,0.20537463,-9.775823,12.404602
181776000,-0.27377236,0.21964547,-9.801119,-7.21E-21
181876000,-0.29091683,0.17884916,-9.885263,-7.21E-21
181976000,-0.32232788,0.24395655,-9.880461,-7.21E-21
182076000,-0.34898478,0.2189954,-9.908476,-7.21E-21
182176000,-0.28617024,0.15984526,-9.924643,-7.21E-21
182276000,-0.23812495,0.1518893,-9.725168,12.404602
182376000,-0.35514757,0.32365292,-9.803737,-7.21E-21
182476000,-0.31445926,0.20318937,-9.896593,-7.21E-21
182576000,-0.34016368,0.26248845,-9.768652,-7.21E-21
182676000,-0.2434175,0.2919509,-9.777613,-7.21E-21
182776000,-0.38306335,0.28451592,-9.6905775,-7.21E-21
182876000,-0.35594538,0.1359424,-9.821504,12.404602
182976000,-0.31958354,0.17322727,-9.805278,12.404602
183076000,-0.33892015,0.22556001,-9.6977215,-7.21E-21
183176000,-0.31703618,0.122494645,-9.830885,-7.21E-21
183276000,-0.3568448,0.26965708,-9.861102,-7.21E-21
183376000,-0.23308283,0.103983216,-9.829861,-7.21E-21
183476000,-0.37298048,0.1908686,-9.851483,12.404602
183576000,-0.2066387,0.17270026,-9.808587,-7.21E-21
183676000,-0.35725492,0.27708507,-9.811284,-7.21E-21
183776000,-0.24439172,0.2799969,-9.869581,-7.21E-21
183876000,-0.27739307,0.2919484,-9.814627,-7.21E-21
183976000,-0.32498005,0.24741574,-9.875047,-7.21E-21
184072000,-0.42589828,0.2160433,-9.879607,-7.21E-21
184176000,-0.3412875,0.24594101,-9.833756,-7.21E-21
184276000,-0.32696015,0.21784401,-9.875318,-7.21E-21
184376000,-0.30126336,0.286039,-9.884222,-7.21E-21
184472000,-0.3878522,0.22984178,-9.933918,-7.21E-21
184576000,-0.39907393,0.29059246,-9.858386,-7.21E-21
184676000,-0.31112713,0.1389911,-9.808429,12.404602
184776000,-0.34205723,0.28860825,-9.7862835,-7.21E-21
184876000,-0.26438102,0.25398692,-9.808765,-7.21E-21
184976000,-0.3498701,0.31291348,-9.93685,-7.21E-21
