timestamp,pressure,temperature
8084000,966.17804,12.404602
8180000,966.1639,12.404602
8276000,966.1633,12.404602
8372000,966.1695,12.404602
8468000,966.168,12.404602
8592000,966.1677,12.404602
8684000,966.16016,12.404602
8780000,966.1577,12.404602
8876000,966.1639,12.404572
8972000,966.1566,12.404541
9092000,966.1444,12.40448
9188000,966.15405,12.404419
9284000,966.15076,12.404388
9380000,966.15234,12.404358
9476000,966.1532,12.404236
9572000,966.1787,12.403931
9692000,966.15186,12.403137
9788000,966.12897,12.402252
9888000,966.1007,12.401154
9980000,966.0813,12.399841
10076000,966.0441,12.398346
10172000,966.0096,12.396606
10268000,965.9915,12.394653
10388000,965.9178,12.391937
10484000,965.8946,12.389496
10580000,965.84436,12.386871
10676000,965.8092,12.384033
10772000,965.7532,12.380981
10892000,965.6881,12.376831
10988000,965.6084,12.3732605
11084000,965.5331,12.369476
11180000,965.4649,12.3654785
11276000,965.398,12.361267
11372000,965.31116,12.356903
11492000,965.21497,12.351257
11588000,965.1229,12.346649
11684000,965.06366,12.341949
11780000,964.97546,12.337219
11876000,964.8706,12.332428
11972000,964.80005,12.327606
12068000,964.7105,12.322815
12188000,964.60443,12.316864
12284000,964.53186,12.312256
12380000,964.4568,12.307831
12476000,964.36383,12.303558
12572000,964.2843,12.299438
12692000,964.2211,12.294464
12788000,964.14795,12.290588
12884000,964.0754,12.286774
12984000,964.0021,12.283051
13076000,963.92316,12.279388
13196000,963.8452,12.274872
13292000,963.80975,12.271332
13388000,963.73914,12.267822
13484000,963.6781,12.264343
13580000,963.6279,12.260895
13676000,963.54584,12.257477
13796000,963.47754,12.253235
13892000,963.4128,12.249878
13988000,963.35266,12.2465515
14084000,963.29694,12.243225
14180000,963.24176,12.239929
14300000,963.1733,12.235809
14396000,963.1061,12.232544
14492000,963.0458,12.229309
14588000,963.03094,12.226074
14684000,962.9368,12.222839
14780000,962.8788,12.219635
14876000,962.83887,12.216431
14996000,962.7618,12.212463
15092000,962.71277,12.209259
15188000,962.61926,12.206085
15284000,962.5701,12.202911
15380000,962.53046,12.199768
15500000,962.465,12.195831
15600000,962.40576,12.192657
15692000,962.35046,12.189545
15788000,962.30414,12.186401
15888000,962.231,12.183289
15980000,962.186,12.180176
16100000,962.113,12.1763
16196000,962.07794,12.173187
16292000,961.9876,12.1701355
16388000,961.95074,12.167053
16484000,961.9042,12.164001
16580000,961.84515,12.16098
16700000,961.7912,12.157196
16796000,961.70435,12.154205
16892000,961.6661,12.151184
16988000,961.60675,12.148224
17084000,961.5584,12.145233
17180000,961.50476,12.142303
17300000,961.46155,12.138611
17396000,961.39966,12.135681
17492000,961.3416,12.132751
17588000,961.2822,12.129852
17684000,961.22534,12.126953
17780000,961.19684,12.124054
17900000,961.12024,12.120453
17996000,961.0695,12.117584
18092000,961.0285,12.114716
18188000,960.96497,12.111847
18284000,960.9261,12.109009
18384000,960.869,12.10614
18500000,960.80145,12.1026
18596000,960.7568,12.099762
18692000,960.6991,12.096924
18788000,960.64294,12.094116
18888000,960.6123,12.091278
18980000,960.5662,12.08847
19076000,960.5056,12.085663
19196000,960.4382,12.082123
19292000,960.3816,12.079315
19388000,960.33466,12.076508
19484000,960.2922,12.07373
19584000,960.2327,12.070923
19700000,960.1815,12.067413
19796000,960.1374,12.064606
19892000,960.07086,12.061829
19988000,960.0378,12.059082
20084000,959.9739,12.0563965
20180000,959.94403,12.053864
20276000,959.88824,12.051483
20396000,959.86456,12.048798
20492000,959.8255,12.0469055
20588000,959.78467,12.045258
20684000,959.74524,12.043823
20784000,959.7327,12.042633
20876000,959.7314,12.041626
20996000,959.7136,12.040649
21092000,959.69714,12.0401
21188000,959.6946,12.039703
21284000,959.68695,12.039398
21380000,959.6868,12.039154
21500000,959.6948,12.038788
21596000,959.6602,12.03833
21692000,959.6673,12.037689
21788000,959.66895,12.036926
21884000,959.6252,12.036011
21980000,959.5994,12.034943
22076000,959.58905,12.033783
22196000,959.56903,12.032166
22292000,959.5288,12.030762
22388000,959.5079,12.029236
22484000,959.473,12.027679
22580000,959.4597,12.026001
22700000,959.4134,12.023865
22796000,959.38477,12.022064
22892000,959.3458,12.020203
22992000,959.31116,12.01828
23084000,959.2744,12.016266
23180000,959.2347,12.014221
23300000,959.1967,12.011566
23396000,959.1642,12.009338
23492000,959.11115,12.00708
23588000,959.07654,12.00473
23684000,959.02734,12.002319
23780000,958.9915,11.999878
23900000,958.9493,11.996735
23996000,958.88965,11.994171
24096000,958.8209,11.991547
24188000,958.78394,11.988892
24284000,958.74,11.986206
24380000,958.6963,11.98349
24476000,958.663,11.980743
24596000,958.57904,11.977264
24692000,958.54816,11.974426
24788000,958.4881,11.971588
24884000,958.4402,11.9687195
24980000,958.38184,11.96582
25100000,958.3287,11.962158
25196000,958.24567,11.9591675
25292000,958.211,11.956177
25392000,958.1563,11.953125
25484000,958.0959,11.950043
25580000,958.0333,11.946899
25700000,957.95703,11.942932
25796000,957.9336,11.939697
25892000,957.86163,11.936462
25988000,957.8064,11.933136
26084000,957.7372,11.92981
26180000,957.69794,11.926453
26300000,957.61676,11.922211
26400000,957.56067,11.918793
26492000,957.48303,11.915344
26588000,957.4251,11.911896
26684000,957.38727,11.908447
26780000,957.31415,11.904999
26876000,957.24274,11.90152
26996000,957.1824,11.897186
27092000,957.10657,11.893738
27192000,957.0317,11.890259
27284000,956.9842,11.886841
27380000,956.92523,11.883392
27500000,956.8366,11.87912
27596000,956.7916,11.875732
27692000,956.72296,11.8723755
27788000,956.68365,11.869019
27884000,956.61633,11.865723
27980000,956.5534,11.862427
28100000,956.49927,11.858368
28196000,956.44305,11.855164
28292000,956.3617,11.85199
28388000,956.3078,11.848846
28484000,956.2612,11.845734
28580000,956.20795,11.842621
28676000,956.1342,11.839569
28796000,956.10474,11.835785
28892000,956.0353,11.832794
28988000,955.97546,11.829834
29108000,955.9149,11.826141
29204000,955.87195,11.823242
29300000,955.80133,11.820343
29396000,955.7459,11.817444
29515999,955.69116,11.813843
29616000,955.63226,11.810974
29707999,955.5983,11.808136
29804000,955.5441,11.805328
29924000,955.49133,11.801727
30020000,955.4368,11.798737
30116000,955.3831,11.795685
30235999,955.3228,11.791718
30332000,955.25964,11.788483
30432000,955.1731,11.785217
30524000,955.15826,11.781952
30620000,955.09,11.7786255
30740000,955.00006,11.774414
30836000,954.952,11.770996
30932000,954.8745,11.767578
31028000,954.8279,11.764099
31124000,954.76715,11.76062
31220000,954.7024,11.757202
31340000,954.64496,11.753052
31436000,954.59076,11.749908
31532000,954.52026,11.746918
31632000,954.46747,11.744141
31724000,954.4409,11.741577
31820000,954.36316,11.739227
31940000,954.34125,11.736603
32036000,954.32623,11.734741
32132000,954.2833,11.733124
32228000,954.24664,11.731689
32324000,954.2238,11.730469
32420000,954.22943,11.729462
32540000,954.1954,11.728455
32636000,954.1849,11.727905
32732000,954.1764,11.727509
32828000,954.1776,11.727264
32924000,954.161,11.727234
33020000,954.1778,11.727325
33140000,954.1828,11.727631
33236000,954.19147,11.728058
33332000,954.20636,11.728577
33428000,954.2158,11.729187
33528000,954.21985,11.729919
33620000,954.25366,11.730713
33716000,954.24786,11.731567
33840000,954.2507,11.732758
33932000,954.2838,11.733734
34028000,954.33887,11.734772
34124000,954.33545,11.73584
34220000,954.352,11.736938
34340000,954.3648,11.738342
34436000,954.39264,11.739502
34532000,954.3849,11.740631
34628000,954.42194,11.741821
34724000,954.4426,11.742981
34820000,954.46265,11.744141
34916000,954.4963,11.7453
35040000,954.5378,11.746704
35132000,954.53644,11.747833
35228000,954.54694,11.748901
35324000,954.5691,11.7499695
35420000,954.60535,11.750946
35540000,954.61334,11.752136
35636000,954.62024,11.753021
35732000,954.661,11.753845
35828000,954.6686,11.754608
35924000,954.6659,11.75531
36020000,954.69147,11.755951
36140000,954.69464,11.756653
36236000,954.69617,11.757141
36336000,954.7143,11.757568
36428000,954.7246,11.757935
36524000,954.7152,11.758301
36620000,954.7375,11.758606
36740000,954.75085,11.758942
36836000,954.7404,11.759155
36932000,954.75305,11.759369
37028000,954.74054,11.759552
37124000,954.74786,11.759705
37220000,954.75604,11.759827
37316000,954.7559,11.759949
37436000,954.761,11.760071
37532000,954.7462,11.760162
37628000,954.76105,11.760223
37724000,954.7449,11.760254
37820000,954.74475,11.760284
37916000,954.77045,11.760315
38036000,954.7621,11.760345
38132000,954.74475,11.760345
38228000,954.7447,11.760315
38324000,954.7565,11.760315
38420000,954.73883,11.760284
38540000,954.756,11.760254
38636000,954.7718,11.760223
38732000,954.76227,11.760193
38828000,954.76227,11.760162
38924000,954.7613,11.760101
39020000,954.7638,11.76004
39140000,954.7651,11.759979
39236000,954.74945,11.759918
39332000,954.7468,11.759857
39428000,954.7503,11.759796
39524000,954.7545,11.759735
39620000,954.7567,11.759644
39716000,954.75555,11.7595825
39836000,954.7373,11.759491
39932000,954.7461,11.75943
40028000,954.7289,11.759338
40124000,954.75397,11.759277
40220000,954.7656,11.759186
40340000,954.75543,11.759094
40436000,954.73584,11.759003
40532000,954.72,11.758942
40628000,954.7334,11.75885
40724000,954.7458,11.758759
40820000,954.73865,11.7586975
40940000,954.74023,11.758606
41040000,954.74036,11.758514
41132000,954.74786,11.758453
41228000,954.699,11.758362
41324000,954.7158,11.758301
41420000,954.71826,11.75824
41516000,954.7043,11.758179
41636000,954.7107,11.758087
41732000,954.72015,11.758026
41828000,954.71985,11.757965
41924000,954.70654,11.757904
42020000,954.7124,11.757843
42116000,954.73193,11.757782
42236000,954.70435,11.757721
42332000,954.71344,11.75766
42428000,954.74005,11.757599
42524000,954.7026,11.757568
42620000,954.7119,11.757507
42740000,954.7021,11.757446
42840000,954.7051,11.757416
42932000,954.73254,11.757355
43028000,954.7142,11.757324
43124000,954.7079,11.757263
43220000,954.7048,11.757233
43340000,954.6988,11.757202
43436000,954.7132,11.757141
43532000,954.6923,11.757111
43628000,954.6939,11.75708
43724000,954.6956,11.75705
43820000,954.6959,11.757019
43940000,954.7101,11.756989
44036000,954.7141,11.756958
44132000,954.7093,11.7569275
44228000,954.7057,11.756897
44324000,954.70435,11.756866
44420000,954.68085,11.756836
44540000,954.6898,11.756805
44636000,954.6809,11.756775
44732000,954.7107,11.756744
44828000,954.70233,11.756744
44924000,954.6988,11.756714
45020000,954.68835,11.756683
45140000,954.67145,11.756653
45236000,954.68524,11.756622
45332000,954.69073,11.756592
45428000,954.68805,11.756592
45524000,954.7024,11.756561
45620000,954.6835,11.756531
45740000,954.6789,11.7565
45836000,954.6809,11.75647
45932000,954.6792,11.756439
46028000,954.6938,11.756409
46124000,954.68805,11.756378
46220000,954.68677,11.756348
46316000,954.67065,11.756317
46436000,954.6739,11.756287
46532000,954.66516,11.756256
46628000,954.6956,11.756226
46724000,954.68274,11.756195
46820000,954.69293,11.756165
46940000,954.69183,11.756134
47036000,954.6862,11.7561035
47132000,954.6814,11.756073
47228000,954.6706,11.7560425
47324000,954.69586,11.756012
47420000,954.6862,11.755981
47540000,954.6962,11.75592
47636000,954.6846,11.75589
47732000,954.67084,11.75589
47828000,954.6959,11.755951
47924000,954.68304,11.756073
48020000,954.6889,11.756195
48140000,954.67883,11.756256
48236000,954.6686,11.756134
48332000,954.67944,11.75592
48428000,954.6787,11.755585
48524000,954.66766,11.7552185
48620000,954.6708,11.754822
48740000,954.63574,11.754211
48836000,954.64294,11.753693
48932000,954.6354,11.753143
49028000,954.5961,11.752563
49124000,954.61505,11.752014
49220000,954.59717,11.751465
49340000,954.5891,11.750824
49436000,954.5745,11.750336
49532000,954.5715,11.749908
49628000,954.5586,11.749542
49724000,954.5677,11.749237
49820000,954.55865,11.748993
49940000,954.55475,11.74881
50036000,954.5656,11.748779
50132000,954.5599,11.748901
50228000,954.5508,11.749115
50324000,954.5701,11.749451
50420000,954.5709,11.749908
50540000,954.58606,11.750702
50636000,954.5953,11.751465
50732000,954.60785,11.75235
50828000,954.64014,11.753326
50924000,954.6546,11.754425
51020000,954.68536,11.755615
51140000,954.6949,11.757324
51236000,954.73224,11.75882
51332000,954.76404,11.7604065
51428000,954.79144,11.762085
51524000,954.81903,11.7638855
51620000,954.8559,11.765717
51740000,954.8745,11.768127
51836000,954.9482,11.770081
51932000,954.98193,11.772064
52028000,955.01605,11.774078
52124000,955.03766,11.776154
52220000,955.065,11.77829
52340000,955.13824,11.781006
52436000,955.1605,11.783173
52532000,955.18677,11.785339
52628000,955.2528,11.787506
52724000,955.261,11.789673
52820000,955.30725,11.791779
52940000,955.35,11.794373
53036000,955.4145,11.796387
53132000,955.4294,11.798401
53228000,955.4655,11.800476
53324000,955.5032,11.802551
53420000,955.5372,11.804596
53540000,955.58435,11.807129
53636000,955.6008,11.809113
53732000,955.6623,11.811066
53828000,955.67706,11.813019
53924000,955.71106,11.814911
54020000,955.74304,11.816803
54140000,955.8017,11.819153
54236000,955.8137,11.820984
54332000,955.8786,11.822784
54428000,955.8775,11.8246155
54524000,955.92535,11.8263855
54620000,955.93787,11.8281555
54716000,955.9988,11.829926
54836000,956.02356,11.832062
54932000,956.0548,11.83371
55028000,956.0954,11.835327
55124000,956.11334,11.836945
55220000,956.15466,11.838593
55340000,956.19116,11.840759
55436000,956.1916,11.842529
55532000,956.2155,11.844299
55628000,956.2665,11.846069
55724000,956.3072,11.847809
55820000,956.3249,11.849548
55940000,956.36194,11.851654
56036000,956.38464,11.853302
56132000,956.43616,11.854919
56228000,956.4504,11.856628
56324000,956.4873,11.858398
56420000,956.5177,11.860199
56540000,956.57404,11.862488
56636000,956.59186,11.864288
56732000,956.6406,11.866089
56828000,956.6724,11.867889
56924000,956.679,11.869629
57020000,956.72284,11.871307
57140000,956.7579,11.873413
57236000,956.7831,11.875122
57332000,956.81866,11.876923
57428000,956.84094,11.878754
57524000,956.8799,11.880646
57620000,956.9071,11.882507
57740000,956.94727,11.884827
57836000,956.9777,11.886658
57932000,957.0183,11.888428
58028000,957.0472,11.890137
58124000,957.0634,11.891785
58220000,957.0991,11.893494
58340000,957.1426,11.895721
58436000,957.1738,11.897583
58532000,957.20953,11.899475
58628000,957.23505,11.901398
58724000,957.2898,11.90329
58820000,957.3092,11.905182
58940000,957.35004,11.90744
59036000,957.39746,11.90918
59132000,957.4324,11.910889
59228000,957.442,11.912598
59324000,957.4792,11.914398
59420000,957.50287,11.91626
59540000,957.5451,11.918671
59636000,957.5928,11.920654
59732000,957.62164,11.922607
59828000,957.6449,11.92453
59924000,957.70374,11.926422
60020000,957.715,11.928223
60140000,957.75793,11.93042
60236000,957.79315,11.93219
60332000,957.8277,11.934021
60428000,957.85956,11.935913
60524000,957.892,11.937866
60620000,957.9144,11.93985
60740000,957.9496,11.942352
60836000,958.0017,11.944336
60931999,958.0445,11.946228
61052000,958.08154,11.948517
61148000,958.09906,11.950317
61244000,958.13873,11.952087
61339999,958.1544,11.953949
61436000,958.1835,11.955872
61556000,958.2743,11.9583435
61651999,958.2785,11.960358
61772000,958.33185,11.962891
61868000,958.37006,11.964874
61964000,958.4212,11.966827
62059999,958.45404,11.968658
62180000,958.47766,11.970917
62276000,958.5201,11.972748
62372000,958.54144,11.97464
62467999,958.56714,11.976593
62588000,958.625,11.979126
62684000,958.6583,11.981171
62779999,958.6838,11.983215
62900000,958.72687,11.985748
62996000,958.76886,11.987701
63092000,958.8033,11.989563
63187999,958.83685,11.991425
63308000,958.8813,11.993744
63404000,958.9045,11.995697
63500000,958.9364,11.997681
63595999,958.9836,11.999725
63716000,959.0185,12.002319
63812000,959.05554,12.004364
63908000,959.1008,12.006409
64004000,959.1513,12.008362
64100000,959.1759,12.010254
64196000,959.2142,12.012085
64316000,959.24615,12.014435
64412000,959.28253,12.016388
64508000,959.312,12.018372
64604000,959.33826,12.020325
64700000,959.38055,12.022217
64796000,959.4085,12.023956
64916000,959.4386,12.02597
65012000,959.4671,12.027405
65112000,959.50934,12.028748
65204000,959.51544,12.029968
65300000,959.54083,12.031128
65396000,959.5629,12.032196
65516000,959.59656,12.033447
65612000,959.60114,12.034393
65708000,959.6147,12.035278
65804000,959.6316,12.036133
65900000,959.6345,12.036926
66000000,959.6586,12.03772
66116000,959.675,12.038635
66212000,959.695,12.039368
66308000,959.7012,12.0401
66404000,959.7083,12.0407715
66500000,959.7283,12.041473
66596000,959.7314,12.042145
66716000,959.7578,12.042969
66816000,959.7779,12.04361
66908000,959.79083,12.04422
67004000,959.77386,12.04483
67100000,959.795,12.04541
67196000,959.80206,12.04599
67316000,959.81335,12.046661
67412000,959.8318,12.047211
67508000,959.8218,12.0477295
67608000,959.8637,12.048218
67700000,959.8609,12.048706
67796000,959.88873,12.049194
67916000,959.8699,12.049774
68012000,959.87415,12.050262
68108000,959.91,12.05069
68204000,959.89813,12.051147
68300000,959.8979,12.051605
68396000,959.9256,12.052032
68516000,959.91144,12.052582
68616000,959.92194,12.053009
68708000,959.92285,12.053467
68804000,959.9449,12.053894
68900000,959.9492,12.054321
68996000,959.95233,12.054779
69092000,959.96454,12.055206
69212000,959.9699,12.055756
69308000,959.9705,12.056183
69404000,959.99585,12.056641
69500000,960.00903,12.057068
69596000,960.01404,12.057495
69716000,960.0212,12.058044
69812000,960.033,12.058472
69908000,960.04407,12.058899
70004000,960.0567,12.059326
70100000,960.0396,12.059753
70196000,960.06476,12.060181
70316000,960.059,12.060699
70412000,960.0863,12.061127
70508000,960.05383,12.061523
70604000,960.11676,12.061951
70700000,960.07886,12.062347
70800000,960.12177,12.062744
70916000,960.1154,12.063232
71012000,960.1199,12.063599
71108000,960.1201,12.063995
71204000,960.1417,12.064362
71300000,960.13226,12.064728
71396000,960.1418,12.065063
71516000,960.1482,12.065491
71612000,960.1519,12.065826
71708000,960.158,12.066162
71804000,960.14874,12.066467
71900000,960.18054,12.066772
71996000,960.1687,12.067078
72116000,960.17615,12.067444
72212000,960.1885,12.0677185
72308000,960.17883,12.067993
72404000,960.18945,12.068268
72500000,960.19727,12.068512
72596000,960.18915,12.068756
72716000,960.20734,12.069061
72812000,960.2102,12.069305
72908000,960.22644,12.069519
73004000,960.2264,12.069733
73100000,960.21344,12.069946
73196000,960.2247,12.070129
73316000,960.2399,12.070374
73412000,960.24976,12.070587
73508000,960.257,12.07074
73604000,960.2591,12.070923
73700000,960.26624,12.071106
73796000,960.2459,12.071259
73916000,960.2657,12.071472
74012000,960.27075,12.071625
74108000,960.2794,12.071747
74204000,960.28107,12.071899
74304000,960.2626,12.072052
74396000,960.2791,12.072174
74516000,960.2827,12.072357
74612000,960.2746,12.072479
74708000,960.2797,12.072601
74804000,960.27203,12.072723
74900000,960.27734,12.072815
74996000,960.28864,12.072937
75092000,960.28906,12.073059
75212000,960.28094,12.073181
75308000,960.30585,12.073303
75404000,960.28625,12.073395
75500000,960.2836,12.073486
75596000,960.297,12.073608
75692000,960.29034,12.07373
75812000,960.29144,12.073853
75908000,960.3,12.073944
76004000,960.293,12.074036
76100000,960.31305,12.074127
76196000,960.3003,12.074219
76316000,960.28394,12.074341
76412000,960.32404,12.074402
76508000,960.3095,12.074463
76604000,960.3059,12.074493
76700000,960.3235,12.074524
76796000,960.3011,12.074554
76916000,960.3085,12.074585
77012000,960.29895,12.074554
77108000,960.2998,12.074554
77204000,960.30707,12.074524
77300000,960.3282,12.074524
77396000,960.30786,12.074524
77492000,960.3154,12.074524
77612000,960.3005,12.074554
77712000,960.3274,12.0746155
77804000,960.30676,12.074646
77900000,960.3078,12.074707
77996000,960.30255,12.074738
78116000,960.3001,12.074707
78212000,960.31,12.074646
78308000,960.3206,12.074524
78404000,960.31165,12.074371
78500000,960.3142,12.074219
78596000,960.2919,12.074066
78716000,960.2989,12.073853
78812000,960.3037,12.0737
78908000,960.29816,12.073547
79004000,960.28937,12.073395
79100000,960.2905,12.073242
79200000,960.2949,12.07312
79316000,960.2857,12.072937
79412000,960.2869,12.072815
79508000,960.26984,12.072723
79604000,960.2635,12.072601
79700000,960.2718,12.07251
79796000,960.2618,12.072449
79916000,960.2755,12.072388
80012000,960.27246,12.072357
80108000,960.2707,12.072357
80204000,960.2668,12.072357
80300000,960.27094,12.072418
80396000,960.2789,12.072479
80516000,960.2663,12.072571
80612000,960.2847,12.072693
80708000,960.26855,12.072845
80804000,960.2835,12.072998
80900000,960.2895,12.073181
80996000,960.2803,12.073395
81116000,960.2959,12.073669
81212000,960.2885,12.073883
81308000,960.29614,12.074127
81404000,960.295,12.074371
81500000,960.3146,12.0746155
81596000,960.3142,12.07486
81716000,960.3206,12.075165
81812000,960.3159,12.075378
81908000,960.33624,12.075592
82004000,960.3319,12.075775
82100000,960.34467,12.075928
82196000,960.3402,12.07605
82316000,960.3537,12.076202
82412000,960.3415,12.076263
82508000,960.3419,12.076324
82604000,960.3485,12.076324
82700000,960.33356,12.076355
82796000,960.3251,12.076324
82916000,960.32623,12.076294
83012000,960.3403,12.076263
83108000,960.3406,12.076233
83204000,960.34875,12.076172
83300000,960.3609,12.076141
83396000,960.34393,12.07608
83516000,960.3149,12.07605
83612000,960.334,12.076019
83708000,960.3239,12.076019
83804000,960.3492,12.075989
83900000,960.3312,12.075989
83996000,960.3305,12.076019
84116000,960.3308,12.07605
84212000,960.3475,12.07608
84308000,960.33795,12.076141
84408000,960.3493,12.076202
84500000,960.34656,12.076294
84596000,960.32574,12.0763855
84716000,960.352,12.076508
84812000,960.33344,12.07663
84908000,960.33844,12.076782
85004000,960.36584,12.076904
85100000,960.3528,12.077087
85196000,960.353,12.07724
85316000,960.35223,12.077484
85412000,960.37555,12.077667
85508000,960.3562,12.077881
85604000,960.38086,12.0780945
85700000,960.36646,12.078308
85796000,960.386,12.078522
85916000,960.40826,12.078766
86012000,960.3944,12.0789795
86108000,960.4074,12.079163
86204000,960.40265,12.079346
86300000,960.38434,12.079498
86396000,960.4094,12.079651
86516000,960.4093,12.079803
86612000,960.42413,12.079895
86708000,960.40405,12.079987
86804000,960.3938,12.080048
86900000,960.3864,12.080078
86996000,960.3996,12.080078
87116000,960.3985,12.080078
87212000,960.4164,12.080017
87308000,960.40625,12.079956
87404000,960.39764,12.079895
87500000,960.39386,12.079803
87596000,960.4119,12.079712
87716000,960.39685,12.07959
87812000,960.39404,12.079498
87908000,960.40985,12.079376
88004000,960.38184,12.079285
88100000,960.4109,12.079193
88196000,960.37823,12.079132
88316000,960.39276,12.079041
88412000,960.38885,12.0789795
88508000,960.39954,12.078949
88604000,960.3909,12.078918
88700000,960.38153,12.078918
88796000,960.3762,12.078949
88892000,960.38684,12.0789795
89012000,960.36945,12.07901
89108000,960.3942,12.079102
89204000,960.3956,12.079163
89300000,960.4004,12.079285
89396000,960.3729,12.079407
89516000,960.39984,12.07959
89612000,960.41785,12.079742
89708000,960.41016,12.079926
89804000,960.42065,12.080109
89900000,960.4255,12.080322
89996000,960.41797,12.080536
90116000,960.42535,12.080811
90212000,960.42725,12.081024
90308000,960.43146,12.081268
90408000,960.43115,12.081482
90500000,960.4262,12.081726
90600000,960.4501,12.08194
90692000,960.44147,12.082153
90812000,960.44434,12.082428
90908000,960.4485,12.082611
91004000,960.45685,12.082764
91100000,960.454,12.082916
91196000,960.4577,12.083038
91316000,960.4602,12.08313
91416000,960.4617,12.083221
91508000,960.45996,12.083252
91604000,960.4734,12.083252
91700000,960.45734,12.083252
91800000,960.44824,12.083221
91892000,960.47125,12.08316
92012000,960.45795,12.083069
92108000,960.4471,12.082947
92204000,960.45245,12.082855
92300000,960.47797,12.082733
92396000,960.4502,12.082611
92492000,960.45087,12.0824585
92616000,960.46216,12.082306
92708000,960.42914,12.082184
92804000,960.4481,12.082062
92900000,960.4716,12.08194
92996000,960.4418,12.081848
93116000,960.44836,12.081726
93212000,960.42395,12.081665
93308000,960.4393,12.0815735
93404000,960.4389,12.081543
93500000,960.4247,12.081512
93596000,960.4459,12.081482
93716000,960.4498,12.081482
93812000,960.4292,12.081512
93908000,960.4396,12.081543
94004000,960.42,12.0815735
94100000,960.4317,12.081665
94196000,960.4381,12.081726
94316000,960.44,12.081848
94412000,960.43005,12.08197
94508000,960.4507,12.082092
94604000,960.43787,12.082245
94700000,960.4445,12.082397
94796000,960.4374,12.08255
94916000,960.44464,12.082733
95012000,960.45654,12.082916
95108000,960.4692,12.083069
95204000,960.4509,12.083252
95300000,960.467,12.083405
95396000,960.4844,12.083557
95516000,960.4828,12.08374
95612000,960.4605,12.083862
95708000,960.48254,12.083984
95804000,960.4713,12.084045
95900000,960.4864,12.084137
95996000,960.4904,12.0841675
96116000,960.4824,12.0841675
96216000,960.4798,12.0841675
96308000,960.4798,12.084137
96404000,960.48834,12.084076
96500000,960.4822,12.083984
96596000,960.4702,12.083893
96692000,960.4794,12.083771
96812000,960.4613,12.083588
96908000,960.46936,12.083435
97004000,960.44055,12.083252
97100000,960.45483,12.083099
97200000,960.4521,12.082916
97316000,960.44434,12.082703
97412000,960.4337,12.08255
97508000,960.44257,12.082397
97604000,960.46594,12.082245
97700000,960.4556,12.082092
97796000,960.43207,12.08197
97916000,960.43036,12.081818
98012000,960.4281,12.081726
98108000,960.4348,12.081665
98204000,960.43256,12.081604
98300000,960.4439,12.081543
98396000,960.4253,12.081512
98516000,960.43256,12.081512
98612000,960.43414,12.081512
98708000,960.44305,12.081543
98804000,960.44977,12.0815735
98900000,960.4304,12.0816345
98996000,960.449,12.081726
99116000,960.46765,12.081848
99212000,960.4492,12.08194
99308000,960.4343,12.082062
99404000,960.4437,12.082184
99500000,960.4389,12.082336
99596000,960.4463,12.082489
99716000,960.4629,12.082672
99812000,960.46545,12.082855
99908000,960.46375,12.083008
100004000,960.4581,12.08316
100100000,960.46155,12.083313
100196000,960.4689,12.083466
100316000,960.49097,12.083618
100412000,960.4747,12.08371
100508000,960.47186,12.083832
100604000,960.47906,12.083893
100700000,960.47076,12.083954
100796000,960.4661,12.083984
100916000,960.4806,12.083984
101012000,960.4771,12.083954
101108000,960.4789,12.083893
101204000,960.4792,12.083832
101300000,960.4855,12.08374
101396000,960.465,12.083618
101516000,960.46576,12.083435
101612000,960.47614,12.083282
101708000,960.45514,12.08313
101804000,960.472,12.082947
101900000,960.44855,12.082764
101996000,960.44446,12.082581
102116000,960.43823,12.082367
102212000,960.4388,12.082184
102312000,960.4538,12.082001
102404000,960.4251,12.081818
102504000,960.4255,12.081665
102596000,960.4348,12.081512
102716000,960.4349,12.08136
102812000,960.4196,12.081238
102908000,960.4075,12.081146
103004000,960.4169,12.081055
103100000,960.41943,12.080963
103196000,960.43176,12.080902
103316000,960.4303,12.080841
103412000,960.41113,12.080811
103508000,960.4172,12.080811
103604000,960.40375,12.080811
103704000,960.4223,12.080841
103796000,960.41943,12.080902
103916000,960.43274,12.080963
104012000,960.4197,12.081055
104108000,960.4181,12.081116
104204000,960.43756,12.081238
104300000,960.4245,12.081329
104396000,960.4211,12.081451
104516000,960.4427,12.081604
104612000,960.4162,12.081757
104708000,960.4337,12.081879
104808000,960.45325,12.082031
104900000,960.4322,12.082153
104996000,960.4465,12.082275
105116000,960.4446,12.082428
105216000,960.464,12.08252
105308000,960.4583,12.082611
105404000,960.4727,12.082703
105500000,960.45496,12.082764
105596000,960.4624,12.082794
105716000,960.4403,12.082794
105812000,960.44824,12.082794
105908000,960.466,12.082733
106008000,960.4521,12.082672
106100000,960.4485,12.082611
106196000,960.4622,12.082489
106316000,960.43225,12.082336
106412000,960.4346,12.082214
106508000,960.43256,12.082062
106604000,960.4374,12.081879
106700000,960.4409,12.081696
106796000,960.4318,12.081512
106916000,960.4156,12.081299
107012000,960.4166,12.081116
107108000,960.43567,12.081024
107204000,960.4164,12.081055
107300000,960.4371,12.081116
107396000,960.4306,12.081268
107492000,960.4492,12.08136
107612000,960.43317,12.081482
107708000,960.4333,12.081543
107804000,960.43365,12.0816345
107900000,960.43335,12.081726
108000000,960.4295,12.081879
108116000,960.44653,12.082123
108216000,960.4466,12.082306
108308000,960.46484,12.08255
108404000,960.4502,12.082794
108500000,960.44855,12.083038
108596000,960.4462,12.083313
108716000,960.46906,12.083679
108816000,960.488,12.083954
108908000,960.4964,12.084259
109004000,960.47925,12.084564
109100000,960.48175,12.084869
109196000,960.48956,12.085175
109316000,960.49585,12.085571
109412000,960.5098,12.085876
109508000,960.5081,12.086151
109604000,960.52576,12.086426
109700000,960.52435,12.0867
109796000,960.5308,12.086945
109916000,960.5263,12.08725
110012000,960.5319,12.087494
110108000,960.5529,12.0877075
110204000,960.5398,12.087921
110304000,960.54156,12.088135
110396000,960.5611,12.088318
110492000,960.5524,12.0885315
110612000,960.56683,12.088745
110708000,960.5756,12.088898
110804000,960.56805,12.08905
110900000,960.5653,12.089203
110996000,960.5751,12.089294
111116000,960.5793,12.089386
111212000,960.5533,12.0894165
111308000,960.56964,12.0894165
111404000,960.55597,12.089386
111500000,960.5626,12.089325
111596000,960.5534,12.089233
111716000,960.5643,12.08905
111812000,960.5774,12.088867
111908000,960.5742,12.088623
112004000,960.55695,12.088379
112100000,960.5673,12.088104
112196000,960.531,12.08783
112316000,960.5474,12.087433
112412000,960.5286,12.087097
112508000,960.52686,12.086731
112604000,960.5065,12.086365
112700000,960.5141,12.085999
112796000,960.5048,12.085632
112916000,960.48663,12.085175
113012000,960.5036,12.084808
113108000,960.4947,12.084473
113204000,960.48724,12.084106
113300000,960.4638,12.083771
113396000,960.4764,12.083435
113516000,960.4506,12.083038
113612000,960.44,12.082733
113708000,960.4664,12.082428
113804000,960.4476,12.082153
113900000,960.4427,12.081879
113996000,960.42975,12.0816345
114116000,960.4109,12.081329
114212000,960.4223,12.081116
114312000,960.42474,12.080902
114404000,960.4286,12.080688
114500000,960.406,12.080505
114596000,960.4043,12.080353
114716000,960.4075,12.080139
114812000,960.41376,12.079987
114908000,960.38794,12.0798645
115004000,960.417,12.079742
115100000,960.41113,12.07962
115196000,960.38934,12.079529
115316000,960.40356,12.079407
115412000,960.4287,12.079315
115508000,960.41943,12.079254
115604000,960.38367,12.079193
115700000,960.39453,12.079132
115796000,960.37836,12.079071
115916000,960.3724,12.07901
116012000,960.3781,12.0789795
116108000,960.3831,12.078949
116204000,960.38214,12.078918
116304000,960.3891,12.078888
116396000,960.3838,12.078888
116516000,960.3904,12.078857
116612000,960.3859,12.078857
116708000,960.39935,12.078857
116804000,960.38324,12.078827
116900000,960.3929,12.078827
116996000,960.3817,12.078827
117116000,960.36334,12.078827
117216000,960.381,12.078827
117308000,960.3703,12.078827
117404000,960.4041,12.078827
117504000,960.37787,12.078827
117596000,960.39734,12.078827
117692000,960.39044,12.078827
117812000,960.3817,12.078827
117908000,960.3799,12.078857
118008000,960.38226,12.078857
118100000,960.37067,12.078857
118196000,960.3813,12.078857
118316000,960.3788,12.078857
118412000,960.3969,12.078857
118508000,960.3849,12.078857
118604000,960.38855,12.078857
118700000,960.38934,12.078857
118796000,960.3763,12.078857
118892000,960.38586,12.078857
119012000,960.3778,12.078888
119108000,960.37933,12.078888
119204000,960.3898,12.078888
119300000,960.40405,12.078888
119396000,960.38257,12.078918
119516000,960.4106,12.078918
119612000,960.39575,12.078918
119708000,960.37616,12.078918
119804000,960.3714,12.078949
119900000,960.3775,12.078949
119996000,960.37537,12.078949
120116000,960.3955,12.078949
120212000,960.3813,12.078949
120308000,960.3777,12.0789795
120404000,960.39496,12.0789795
120500000,960.3949,12.0789795
120596000,960.37317,12.0789795
120692000,960.3865,12.0789795
120812000,960.3873,12.0789795
120908000,960.3926,12.0789795
121004000,960.4055,12.0789795
121100000,960.3924,12.0789795
121196000,960.38354,12.07901
121316000,960.3988,12.07901
121412000,960.3862,12.07901
121508000,960.383,12.07901
121608000,960.3966,12.07901
121700000,960.3693,12.07901
121796000,960.3801,12.079041
121916000,960.3917,12.079041
122012000,960.38745,12.079041
122108000,960.3665,12.079071
122204000,960.38434,12.079102
122304000,960.3958,12.079132
122400000,960.4042,12.079163
122492000,960.37335,12.079193
122612000,960.4078,12.079224
122708000,960.3888,12.079254
122804000,960.37646,12.079315
122900000,960.3855,12.079376
122996000,960.38214,12.079437
123092000,960.39044,12.079498
123212000,960.4057,12.079559
123308000,960.3996,12.07959
123404000,960.39624,12.07959
123500000,960.3888,12.079529
123596000,960.36865,12.079468
123716000,960.3895,12.079407
123816000,960.40204,12.079407
123908000,960.3859,12.079468
124008000,960.40796,12.079529
124100000,960.40155,12.07962
124196000,960.38794,12.079773
124292000,960.4131,12.079926
124412000,960.42944,12.0802
124508000,960.4225,12.080414
124604000,960.4219,12.080688
124700000,960.4122,12.080994
124796000,960.4203,12.081299
124915999,960.4333,12.081696
125012000,960.4489,12.082031
125108000,960.44507,12.082397
125204000,960.4515,12.082764
125324000,960.4415,12.083191
125420000,960.4814,12.083557
125516000,960.4878,12.083923
125611999,960.47266,12.08429
125707999,960.4703,12.084656
125828000,960.5127,12.085114
125927999,960.5068,12.085449
126020000,960.49915,12.085785
126116000,960.53217,12.086121
126236000,960.5095,12.086517
126336000,960.5126,12.086853
126427999,960.5448,12.087158
126524000,960.52203,12.087494
126620000,960.53265,12.087799
126740000,960.5371,12.088226
126836000,960.5621,12.0885315
126932000,960.5822,12.088867
127032000,960.5636,12.089203
127123999,960.565,12.089539
127243999,960.5581,12.089935
127340000,960.5919,12.0902405
127436000,960.5914,12.090576
127532000,960.61426,12.090881
127652000,960.5969,12.091278
127748000,960.6049,12.091583
127843999,960.61224,12.091858
127939999,960.6109,12.092133
128036000,960.6388,12.092407
128132000,960.6183,12.092682
128252000,960.6406,12.092987
128348000,960.62286,12.093231
128444000,960.6433,12.093445
128544000,960.66376,12.093689
128659999,960.65137,12.093933
128755999,960.64484,12.094147
128852000,960.662,12.09433
128948000,960.6542,12.094482
129044000,960.66473,12.094666
129168000,960.67365,12.094849
129260000,960.67285,12.094971
129360000,960.7002,12.095093
129451999,960.671,12.095215
129572000,960.67883,12.095306
129668000,960.6948,12.095398
129764000,960.6808,12.095459
129860000,960.6722,12.0954895
129980000,960.6951,12.095551
130076000,960.6689,12.095581
130171999,960.6762,12.095581
130268000,960.6865,12.095581
130364000,960.71014,12.095581
130484000,960.6899,12.095551
130584000,960.6786,12.09552
130676000,960.6881,12.095459
130772000,960.66864,12.095428
130872000,960.67413,12.095367
130988000,960.66925,12.095306
131088000,960.6971,12.095245
131180000,960.689,12.095154
131276000,960.6925,12.095093
131372000,960.65594,12.095001
131468000,960.67645,12.09494
131588000,960.67224,12.094818
131684000,960.66864,12.094757
131780000,960.6851,12.094666
131876000,960.67285,12.094574
131972000,960.6733,12.094482
132072000,960.6646,12.094391
132188000,960.653,12.094299
132284000,960.6725,12.094208
132380000,960.66296,12.094147
132476000,960.6734,12.094055
132572000,960.63824,12.093964
132668000,960.6717,12.093903
132788000,960.6571,12.0937805
132884000,960.6528,12.0937195
132984000,960.64984,12.093628
133076000,960.6552,12.093567
133172000,960.6483,12.093475
133268000,960.63763,12.093414
133388000,960.6574,12.093323
133484000,960.6593,12.093262
133580000,960.62805,12.09317
133676000,960.6364,12.093109
133772000,960.64374,12.093048
133868000,960.6303,12.092987
133988000,960.6339,12.0928955
134084000,960.6204,12.092834
134180000,960.6335,12.092773
134280000,960.6224,12.092712
134376000,960.63745,12.092621
134468000,960.6109,12.09256
134588000,960.62366,12.092499
134684000,960.6117,12.092438
134780000,960.6199,12.092346
134880000,960.61896,12.092285
134976000,960.6189,12.092224
135068000,960.61646,12.092163
135188000,960.6192,12.092072
135284000,960.61835,12.0920105
135380000,960.62335,12.091949
135476000,960.6193,12.091888
135572000,960.612,12.091827
135668000,960.61957,12.091736
135788000,960.5911,12.091644
135884000,960.61444,12.091583
135980000,960.615,12.091522
136080000,960.62036,12.091461
136176000,960.61847,12.09137
136268000,960.6144,12.091309
136364000,960.60803,12.091217
136484000,960.58636,12.0911255
136580000,960.619,12.091064
136676000,960.6061,12.091003
136772000,960.6058,12.090912
136868000,960.58374,12.09082
136964000,960.61206,12.090759
137084000,960.606,12.090668
137180000,960.5812,12.090576
137276000,960.5903,12.090485
137372000,960.5935,12.090424
137468000,960.5844,12.090332
137588000,960.5735,12.0902405
137688000,960.5812,12.090149
137780000,960.60547,12.090088
137876000,960.5765,12.089996
137976000,960.5614,12.089905
138068000,960.5941,12.089844
138168000,960.58484,12.089752
138284000,960.5659,12.089661
138380000,960.56116,12.089569
138480000,960.5759,12.089478
138572000,960.5798,12.0894165
138668000,960.5646,12.089325
138788000,960.5706,12.089233
138884000,960.56555,12.089142
138980000,960.56177,12.08905
139076000,960.5779,12.088989
139172000,960.5556,12.088898
139268000,960.5477,12.088806
139388000,960.57855,12.088715
139484000,960.5698,12.088623
139580000,960.5533,12.088562
139676000,960.54144,12.08847
139772000,960.5545,12.088409
139872000,960.5473,12.088318
139988000,960.53503,12.088226
140084000,960.54425,12.088135
140180000,960.5586,12.088074
140276000,960.55316,12.087982
140372000,960.5371,12.087891
140468000,960.55554,12.08783
140564000,960.5359,12.087738
140684000,960.5343,12.0876465
140780000,960.5205,12.087555
140876000,960.5333,12.087494
140972000,960.5483,12.087402
141068000,960.5266,12.087341
141164000,960.5319,12.08725
141284000,960.529,12.087158
141384000,960.5204,12.087067
141476000,960.5374,12.087006
141572000,960.5338,12.086914
141668000,960.53296,12.0868225
141764000,960.53156,12.086761
141884000,960.53577,12.08667
141984000,960.52795,12.086578
142080000,960.5212,12.086517
142172000,960.513,12.086426
142268000,960.5199,12.086365
142388000,960.50586,12.086273
142488000,960.5089,12.086182
142580000,960.51117,12.086121
142676000,960.5087,12.08606
142772000,960.52484,12.085968
142868000,960.51996,12.085907
142988000,960.50116,12.085815
143084000,960.5149,12.085754
143180000,960.5004,12.085693
143276000,960.5068,12.085632
143372000,960.5082,12.085571
143468000,960.50336,12.08551
143588000,960.49554,12.085449
143684000,960.49615,12.085388
143780000,960.4998,12.085327
143876000,960.50684,12.085266
143976000,960.4973,12.085205
144072000,960.50757,12.085144
144188000,960.5154,12.085083
144284000,960.478,12.085022
144380000,960.4835,12.084991
144476000,960.5006,12.08493
144576000,960.4964,12.084869
144668000,960.49756,12.084808
144788000,960.4967,12.084747
144884000,960.497,12.084717
144980000,960.4863,12.084656
145080000,960.4903,12.084595
145172000,960.48175,12.084564
145268000,960.5001,12.084503
145364000,960.49915,12.084473
145488000,960.47906,12.084412
145580000,960.4848,12.084351
145676000,960.46045,12.08432
145772000,960.4861,12.08429
145868000,960.4786,12.0842285
145988000,960.48444,12.0841675
146084000,960.4622,12.084137
146180000,960.48694,12.084106
146276000,960.4679,12.084045
146372000,960.46576,12.084015
146468000,960.47107,12.083984
146564000,960.4791,12.083923
146684000,960.473,12.083893
146780000,960.48956,12.083862
146876000,960.48395,12.083801
146972000,960.48474,12.083771
147068000,960.4859,12.08374
147164000,960.46405,12.08371
147284000,960.4702,12.083649
147380000,960.46655,12.083618
147480000,960.4622,12.083588
147572000,960.47797,12.083557
147668000,960.4792,12.083527
147788000,960.463,12.083466
147884000,960.4516,12.083435
147984000,960.4694,12.083405
148076000,960.4654,12.083374
148172000,960.4622,12.0833435
148268000,960.46387,12.083313
148388000,960.4689,12.083282
148484000,960.4643,12.083282
148580000,960.4587,12.083252
148676000,960.44977,12.083221
148772000,960.4616,12.083221
148868000,960.46454,12.083221
148988000,960.4647,12.083282
149084000,960.4717,12.083435
149180000,960.4713,12.08371
149276000,960.48816,12.084137
149372000,960.478,12.084625
149468000,960.4961,12.085266
149588000,960.5286,12.086121
149684000,960.50793,12.086914
149780000,960.54297,12.087738
149876000,960.5643,12.088654
149976000,960.5651,12.0896
150068000,960.59735,12.090607
150188000,960.62805,12.091949
150284000,960.6218,12.093079
150380000,960.6341,12.094238
150480000,960.687,12.0954895
150572000,960.7041,12.096741
150672000,960.7153,12.098053
150788000,960.7529,12.099731
150884000,960.79535,12.101105
150980000,960.8056,12.102509
151080000,960.8379,12.103912
151172000,960.86224,12.105347
151268000,960.87164,12.106781
151388000,960.89777,12.108551
151484000,960.9325,12.109955
151580000,960.93756,12.111359
151680000,961.012,12.112732
151772000,961.02374,12.114075
151868000,961.02734,12.115387
151964000,961.0413,12.116669
152084000,961.0673,12.118225
152180000,961.1162,12.119415
152276000,961.1278,12.120575
152372000,961.1572,12.121674
152468000,961.16296,12.122772
152588000,961.17847,12.124054
152684000,961.1992,12.1250305
152780000,961.2218,12.125977
152876000,961.23,12.126892
152972000,961.25116,12.127777
153068000,961.25696,12.128601
153188000,961.2881,12.129639
153284000,961.2946,12.130402
153380000,961.3137,12.131165
153476000,961.3096,12.1319275
153576000,961.3228,12.13266
153668000,961.3594,12.133423
153788000,961.36865,12.134338
153884000,961.38794,12.135071
153980000,961.3935,12.135834
154080000,961.3919,12.136597
154172000,961.41125,12.13736
154268000,961.4097,12.138123
154388000,961.46576,12.13913
154484000,961.488,12.139954
154584000,961.48474,12.140808
154676000,961.4733,12.141693
154776000,961.51715,12.142578
154868000,961.5187,12.143494
154964000,961.5322,12.14444
155088000,961.57,12.14566
155180000,961.5893,12.1466675
155280000,961.6112,12.147705
155372000,961.61884,12.148743
155472000,961.6349,12.149811
155588000,961.68964,12.151184
155688000,961.6912,12.152313
155780000,961.7286,12.153442
155876000,961.7334,12.154572
155972000,961.75586,12.155731
156068000,961.7754,12.156891
156168000,961.75824,12.158051
156284000,961.823,12.159515
156380000,961.83264,12.160706
156476000,961.86914,12.161865
156576000,961.8826,12.163025
156668000,961.8992,12.164154
156764000,961.9149,12.165314
156888000,961.9404,12.166718
156980000,961.9574,12.167816
157080000,961.96204,12.168915
157172000,961.9926,12.170013
157272000,962.00507,12.171082
157388000,962.0385,12.172394
157488000,962.0688,12.173401
157580000,962.0721,12.174408
157676000,962.10693,12.175415
157772000,962.10187,12.176392
157868000,962.1501,12.177338
157988000,962.1491,12.178528
158084000,962.1518,12.179443
158180000,962.19543,12.180359
158276000,962.1984,12.181274
158372000,962.21466,12.182159
158468000,962.24756,12.183044
158588000,962.24927,12.184143
158664000,962.2479,12.184814
158780000,962.27185,12.185883
158876000,962.3085,12.186768
158972000,962.3341,12.187622
159068000,962.3217,12.188507
159168000,962.3404,12.189392
159284000,962.3633,12.190491
159380000,962.37115,12.191376
159480000,962.4199,12.192291
159572000,962.40643,12.193176
159668000,962.4227,12.194122
159764000,962.434,12.195038
159884000,962.47217,12.1961975
159980000,962.4719,12.197174
160076000,962.5053,12.19812
160172000,962.5263,12.199097
160268000,962.52826,12.200104
160364000,962.54,12.20108
160484000,962.5657,12.202362
160580000,962.5685,12.203369
160676000,962.5921,12.204407
160776000,962.6265,12.205414
160868000,962.65045,12.206451
160964000,962.66815,12.20752
161084000,962.6879,12.208832
161180000,962.70404,12.209869
161276000,962.7186,12.2109375
161372000,962.7381,12.211975
161468000,962.75464,12.213043
161568000,962.7804,12.214081
161684000,962.80444,12.215393
161780000,962.8292,12.216431
161880000,962.84076,12.217468
161976000,962.87305,12.218506
162068000,962.8823,12.219543
162188000,962.9018,12.220795
162284000,962.9237,12.221802
162384000,962.9297,12.222809
162480000,962.9382,12.223816
162572000,962.98254,12.2247925
162668000,962.9939,12.225769
162764000,962.9996,12.226715
162884000,963.0356,12.227936
162980000,963.042,12.228882
163076000,963.06946,12.229828
163172000,963.0779,12.230774
163268000,963.08777,12.231689
163388000,963.1145,12.23288
163484000,963.1408,12.233795
163580000,963.1671,12.234711
163680000,963.17694,12.235657
163776000,963.1784,12.236572
163868000,963.201,12.237488
163988000,963.22504,12.238647
164084000,963.2264,12.239563
164184000,963.26575,12.2404785
164280000,963.2651,12.241394
164372000,963.27576,12.24234
164472000,963.30676,12.243256
164588000,963.30615,12.244415
164688000,963.3295,12.245361
164780000,963.3574,12.246307
164876000,963.36584,12.247253
164976000,963.41113,12.248199
165068000,963.4025,12.2491455
165188000,963.4365,12.250336
165284000,963.446,12.251312
165384000,963.4747,12.252258
165476000,963.4761,12.253235
165576000,963.48975,12.254211
165668000,963.5274,12.255188
165764000,963.53503,12.256165
165884000,963.564,12.257385
165984000,963.57104,12.258362
166080000,963.5753,12.259338
166172000,963.6044,12.260315
166268000,963.612,12.2612915
166388000,963.6349,12.262512
166484000,963.667,12.263489
166584000,963.65436,12.264496
166676000,963.6976,12.265442
166776000,963.69604,12.266418
166868000,963.73755,12.267395
166988000,963.7534,12.268616
167084000,963.7817,12.269592
167180000,963.78076,12.270538
167276000,963.7921,12.271515
167372000,963.81537,12.272461
167472000,963.82495,12.273407
167564000,963.8519,12.274353
167684000,963.86206,12.275543
167784000,963.88873,12.276489
167876000,963.9093,12.277435
167972000,963.9199,12.278381
168068000,963.9471,12.279297
168188000,963.96857,12.280457
168284000,963.97217,12.281403
168380000,963.9787,12.282318
168476000,964.0024,12.283264
168576000,964.0331,12.28418
168668000,964.0448,12.285095
168788000,964.05304,12.286255
168884000,964.0754,12.287201
168980000,964.10754,12.288116
169076000,964.10333,12.289032
169172000,964.1251,12.289978
169268000,964.1452,12.290894
169388000,964.14435,12.292053
169484000,964.1921,12.292969
169580000,964.1949,12.293915
169676000,964.2115,12.29483
169776000,964.2437,12.295776
169868000,964.2484,12.296722
169988000,964.2719,12.297882
170084000,964.28656,12.298828
170184000,964.3056,12.299774
170276000,964.3014,12.30069
170376000,964.32086,12.301636
170468000,964.36664,12.302582
170588000,964.38226,12.303772
170688000,964.3943,12.304718
170780000,964.4158,12.305664
170876000,964.44183,12.30661
170972000,964.42786,12.307556
171068000,964.4459,12.308502
171188000,964.48035,12.309692
171284000,964.5045,12.310638
171380000,964.5143,12.311584
171476000,964.5252,12.3125305
171576000,964.5484,12.313477
171668000,964.5534,12.314423
171788000,964.5843,12.315613
171884000,964.61005,12.316559
171980000,964.6154,12.317535
172076000,964.65643,12.318481
172176000,964.65155,12.3194275
172272000,964.66815,12.320374
172388000,964.67847,12.321564
172484000,964.7004,12.32251
172584000,964.71893,12.323456
172680000,964.77124,12.324371
172772000,964.7654,12.325317
172868000,964.77356,12.326263
172988000,964.781,12.327454
173084000,964.8166,12.328369
173184000,964.8189,12.329315
173276000,964.846,12.330261
173372000,964.8745,12.331177
173468000,964.8866,12.332123
173588000,964.9202,12.333282
173684000,964.9219,12.3342285
173780000,964.922,12.335144
173876000,964.94,12.33609
173972000,964.96375,12.337006
174068000,964.9746,12.337952
174188000,964.9894,12.339111
174284000,965.0188,12.340027
174380000,965.016,12.340942
174476000,965.043,12.341888
174572000,965.0865,12.342804
174672000,965.0888,12.34375
174764000,965.0927,12.344696
174884000,965.13403,12.345856
174980000,965.1408,12.346771
175076000,965.17395,12.347717
175172000,965.16974,12.348663
175268000,965.191,12.349579
175388000,965.21436,12.350739
175488000,965.21387,12.351685
175580000,965.23157,12.352631
175680000,965.2549,12.353546
175772000,965.2708,12.354492
175872000,965.2885,12.355438
175964000,965.3098,12.356384
176084000,965.3265,12.357544
176180000,965.33685,12.35849
176280000,965.3732,12.359436
176376000,965.3862,12.360352
176468000,965.39465,12.361298
176568000,965.41364,12.362244
176684000,965.45013,12.363403
176784000,965.46155,12.364349
176876000,965.4735,12.365295
176972000,965.48114,12.366211
177068000,965.51373,12.367157
177188000,965.50793,12.368317
177284000,965.5361,12.369263
177380000,965.55396,12.370178
177476000,965.56903,12.371124
177572000,965.5904,12.37204
177668000,965.61615,12.372955
177788000,965.61316,12.374115
177884000,965.6293,12.375061
177980000,965.661,12.375977
178080000,965.68225,12.376892
178176000,965.69794,12.377838
178268000,965.69965,12.378754
178364000,965.7222,12.379669
178484000,965.7433,12.380829
178584000,965.769,12.381744
178680000,965.7768,12.38266
178776000,965.80804,12.383575
178872000,965.8048,12.384491
178988000,965.8143,12.385651
179084000,965.84235,12.386566
179180000,965.8522,12.387543
179280000,965.87964,12.388611
179376000,965.9123,12.38974
179472000,965.9113,12.3909
179588000,965.93207,12.392456
179684000,965.97406,12.393707
179784000,966.0009,12.3949585
179880000,966.0328,12.39624
179972000,966.03827,12.397491
180072000,966.0798,12.398773
180168000,966.0894,12.400055
180284000,966.1228,12.401611
180380000,966.1398,12.402863
180480000,966.16406,12.404114
180572000,966.1724,12.404602
180668000,966.1569,12.404602
180764000,966.17145,12.404602
180884000,966.1595,12.404602
180980000,966.16046,12.404602
181076000,966.16425,12.404602
181172000,966.1683,12.404602
181268000,966.19183,12.404602
181364000,966.1684,12.404602
181484000,966.1602,12.404602
181580000,966.16656,12.404602
181676000,966.1739,12.404602
181772000,966.1662,12.404602
181868000,966.1706,12.404602
181964000,966.1532,12.404602
182084000,966.1476,12.404602
182184000,966.18005,12.404602
182276000,966.1631,12.404602
182372000,966.1608,12.404602
182472000,966.17334,12.404602
182588000,966.15265,12.404602
182684000,966.17706,12.404602
182780000,966.1977,12.404602
182876000,966.17084,12.404602
182976000,966.16296,12.404602
183068000,966.1585,12.404602
183164000,966.1504,12.404602
183288000,966.15717,12.404602
183380000,966.15485,12.404602
183476000,966.1649,12.404602
183572000,966.1506,12.404602
183672000,966.1659,12.404602
183768000,966.16766,12.404602
183884000,966.17554,12.404602
183980000,966.17395,12.404602
184076000,966.1709,12.404602
184172000,966.1557,12.404602
184272000,966.1686,12.404602
184368000,966.17633,12.404602
184460000,966.16077,12.404602
184580000,966.17444,12.404602
184676000,966.1706,12.404602
184772000,966.1709,12.404602
184868000,966.16296,12.404602
184988000,966.17456,12.404602
